run_id,timestamp,trip_id,bus_id,distance_km,event,aux_km,headway_sec
1,05:59:58,101,INT-501,0,DEPARTURE,,
1,06:39:51,102,INT-502,0,DEPARTURE,,
1,06:42:21,101,INT-501,12.286,BREAKDOWN,15,
1,06:45:24,101,INT-501,12.286,REPAIRED,15,
1,07:05:53,101,INT-501,20.075,CHECKPOINT,,
1,07:10:36,101,INT-501,22.372,BREAKDOWN,20,
1,07:13:06,101,INT-501,22.372,REPAIRED,20,
1,07:19:44,103,INT-503,0,DEPARTURE,,
1,07:42:44,102,INT-502,20.075,CHECKPOINT,,2210.46
1,07:44:40,101,INT-501,33.912,BREAKDOWN,30,
1,07:52:42,101,INT-501,33.912,REPAIRED,30,
1,07:59:54,104,INT-504,0,DEPARTURE,,
1,08:06:33,101,INT-501,38,ARRIVAL,,
1,08:10:42,102,INT-502,31.852,BREAKDOWN,30,
1,08:10:42,102,INT-502,31.852,REPAIRED,30,
1,08:22:37,103,INT-503,20.075,CHECKPOINT,,2393.28
1,08:29:49,102,INT-502,37.247,BREAKDOWN,30,
1,08:34:15,104,INT-504,9.899,BREAKDOWN,7,
1,08:39:48,105,INT-505,0,DEPARTURE,,
1,08:40:21,104,INT-504,9.899,REPAIRED,7,
1,08:50:19,102,INT-502,37.247,REPAIRED,30,
1,08:53:22,102,INT-502,38,ARRIVAL,,2808.78
1,09:03:54,104,INT-504,18.367,BREAKDOWN,20,
1,09:04:43,104,INT-504,18.367,REPAIRED,20,
1,09:09:43,104,INT-504,20.075,CHECKPOINT,,2825.4
1,09:12:45,103,INT-503,38,ARRIVAL,,1163.4
1,09:19:57,106,INT-506,0,DEPARTURE,,
1,09:42:40,105,INT-505,20.075,CHECKPOINT,,1977.78
1,09:52:05,105,INT-505,23.739,BREAKDOWN,20,
1,09:56:48,105,INT-505,23.739,REPAIRED,20,
1,09:59:51,104,INT-504,38,ARRIVAL,,2825.4
1,10:22:50,106,INT-506,20.075,CHECKPOINT,,2409.9
1,10:29:12,106,INT-506,22.53,BREAKDOWN,20,
1,10:31:59,106,INT-506,22.53,REPAIRED,20,
1,10:37:31,105,INT-505,38,ARRIVAL,,2260.32
1,11:06:36,106,INT-506,34.918,BREAKDOWN,30,
1,11:18:31,106,INT-506,34.918,REPAIRED,30,
1,11:27:39,106,INT-506,38,ARRIVAL,,3008.22
2,05:59:58,101,INT-501,0,DEPARTURE,,
2,06:39:51,102,INT-502,0,DEPARTURE,,
2,07:02:51,102,INT-502,7.034,BREAKDOWN,7,
2,07:02:51,101,INT-501,20.075,CHECKPOINT,,
2,07:02:51,102,INT-502,7.034,REPAIRED,7,
2,07:19:44,103,INT-503,0,DEPARTURE,,
2,07:42:44,102,INT-502,20.075,CHECKPOINT,,2393.28
2,07:52:59,101,INT-501,38,ARRIVAL,,
2,07:59:54,104,INT-504,0,DEPARTURE,,
2,08:12:06,103,INT-503,16.431,BREAKDOWN,15,
2,08:12:06,103,INT-503,16.431,REPAIRED,15,
2,08:22:37,103,INT-503,20.075,CHECKPOINT,,2393.28
2,08:32:52,102,INT-502,38,ARRIVAL,,2393.28
2,08:39:48,105,INT-505,0,DEPARTURE,,
2,09:02:47,104,INT-504,20.075,CHECKPOINT,,2409.9
2,09:12:45,103,INT-503,38,ARRIVAL,,2393.28
2,09:19:57,106,INT-506,0,DEPARTURE,,
2,09:27:26,104,INT-504,31.019,BREAKDOWN,30,
2,09:27:26,104,INT-504,31.019,REPAIRED,30,
2,09:28:49,106,INT-506,3.652,BREAKDOWN,7,
2,09:35:28,106,INT-506,3.652,REPAIRED,7,
2,09:42:40,105,INT-505,20.075,CHECKPOINT,,2393.28
2,09:52:55,104,INT-504,38,ARRIVAL,,2409.9
2,10:29:29,106,INT-506,20.075,CHECKPOINT,,2808.78
2,10:32:49,105,INT-505,38,ARRIVAL,,2393.28
2,11:19:37,106,INT-506,38,ARRIVAL,,2808.78
3,05:59:58,101,INT-501,0,DEPARTURE,,
3,06:39:51,102,INT-502,0,DEPARTURE,,
3,07:02:51,101,INT-501,20.075,CHECKPOINT,,
3,07:19:44,103,INT-503,0,DEPARTURE,,
3,07:42:44,102,INT-502,20.075,CHECKPOINT,,2393.28
3,07:52:59,101,INT-501,38,ARRIVAL,,
3,07:59:54,104,INT-504,0,DEPARTURE,,
3,08:22:37,103,INT-503,20.075,CHECKPOINT,,2393.28
3,08:32:52,102,INT-502,38,ARRIVAL,,2393.28
3,08:39:48,105,INT-505,0,DEPARTURE,,
3,09:02:47,104,INT-504,20.075,CHECKPOINT,,2409.9
3,09:12:45,103,INT-503,38,ARRIVAL,,2393.28
3,09:19:57,106,INT-506,0,DEPARTURE,,
3,09:42:40,105,INT-505,20.075,CHECKPOINT,,2393.28
3,09:52:55,104,INT-504,38,ARRIVAL,,2409.9
3,10:02:37,106,INT-506,12.409,BREAKDOWN,15,
3,10:05:23,106,INT-506,12.409,REPAIRED,15,
3,10:25:36,106,INT-506,20.075,CHECKPOINT,,2576.1
3,10:32:49,105,INT-505,38,ARRIVAL,,2393.28
3,11:15:45,106,INT-506,38,ARRIVAL,,2576.1
4,05:59:58,101,INT-501,0,DEPARTURE,,
4,06:39:51,102,INT-502,0,DEPARTURE,,
4,07:02:51,101,INT-501,20.075,CHECKPOINT,,
4,07:19:44,103,INT-503,0,DEPARTURE,,
4,07:42:44,102,INT-502,20.075,CHECKPOINT,,2393.28
4,07:52:59,101,INT-501,38,ARRIVAL,,
4,07:59:54,104,INT-504,0,DEPARTURE,,
4,08:22:37,103,INT-503,20.075,CHECKPOINT,,2393.28
4,08:32:52,102,INT-502,38,ARRIVAL,,2393.28
4,08:39:48,105,INT-505,0,DEPARTURE,,
4,08:42:34,103,INT-503,27.874,BREAKDOWN,30,
4,08:43:40,103,INT-503,27.874,REPAIRED,30,
4,09:02:47,104,INT-504,20.075,CHECKPOINT,,2409.9
4,09:13:52,103,INT-503,38,ARRIVAL,,2459.76
4,09:18:51,105,INT-505,11.35,BREAKDOWN,15,
4,09:19:57,106,INT-506,0,DEPARTURE,,
4,09:23:50,105,INT-505,11.35,REPAIRED,15,
4,09:47:39,105,INT-505,20.075,CHECKPOINT,,2692.44
4,09:52:55,104,INT-504,38,ARRIVAL,,2343.42
4,10:22:50,106,INT-506,20.075,CHECKPOINT,,2110.74
4,10:37:48,105,INT-505,38,ARRIVAL,,2692.44
4,11:12:58,106,INT-506,38,ARRIVAL,,2110.74
5,05:59:58,101,INT-501,0,DEPARTURE,,
5,06:39:51,102,INT-502,0,DEPARTURE,,
5,06:53:59,101,INT-501,17.187,BREAKDOWN,15,
5,06:55:38,101,INT-501,17.187,REPAIRED,15,
5,07:04:30,101,INT-501,20.075,CHECKPOINT,,
5,07:19:44,103,INT-503,0,DEPARTURE,,
5,07:32:29,103,INT-503,4.601,BREAKDOWN,7,
5,07:36:22,103,INT-503,4.601,REPAIRED,7,
5,07:42:44,102,INT-502,20.075,CHECKPOINT,,2293.56
5,07:54:39,101,INT-501,38,ARRIVAL,,
5,07:59:54,104,INT-504,0,DEPARTURE,,
5,08:26:30,103,INT-503,20.075,CHECKPOINT,,2625.96
5,08:32:52,102,INT-502,38,ARRIVAL,,2293.56
5,08:39:48,105,INT-505,0,DEPARTURE,,
5,09:01:41,105,INT-505,6.816,BREAKDOWN,7,
5,09:01:41,105,INT-505,6.816,REPAIRED,7,
5,09:02:47,104,INT-504,20.075,CHECKPOINT,,2177.22
5,09:16:38,103,INT-503,38,ARRIVAL,,2625.96
5,09:19:57,106,INT-506,0,DEPARTURE,,
5,09:42:40,105,INT-505,20.075,CHECKPOINT,,2393.28
5,09:52:55,104,INT-504,38,ARRIVAL,,2177.22
5,10:22:50,106,INT-506,20.075,CHECKPOINT,,2409.9
5,10:32:49,105,INT-505,38,ARRIVAL,,2393.28
5,11:02:10,106,INT-506,34.739,BREAKDOWN,30,
5,11:13:48,106,INT-506,34.739,REPAIRED,30,
5,11:24:36,106,INT-506,38,ARRIVAL,,3107.94
6,05:59:58,101,INT-501,0,DEPARTURE,,
6,06:39:51,102,INT-502,0,DEPARTURE,,
6,07:02:51,101,INT-501,20.075,CHECKPOINT,,
6,07:19:44,103,INT-503,0,DEPARTURE,,
6,07:42:44,102,INT-502,20.075,CHECKPOINT,,2393.28
6,07:52:59,101,INT-501,38,ARRIVAL,,
6,07:59:54,104,INT-504,0,DEPARTURE,,
6,08:22:37,103,INT-503,20.075,CHECKPOINT,,2393.28
6,08:32:52,102,INT-502,38,ARRIVAL,,2393.28
6,08:39:48,105,INT-505,0,DEPARTURE,,
6,09:02:47,104,INT-504,20.075,CHECKPOINT,,2409.9
6,09:12:45,103,INT-503,38,ARRIVAL,,2393.28
6,09:19:57,106,INT-506,0,DEPARTURE,,
6,09:42:40,105,INT-505,20.075,CHECKPOINT,,2393.28
6,09:52:55,104,INT-504,38,ARRIVAL,,2409.9
6,10:22:50,106,INT-506,20.075,CHECKPOINT,,2409.9
6,10:32:49,105,INT-505,38,ARRIVAL,,2393.28
6,11:12:58,106,INT-506,38,ARRIVAL,,2409.9
7,05:59:58,101,INT-501,0,DEPARTURE,,
7,06:31:33,101,INT-501,9.051,BREAKDOWN,7,
7,06:34:02,101,INT-501,9.051,REPAIRED,7,
7,06:39:51,102,INT-502,0,DEPARTURE,,
7,07:05:20,101,INT-501,20.075,CHECKPOINT,,
7,07:19:44,103,INT-503,0,DEPARTURE,,
7,07:38:01,103,INT-503,5.781,BREAKDOWN,7,
7,07:38:01,103,INT-503,5.781,REPAIRED,7,
7,07:42:44,102,INT-502,20.075,CHECKPOINT,,2243.7
7,07:55:28,101,INT-501,38,ARRIVAL,,
7,07:59:54,104,INT-504,0,DEPARTURE,,
7,08:22:37,103,INT-503,20.075,CHECKPOINT,,2393.28
7,08:27:20,104,INT-504,8.101,BREAKDOWN,7,
7,08:27:20,104,INT-504,8.101,REPAIRED,7,
7,08:32:52,102,INT-502,38,ARRIVAL,,2243.7
7,08:39:48,105,INT-505,0,DEPARTURE,,
7,09:02:47,104,INT-504,20.075,CHECKPOINT,,2409.9
7,09:12:29,104,INT-504,23.89,BREAKDOWN,20,
7,09:12:45,103,INT-503,38,ARRIVAL,,2393.28
7,09:17:45,104,INT-504,23.89,REPAIRED,20,
7,09:19:57,106,INT-506,0,DEPARTURE,,
7,09:42:40,105,INT-505,20.075,CHECKPOINT,,2393.28
7,09:58:11,104,INT-504,38,ARRIVAL,,2725.68
7,10:15:21,106,INT-506,17.535,BREAKDOWN,20,
7,10:16:11,105,INT-505,33.056,BREAKDOWN,30,
7,10:18:41,106,INT-506,17.535,REPAIRED,20,
7,10:20:21,105,INT-505,33.056,REPAIRED,30,
7,10:26:10,106,INT-506,20.075,CHECKPOINT,,2609.34
7,10:36:58,105,INT-505,38,ARRIVAL,,2326.8
7,11:08:49,106,INT-506,35.534,BREAKDOWN,30,
7,11:22:24,106,INT-506,35.534,REPAIRED,30,
7,11:29:52,106,INT-506,38,ARRIVAL,,3174.42
8,05:59:58,101,INT-501,0,DEPARTURE,,
8,06:39:51,102,INT-502,0,DEPARTURE,,
8,07:02:51,101,INT-501,20.075,CHECKPOINT,,
8,07:19:44,103,INT-503,0,DEPARTURE,,
8,07:42:44,102,INT-502,20.075,CHECKPOINT,,2393.28
8,07:52:59,101,INT-501,38,ARRIVAL,,
8,07:59:54,104,INT-504,0,DEPARTURE,,
8,08:22:37,103,INT-503,20.075,CHECKPOINT,,2393.28
8,08:32:52,102,INT-502,38,ARRIVAL,,2393.28
8,08:39:48,105,INT-505,0,DEPARTURE,,
8,08:43:07,103,INT-503,28.124,BREAKDOWN,30,
8,08:43:57,103,INT-503,28.124,REPAIRED,30,
8,09:02:47,104,INT-504,20.075,CHECKPOINT,,2409.9
8,09:13:35,103,INT-503,38,ARRIVAL,,2443.14
8,09:19:57,106,INT-506,0,DEPARTURE,,
8,09:42:40,105,INT-505,20.075,CHECKPOINT,,2393.28
8,09:52:39,104,INT-504,38,BREAKDOWN,30,
8,10:14:48,104,INT-504,38,REPAIRED,30,
8,10:15:05,104,INT-504,38,ARRIVAL,,3689.64
8,10:22:50,106,INT-506,20.075,CHECKPOINT,,2409.9
8,10:32:49,105,INT-505,38,ARRIVAL,,1063.68
8,10:42:47,106,INT-506,27.874,BREAKDOWN,30,
8,10:43:53,106,INT-506,27.874,REPAIRED,30,
8,11:09:39,106,INT-506,36.822,BREAKDOWN,30,
8,11:29:19,106,INT-506,36.822,REPAIRED,30,
8,11:33:45,106,INT-506,38,ARRIVAL,,3656.4
9,05:59:58,101,INT-501,0,DEPARTURE,,
9,06:39:51,102,INT-502,0,DEPARTURE,,
9,07:02:51,101,INT-501,20.075,CHECKPOINT,,
9,07:19:44,103,INT-503,0,DEPARTURE,,
9,07:27:46,101,INT-501,31.033,BREAKDOWN,30,
9,07:27:46,101,INT-501,31.033,REPAIRED,30,
9,07:42:44,102,INT-502,20.075,CHECKPOINT,,2393.28
9,07:52:59,101,INT-501,38,ARRIVAL,,
9,07:59:54,104,INT-504,0,DEPARTURE,,
9,08:22:37,103,INT-503,20.075,CHECKPOINT,,2393.28
9,08:32:52,103,INT-503,24.181,BREAKDOWN,20,
9,08:32:52,102,INT-502,38,ARRIVAL,,2393.28
9,08:39:48,105,INT-505,0,DEPARTURE,,
9,08:40:37,103,INT-503,24.181,REPAIRED,20,
9,09:02:47,104,INT-504,20.075,CHECKPOINT,,2409.9
9,09:09:43,103,INT-503,34.739,BREAKDOWN,30,
9,09:19:57,106,INT-506,0,DEPARTURE,,
9,09:21:21,103,INT-503,34.739,REPAIRED,30,
9,09:32:09,103,INT-503,38,ARRIVAL,,3556.68
9,09:42:40,105,INT-505,20.075,CHECKPOINT,,2393.28
9,09:52:55,104,INT-504,38,ARRIVAL,,1246.5
9,10:22:50,106,INT-506,20.075,CHECKPOINT,,2409.9
9,10:32:49,105,INT-505,38,ARRIVAL,,2393.28
9,11:12:58,106,INT-506,38,ARRIVAL,,2409.9
10,05:59:58,101,INT-501,0,DEPARTURE,,
10,06:39:51,102,INT-502,0,DEPARTURE,,
10,07:02:51,101,INT-501,20.075,CHECKPOINT,,
10,07:08:56,102,INT-502,8.527,BREAKDOWN,7,
10,07:09:29,102,INT-502,8.527,REPAIRED,7,
10,07:19:11,102,INT-502,11.213,BREAKDOWN,15,
10,07:19:44,103,INT-503,0,DEPARTURE,,
10,07:24:44,102,INT-502,11.213,REPAIRED,15,
10,07:48:49,102,INT-502,20.075,CHECKPOINT,,2758.92
10,07:52:59,101,INT-501,38,ARRIVAL,,
10,07:59:54,104,INT-504,0,DEPARTURE,,
10,08:22:37,103,INT-503,20.075,CHECKPOINT,,2027.64
10,08:26:46,102,INT-502,34.549,BREAKDOWN,30,
10,08:37:35,102,INT-502,34.549,REPAIRED,30,
10,08:39:48,105,INT-505,0,DEPARTURE,,
10,08:49:46,102,INT-502,38,ARRIVAL,,3407.1
10,09:02:47,104,INT-504,20.075,CHECKPOINT,,2409.9
10,09:12:45,103,INT-503,38,ARRIVAL,,1379.46
10,09:19:57,106,INT-506,0,DEPARTURE,,
10,09:42:40,105,INT-505,20.075,CHECKPOINT,,2393.28
10,09:52:55,104,INT-504,38,ARRIVAL,,2409.9
10,10:22:50,106,INT-506,20.075,CHECKPOINT,,2409.9
10,10:32:49,105,INT-505,38,ARRIVAL,,2393.28
10,10:38:38,106,INT-506,26.613,BREAKDOWN,30,
10,10:40:34,106,INT-506,26.613,REPAIRED,30,
10,11:14:55,106,INT-506,38,ARRIVAL,,2526.24
11,05:59:58,101,INT-501,0,DEPARTURE,,
11,06:39:51,102,INT-502,0,DEPARTURE,,
11,07:02:51,101,INT-501,20.075,CHECKPOINT,,
11,07:19:44,103,INT-503,0,DEPARTURE,,
11,07:29:26,101,INT-501,31.445,BREAKDOWN,30,
11,07:29:26,101,INT-501,31.445,REPAIRED,30,
11,07:42:44,102,INT-502,20.075,CHECKPOINT,,2393.28
11,07:46:53,103,INT-503,7.99,BREAKDOWN,7,
11,07:46:53,103,INT-503,7.99,REPAIRED,7,
11,07:52:59,101,INT-501,38,ARRIVAL,,
11,07:59:54,104,INT-504,0,DEPARTURE,,
11,08:22:37,103,INT-503,20.075,CHECKPOINT,,2393.28
11,08:32:52,102,INT-502,38,ARRIVAL,,2393.28
11,08:39:48,105,INT-505,0,DEPARTURE,,
11,09:02:47,104,INT-504,20.075,CHECKPOINT,,2409.9
11,09:08:53,103,INT-503,37.025,BREAKDOWN,30,
11,09:19:57,106,INT-506,0,DEPARTURE,,
11,09:29:06,103,INT-503,37.025,REPAIRED,30,
11,09:32:59,103,INT-503,38,ARRIVAL,,3606.54
11,09:42:40,105,INT-505,20.075,CHECKPOINT,,2393.28
11,09:52:55,104,INT-504,38,ARRIVAL,,1196.64
11,10:12:19,106,INT-506,16.431,BREAKDOWN,15,
11,10:12:19,106,INT-506,16.431,REPAIRED,15,
11,10:22:50,106,INT-506,20.075,CHECKPOINT,,2409.9
11,10:32:49,105,INT-505,38,ARRIVAL,,2393.28
11,11:12:58,106,INT-506,38,ARRIVAL,,2409.9
12,05:59:58,101,INT-501,0,DEPARTURE,,
12,06:39:51,102,INT-502,0,DEPARTURE,,
12,07:02:51,101,INT-501,20.075,CHECKPOINT,,
12,07:05:53,102,INT-502,7.789,BREAKDOWN,7,
12,07:05:53,102,INT-502,7.789,REPAIRED,7,
12,07:19:44,103,INT-503,0,DEPARTURE,,
12,07:42:44,102,INT-502,20.075,CHECKPOINT,,2393.28
12,07:52:59,101,INT-501,38,ARRIVAL,,
12,07:59:54,104,INT-504,0,DEPARTURE,,
12,08:22:37,103,INT-503,20.075,CHECKPOINT,,2393.28
12,08:32:52,102,INT-502,38,ARRIVAL,,2393.28
12,08:39:48,105,INT-505,0,DEPARTURE,,
12,09:02:14,105,INT-505,6.954,BREAKDOWN,7,
12,09:02:14,105,INT-505,6.954,REPAIRED,7,
12,09:02:47,104,INT-504,20.075,CHECKPOINT,,2409.9
12,09:12:45,103,INT-503,38,ARRIVAL,,2393.28
12,09:19:57,106,INT-506,0,DEPARTURE,,
12,09:19:57,105,INT-505,11.694,BREAKDOWN,15,
12,09:24:23,105,INT-505,11.694,REPAIRED,15,
12,09:47:06,105,INT-505,20.075,CHECKPOINT,,2659.2
12,09:52:55,104,INT-504,38,ARRIVAL,,2409.9
12,10:22:50,106,INT-506,20.075,CHECKPOINT,,2143.98
12,10:37:14,105,INT-505,38,ARRIVAL,,2659.2
12,11:12:58,106,INT-506,38,ARRIVAL,,2143.98
13,05:59:58,101,INT-501,0,DEPARTURE,,
13,06:39:51,102,INT-502,0,DEPARTURE,,
13,07:02:51,101,INT-501,20.075,CHECKPOINT,,
13,07:19:44,103,INT-503,0,DEPARTURE,,
13,07:22:31,102,INT-502,12.409,BREAKDOWN,15,
13,07:25:17,102,INT-502,12.409,REPAIRED,15,
13,07:45:30,102,INT-502,20.075,CHECKPOINT,,2559.48
13,07:52:26,103,INT-503,9.44,BREAKDOWN,7,
13,07:52:59,101,INT-501,38,ARRIVAL,,
13,07:56:51,103,INT-503,9.44,REPAIRED,7,
13,07:59:54,104,INT-504,0,DEPARTURE,,
13,08:27:03,103,INT-503,20.075,CHECKPOINT,,2493
13,08:35:38,102,INT-502,38,ARRIVAL,,2559.48
13,08:37:35,104,INT-504,10.865,BREAKDOWN,7,
13,08:39:48,105,INT-505,0,DEPARTURE,,
13,08:47:16,104,INT-504,10.865,REPAIRED,7,
13,09:12:29,104,INT-504,20.075,CHECKPOINT,,2725.68
13,09:17:11,103,INT-503,38,ARRIVAL,,2493
13,09:19:57,106,INT-506,0,DEPARTURE,,
13,09:42:40,105,INT-505,20.075,CHECKPOINT,,1811.58
13,10:02:37,104,INT-504,38,ARRIVAL,,2725.68
13,10:22:50,106,INT-506,20.075,CHECKPOINT,,2409.9
13,10:32:49,105,INT-505,38,ARRIVAL,,1811.58
13,11:12:58,106,INT-506,38,ARRIVAL,,2409.9
14,05:59:58,101,INT-501,0,DEPARTURE,,
14,06:39:51,102,INT-502,0,DEPARTURE,,
14,07:02:51,101,INT-501,20.075,CHECKPOINT,,
14,07:03:24,101,INT-501,20.3,BREAKDOWN,20,
14,07:03:24,101,INT-501,20.3,REPAIRED,20,
14,07:19:44,103,INT-503,0,DEPARTURE,,
14,07:42:44,102,INT-502,20.075,CHECKPOINT,,2393.28
14,07:52:59,101,INT-501,38,ARRIVAL,,
14,07:59:54,104,INT-504,0,DEPARTURE,,
14,08:08:13,102,INT-502,31.159,BREAKDOWN,30,
14,08:08:13,102,INT-502,31.159,REPAIRED,30,
14,08:22:37,103,INT-503,20.075,CHECKPOINT,,2393.28
14,08:32:52,102,INT-502,38,ARRIVAL,,2393.28
14,08:39:48,105,INT-505,0,DEPARTURE,,
14,08:41:44,104,INT-504,12.158,BREAKDOWN,15,
14,08:45:03,104,INT-504,12.158,REPAIRED,15,
14,09:06:06,104,INT-504,20.075,CHECKPOINT,,2609.34
14,09:12:45,103,INT-503,38,ARRIVAL,,2393.28
14,09:19:57,106,INT-506,0,DEPARTURE,,
14,09:37:25,104,INT-504,32.475,BREAKDOWN,30,
14,09:37:25,104,INT-504,32.475,REPAIRED,30,
14,09:42:40,105,INT-505,20.075,CHECKPOINT,,2193.84
14,09:56:15,104,INT-504,38,ARRIVAL,,2609.34
14,10:22:50,106,INT-506,20.075,CHECKPOINT,,2409.9
14,10:32:49,105,INT-505,38,ARRIVAL,,2193.84
14,11:12:58,106,INT-506,38,ARRIVAL,,2409.9
15,05:59:58,101,INT-501,0,DEPARTURE,,
15,06:39:51,102,INT-502,0,DEPARTURE,,
15,06:45:40,101,INT-501,13.519,BREAKDOWN,15,
15,06:45:57,101,INT-501,13.519,REPAIRED,15,
15,07:03:07,101,INT-501,20.075,CHECKPOINT,,
15,07:19:44,103,INT-503,0,DEPARTURE,,
15,07:42:44,102,INT-502,20.075,CHECKPOINT,,2376.66
15,07:53:15,101,INT-501,38,ARRIVAL,,
15,07:59:54,104,INT-504,0,DEPARTURE,,
15,08:13:29,103,INT-503,17.084,BREAKDOWN,15,
15,08:14:52,103,INT-503,17.084,REPAIRED,15,
15,08:24:00,103,INT-503,20.075,CHECKPOINT,,2476.38
15,08:32:52,102,INT-502,38,ARRIVAL,,2376.66
15,08:39:48,105,INT-505,0,DEPARTURE,,
15,08:51:26,105,INT-505,4.375,BREAKDOWN,7,
15,08:56:08,105,INT-505,4.375,REPAIRED,7,
15,09:02:47,104,INT-504,20.075,CHECKPOINT,,2326.8
15,09:14:08,103,INT-503,38,ARRIVAL,,2476.38
15,09:19:57,106,INT-506,0,DEPARTURE,,
15,09:47:23,105,INT-505,20.075,CHECKPOINT,,2675.82
15,09:52:55,104,INT-504,38,ARRIVAL,,2326.8
15,10:16:11,106,INT-506,17.765,BREAKDOWN,20,
15,10:18:24,106,INT-506,17.765,REPAIRED,20,
15,10:25:03,106,INT-506,20.075,CHECKPOINT,,2260.32
15,10:37:31,105,INT-505,38,ARRIVAL,,2675.82
15,11:15:11,106,INT-506,38,ARRIVAL,,2260.32
16,05:59:58,101,INT-501,0,DEPARTURE,,
16,06:39:51,102,INT-502,0,DEPARTURE,,
16,07:02:51,101,INT-501,20.075,CHECKPOINT,,
16,07:19:44,103,INT-503,0,DEPARTURE,,
16,07:42:44,102,INT-502,20.075,CHECKPOINT,,2393.28
16,07:47:43,101,INT-501,36.523,BREAKDOWN,30,
16,07:59:54,104,INT-504,0,DEPARTURE,,
16,08:06:50,101,INT-501,36.523,REPAIRED,30,
16,08:09:03,104,INT-504,3.668,BREAKDOWN,7,
16,08:12:06,101,INT-501,38,ARRIVAL,,
16,08:15:42,104,INT-504,3.668,REPAIRED,7,
16,08:22:37,103,INT-503,20.075,CHECKPOINT,,2393.28
16,08:32:52,102,INT-502,38,ARRIVAL,,1246.5
16,08:39:48,105,INT-505,0,DEPARTURE,,
16,09:09:26,104,INT-504,20.075,CHECKPOINT,,2808.78
16,09:12:45,103,INT-503,38,ARRIVAL,,2393.28
16,09:19:57,106,INT-506,0,DEPARTURE,,
16,09:42:40,105,INT-505,20.075,CHECKPOINT,,1994.4
16,09:55:41,104,INT-504,37.025,BREAKDOWN,30,
16,10:15:55,104,INT-504,37.025,REPAIRED,30,
16,10:19:47,104,INT-504,38,ARRIVAL,,4022.04
16,10:22:50,106,INT-506,20.075,CHECKPOINT,,2409.9
16,10:32:49,105,INT-505,38,ARRIVAL,,781.14
16,11:06:20,106,INT-506,35.901,BREAKDOWN,30,
16,11:21:00,106,INT-506,35.901,REPAIRED,30,
16,11:27:39,106,INT-506,38,ARRIVAL,,3290.76
17,05:59:58,101,INT-501,0,DEPARTURE,,
17,06:39:51,102,INT-502,0,DEPARTURE,,
17,06:41:47,102,INT-502,1.022,BREAKDOWN,0,
17,06:41:47,102,INT-502,1.022,REPAIRED,0,
17,07:02:51,101,INT-501,20.075,CHECKPOINT,,
17,07:19:44,103,INT-503,0,DEPARTURE,,
17,07:42:44,102,INT-502,20.075,CHECKPOINT,,2393.28
17,07:52:59,101,INT-501,38,ARRIVAL,,
17,07:59:54,104,INT-504,0,DEPARTURE,,
17,08:22:37,103,INT-503,20.075,CHECKPOINT,,2393.28
17,08:23:27,103,INT-503,20.36,BREAKDOWN,20,
17,08:23:27,103,INT-503,20.36,REPAIRED,20,
17,08:32:52,102,INT-502,38,ARRIVAL,,2393.28
17,08:39:48,105,INT-505,0,DEPARTURE,,
17,09:02:47,104,INT-504,20.075,CHECKPOINT,,2409.9
17,09:12:45,103,INT-503,38,ARRIVAL,,2393.28
17,09:19:57,106,INT-506,0,DEPARTURE,,
17,09:42:40,105,INT-505,20.075,CHECKPOINT,,2393.28
17,09:52:55,104,INT-504,38,ARRIVAL,,2409.9
17,10:22:50,106,INT-506,20.075,CHECKPOINT,,2409.9
17,10:32:49,105,INT-505,38,ARRIVAL,,2393.28
17,11:12:58,106,INT-506,38,ARRIVAL,,2409.9
18,05:59:58,101,INT-501,0,DEPARTURE,,
18,06:39:51,102,INT-502,0,DEPARTURE,,
18,07:02:51,101,INT-501,20.075,CHECKPOINT,,
18,07:19:44,103,INT-503,0,DEPARTURE,,
18,07:42:44,102,INT-502,20.075,CHECKPOINT,,2393.28
18,07:52:59,101,INT-501,38,ARRIVAL,,
18,07:59:54,104,INT-504,0,DEPARTURE,,
18,08:11:16,104,INT-504,4.342,BREAKDOWN,7,
18,08:15:58,104,INT-504,4.342,REPAIRED,7,
18,08:22:37,103,INT-503,20.075,CHECKPOINT,,2393.28
18,08:32:52,102,INT-502,38,ARRIVAL,,2393.28
18,08:39:48,105,INT-505,0,DEPARTURE,,
18,09:07:30,104,INT-504,20.075,CHECKPOINT,,2692.44
18,09:07:46,104,INT-504,20.168,BREAKDOWN,20,
18,09:07:46,104,INT-504,20.168,REPAIRED,20,
18,09:12:45,103,INT-503,38,ARRIVAL,,2393.28
18,09:19:57,106,INT-506,0,DEPARTURE,,
18,09:24:07,105,INT-505,12.9,BREAKDOWN,15,
18,09:25:46,105,INT-505,12.9,REPAIRED,15,
18,09:44:20,105,INT-505,20.075,CHECKPOINT,,2210.46
18,09:57:38,104,INT-504,38,ARRIVAL,,2692.44
18,10:22:50,106,INT-506,20.075,CHECKPOINT,,2310.18
18,10:34:28,105,INT-505,38,ARRIVAL,,2210.46
18,11:08:49,106,INT-506,36.885,BREAKDOWN,30,
18,11:28:46,106,INT-506,36.885,REPAIRED,30,
18,11:32:55,106,INT-506,38,ARRIVAL,,3506.82
19,05:59:58,101,INT-501,0,DEPARTURE,,
19,06:39:51,102,INT-502,0,DEPARTURE,,
19,07:02:51,101,INT-501,20.075,CHECKPOINT,,
19,07:19:44,103,INT-503,0,DEPARTURE,,
19,07:42:44,102,INT-502,20.075,CHECKPOINT,,2393.28
19,07:52:59,101,INT-501,38,ARRIVAL,,
19,07:59:54,104,INT-504,0,DEPARTURE,,
19,08:22:37,103,INT-503,20.075,CHECKPOINT,,2393.28
19,08:32:52,102,INT-502,38,ARRIVAL,,2393.28
19,08:39:48,105,INT-505,0,DEPARTURE,,
19,09:02:47,104,INT-504,20.075,CHECKPOINT,,2409.9
19,09:12:45,103,INT-503,38,ARRIVAL,,2393.28
19,09:19:57,106,INT-506,0,DEPARTURE,,
19,09:29:06,105,INT-505,15.17,BREAKDOWN,15,
19,09:29:06,105,INT-505,15.17,REPAIRED,15,
19,09:42:40,105,INT-505,20.075,CHECKPOINT,,2393.28
19,09:52:55,104,INT-504,38,ARRIVAL,,2409.9
19,10:22:50,106,INT-506,20.075,CHECKPOINT,,2409.9
19,10:32:49,105,INT-505,38,ARRIVAL,,2393.28
19,11:12:58,106,INT-506,38,ARRIVAL,,2409.9
20,05:59:58,101,INT-501,0,DEPARTURE,,
20,06:39:51,102,INT-502,0,DEPARTURE,,
20,06:43:44,102,INT-502,1.6,BREAKDOWN,0,
20,06:43:44,102,INT-502,1.6,REPAIRED,0,
20,07:02:51,101,INT-501,20.075,CHECKPOINT,,
20,07:03:57,102,INT-502,7.388,BREAKDOWN,7,
20,07:03:57,102,INT-502,7.388,REPAIRED,7,
20,07:19:44,103,INT-503,0,DEPARTURE,,
20,07:42:11,102,INT-502,19.955,BREAKDOWN,20,
20,07:42:11,102,INT-502,19.955,REPAIRED,20,
20,07:42:44,102,INT-502,20.075,CHECKPOINT,,2393.28
20,07:52:59,101,INT-501,38,ARRIVAL,,
20,07:59:54,104,INT-504,0,DEPARTURE,,
20,08:22:37,103,INT-503,20.075,CHECKPOINT,,2393.28
20,08:32:52,102,INT-502,38,ARRIVAL,,2393.28
20,08:39:48,105,INT-505,0,DEPARTURE,,
20,09:02:47,104,INT-504,20.075,CHECKPOINT,,2409.9
20,09:05:17,104,INT-504,21.045,BREAKDOWN,20,
20,09:05:17,104,INT-504,21.045,REPAIRED,20,
20,09:12:45,103,INT-503,38,ARRIVAL,,2393.28
20,09:14:08,105,INT-505,9.899,BREAKDOWN,7,
20,09:19:57,106,INT-506,0,DEPARTURE,,
20,09:20:14,105,INT-505,9.899,REPAIRED,7,
20,09:24:23,104,INT-504,29.189,BREAKDOWN,30,
20,09:24:23,104,INT-504,29.189,REPAIRED,30,
20,09:48:46,105,INT-505,20.075,CHECKPOINT,,2758.92
20,09:52:55,104,INT-504,38,ARRIVAL,,2409.9
20,10:22:50,106,INT-506,20.075,CHECKPOINT,,2044.26
20,10:32:49,106,INT-506,24.037,BREAKDOWN,20,
20,10:38:54,105,INT-505,38,ARRIVAL,,2758.92
20,10:39:44,106,INT-506,24.037,REPAIRED,20,
20,11:19:54,106,INT-506,38,ARRIVAL,,2459.76
21,05:59:58,101,INT-501,0,DEPARTURE,,
21,06:39:51,102,INT-502,0,DEPARTURE,,
21,07:02:51,101,INT-501,20.075,CHECKPOINT,,
21,07:19:44,103,INT-503,0,DEPARTURE,,
21,07:21:41,101,INT-501,27.82,BREAKDOWN,30,
21,07:22:47,101,INT-501,27.82,REPAIRED,30,
21,07:42:44,102,INT-502,20.075,CHECKPOINT,,2393.28
21,07:54:05,101,INT-501,38,ARRIVAL,,
21,07:59:54,104,INT-504,0,DEPARTURE,,
21,08:22:37,103,INT-503,20.075,CHECKPOINT,,2393.28
21,08:32:52,102,INT-502,38,ARRIVAL,,2326.8
21,08:39:48,105,INT-505,0,DEPARTURE,,
21,08:52:49,105,INT-505,4.659,BREAKDOWN,7,
21,08:56:25,105,INT-505,4.659,REPAIRED,7,
21,09:02:47,104,INT-504,20.075,CHECKPOINT,,2409.9
21,09:12:45,103,INT-503,38,ARRIVAL,,2393.28
21,09:19:57,106,INT-506,0,DEPARTURE,,
21,09:46:16,105,INT-505,20.075,CHECKPOINT,,2609.34
21,09:52:55,104,INT-504,38,ARRIVAL,,2409.9
21,10:22:50,106,INT-506,20.075,CHECKPOINT,,2193.84
21,10:28:39,106,INT-506,22.482,BREAKDOWN,20,
21,10:31:09,106,INT-506,22.482,REPAIRED,20,
21,10:36:25,105,INT-505,38,ARRIVAL,,2609.34
21,11:15:28,106,INT-506,38,ARRIVAL,,2343.42
22,05:59:58,101,INT-501,0,DEPARTURE,,
22,06:39:51,102,INT-502,0,DEPARTURE,,
22,07:02:51,101,INT-501,20.075,CHECKPOINT,,
22,07:19:44,103,INT-503,0,DEPARTURE,,
22,07:42:44,102,INT-502,20.075,CHECKPOINT,,2393.28
22,07:52:59,101,INT-501,38,ARRIVAL,,
22,07:59:54,104,INT-504,0,DEPARTURE,,
22,08:22:37,103,INT-503,20.075,CHECKPOINT,,2393.28
22,08:32:52,102,INT-502,38,ARRIVAL,,2393.28
22,08:39:48,105,INT-505,0,DEPARTURE,,
22,09:02:47,104,INT-504,20.075,CHECKPOINT,,2409.9
22,09:12:45,103,INT-503,38,ARRIVAL,,2393.28
22,09:19:57,106,INT-506,0,DEPARTURE,,
22,09:27:10,105,INT-505,14.296,BREAKDOWN,15,
22,09:27:10,105,INT-505,14.296,REPAIRED,15,
22,09:42:40,105,INT-505,20.075,CHECKPOINT,,2393.28
22,09:52:55,104,INT-504,38,ARRIVAL,,2409.9
22,10:22:50,106,INT-506,20.075,CHECKPOINT,,2409.9
22,10:32:49,105,INT-505,38,ARRIVAL,,2393.28
22,11:12:58,106,INT-506,38,ARRIVAL,,2409.9
23,05:59:58,101,INT-501,0,DEPARTURE,,
23,06:39:51,102,INT-502,0,DEPARTURE,,
23,07:02:51,101,INT-501,20.075,CHECKPOINT,,
23,07:19:44,103,INT-503,0,DEPARTURE,,
23,07:28:03,103,INT-503,3.377,BREAKDOWN,0,
23,07:32:46,103,INT-503,3.377,REPAIRED,0,
23,07:42:44,102,INT-502,20.075,CHECKPOINT,,2393.28
23,07:52:59,101,INT-501,38,ARRIVAL,,
23,07:59:54,104,INT-504,0,DEPARTURE,,
23,08:27:20,103,INT-503,20.075,CHECKPOINT,,2675.82
23,08:32:52,102,INT-502,38,ARRIVAL,,2393.28
23,08:39:48,105,INT-505,0,DEPARTURE,,
23,08:48:06,103,INT-503,28.271,BREAKDOWN,30,
23,08:48:56,103,INT-503,28.271,REPAIRED,30,
23,09:02:47,104,INT-504,20.075,CHECKPOINT,,2127.36
23,09:18:18,103,INT-503,38,ARRIVAL,,2725.68
23,09:19:57,106,INT-506,0,DEPARTURE,,
23,09:42:40,105,INT-505,20.075,CHECKPOINT,,2393.28
23,09:52:55,104,INT-504,38,ARRIVAL,,2077.5
23,10:22:50,106,INT-506,20.075,CHECKPOINT,,2409.9
23,10:32:49,105,INT-505,38,ARRIVAL,,2393.28
23,10:57:44,106,INT-506,33.248,BREAKDOWN,30,
23,11:01:54,106,INT-506,33.248,REPAIRED,30,
23,11:17:08,106,INT-506,38,ARRIVAL,,2659.2
24,05:59:58,101,INT-501,0,DEPARTURE,,
24,06:39:51,102,INT-502,0,DEPARTURE,,
24,06:52:52,101,INT-501,16.688,BREAKDOWN,15,
24,06:53:25,101,INT-501,16.688,REPAIRED,15,
24,07:03:24,101,INT-501,20.075,CHECKPOINT,,
24,07:19:44,103,INT-503,0,DEPARTURE,,
24,07:21:07,101,INT-501,27.509,BREAKDOWN,30,
24,07:22:14,101,INT-501,27.509,REPAIRED,30,
24,07:42:44,102,INT-502,20.075,CHECKPOINT,,2360.04
24,07:54:39,101,INT-501,38,ARRIVAL,,
24,07:59:54,104,INT-504,0,DEPARTURE,,
24,08:01:17,102,INT-502,27.803,BREAKDOWN,30,
24,08:02:24,102,INT-502,27.803,REPAIRED,30,
24,08:22:37,103,INT-503,20.075,CHECKPOINT,,2393.28
24,08:33:59,102,INT-502,38,ARRIVAL,,2360.04
24,08:39:48,105,INT-505,0,DEPARTURE,,
24,09:02:47,104,INT-504,20.075,CHECKPOINT,,2409.9
24,09:12:45,103,INT-503,38,ARRIVAL,,2326.8
24,09:19:57,106,INT-506,0,DEPARTURE,,
24,09:42:40,105,INT-505,20.075,CHECKPOINT,,2393.28
24,09:52:55,104,INT-504,38,ARRIVAL,,2409.9
24,10:22:50,106,INT-506,20.075,CHECKPOINT,,2409.9
24,10:32:49,105,INT-505,38,ARRIVAL,,2393.28
24,11:12:58,106,INT-506,38,ARRIVAL,,2409.9
25,05:59:58,101,INT-501,0,DEPARTURE,,
25,06:39:51,102,INT-502,0,DEPARTURE,,
25,06:51:46,101,INT-501,16.253,BREAKDOWN,15,
25,06:51:46,101,INT-501,16.253,REPAIRED,15,
25,07:02:51,101,INT-501,20.075,CHECKPOINT,,
25,07:19:44,103,INT-503,0,DEPARTURE,,
25,07:37:45,102,INT-502,18.367,BREAKDOWN,20,
25,07:38:35,101,INT-501,33.607,BREAKDOWN,30,
25,07:38:35,102,INT-502,18.367,REPAIRED,20,
25,07:43:34,102,INT-502,20.075,CHECKPOINT,,2443.14
25,07:45:13,101,INT-501,33.607,REPAIRED,30,
25,07:59:38,101,INT-501,38,ARRIVAL,,
25,07:59:54,104,INT-504,0,DEPARTURE,,
25,08:22:37,103,INT-503,20.075,CHECKPOINT,,2343.42
25,08:33:42,102,INT-502,38,ARRIVAL,,2044.26
25,08:39:48,105,INT-505,0,DEPARTURE,,
25,09:02:47,104,INT-504,20.075,CHECKPOINT,,2409.9
25,09:03:54,103,INT-503,34.933,BREAKDOWN,30,
25,09:16:05,103,INT-503,34.933,REPAIRED,30,
25,09:19:57,106,INT-506,0,DEPARTURE,,
25,09:24:57,103,INT-503,38,ARRIVAL,,3074.7
25,09:42:40,105,INT-505,20.075,CHECKPOINT,,2393.28
25,09:52:55,104,INT-504,38,ARRIVAL,,1678.62
25,10:22:50,106,INT-506,20.075,CHECKPOINT,,2409.9
25,10:32:49,105,INT-505,38,ARRIVAL,,2393.28
25,11:12:58,106,INT-506,38,ARRIVAL,,2409.9
26,05:59:58,101,INT-501,0,DEPARTURE,,
26,06:39:51,102,INT-502,0,DEPARTURE,,
26,07:02:51,101,INT-501,20.075,CHECKPOINT,,
26,07:19:44,103,INT-503,0,DEPARTURE,,
26,07:23:54,102,INT-502,12.768,BREAKDOWN,15,
26,07:25:50,102,INT-502,12.768,REPAIRED,15,
26,07:44:40,102,INT-502,20.075,CHECKPOINT,,2509.62
26,07:52:59,101,INT-501,38,ARRIVAL,,
26,07:59:54,104,INT-504,0,DEPARTURE,,
26,08:22:37,103,INT-503,20.075,CHECKPOINT,,2276.94
26,08:34:48,102,INT-502,38,ARRIVAL,,2509.62
26,08:39:48,105,INT-505,0,DEPARTURE,,
26,09:02:47,104,INT-504,20.075,CHECKPOINT,,2409.9
26,09:12:45,103,INT-503,38,ARRIVAL,,2276.94
26,09:19:57,106,INT-506,0,DEPARTURE,,
26,09:42:40,105,INT-505,20.075,CHECKPOINT,,2393.28
26,09:44:53,106,INT-506,7.54,BREAKDOWN,7,
26,09:44:53,106,INT-506,7.54,REPAIRED,7,
26,09:52:55,104,INT-504,38,ARRIVAL,,2409.9
26,09:54:02,106,INT-506,9.826,BREAKDOWN,7,
26,09:59:51,106,INT-506,9.826,REPAIRED,7,
26,10:28:39,106,INT-506,20.075,CHECKPOINT,,2758.92
26,10:32:49,105,INT-505,38,ARRIVAL,,2393.28
26,11:18:47,106,INT-506,38,ARRIVAL,,2758.92
27,05:59:58,101,INT-501,0,DEPARTURE,,
27,06:39:51,102,INT-502,0,DEPARTURE,,
27,07:02:51,101,INT-501,20.075,CHECKPOINT,,
27,07:19:44,103,INT-503,0,DEPARTURE,,
27,07:42:44,102,INT-502,20.075,CHECKPOINT,,2393.28
27,07:52:59,101,INT-501,38,ARRIVAL,,
27,07:59:54,104,INT-504,0,DEPARTURE,,
27,08:15:58,103,INT-503,17.765,BREAKDOWN,20,
27,08:18:11,103,INT-503,17.765,REPAIRED,20,
27,08:24:50,103,INT-503,20.075,CHECKPOINT,,2526.24
27,08:29:49,104,INT-504,8.659,BREAKDOWN,7,
27,08:30:39,104,INT-504,8.659,REPAIRED,7,
27,08:32:52,102,INT-502,38,ARRIVAL,,2393.28
27,08:39:48,105,INT-505,0,DEPARTURE,,
27,09:01:07,103,INT-503,33.912,BREAKDOWN,30,
27,09:03:37,104,INT-504,20.075,CHECKPOINT,,2326.8
27,09:09:09,103,INT-503,33.912,REPAIRED,30,
27,09:19:57,106,INT-506,0,DEPARTURE,,
27,09:23:00,103,INT-503,38,ARRIVAL,,3008.22
27,09:42:40,105,INT-505,20.075,CHECKPOINT,,2343.42
27,09:53:45,104,INT-504,38,ARRIVAL,,1844.82
27,10:22:50,106,INT-506,20.075,CHECKPOINT,,2409.9
27,10:32:49,105,INT-505,38,ARRIVAL,,2343.42
27,11:12:58,106,INT-506,38,ARRIVAL,,2409.9
28,05:59:58,101,INT-501,0,DEPARTURE,,
28,06:39:51,102,INT-502,0,DEPARTURE,,
28,06:49:00,101,INT-501,15.05,BREAKDOWN,15,
28,06:49:00,101,INT-501,15.05,REPAIRED,15,
28,07:02:51,101,INT-501,20.075,CHECKPOINT,,
28,07:19:44,103,INT-503,0,DEPARTURE,,
28,07:29:59,102,INT-502,15.547,BREAKDOWN,15,
28,07:29:59,102,INT-502,15.547,REPAIRED,15,
28,07:42:44,102,INT-502,20.075,CHECKPOINT,,2393.28
28,07:52:59,101,INT-501,38,ARRIVAL,,
28,07:59:54,104,INT-504,0,DEPARTURE,,
28,08:22:37,103,INT-503,20.075,CHECKPOINT,,2393.28
28,08:25:23,103,INT-503,21.138,BREAKDOWN,20,
28,08:25:23,103,INT-503,21.138,REPAIRED,20,
28,08:32:52,102,INT-502,38,ARRIVAL,,2393.28
28,08:39:48,105,INT-505,0,DEPARTURE,,
28,08:43:24,104,INT-504,12.632,BREAKDOWN,15,
28,08:45:37,104,INT-504,12.632,REPAIRED,15,
28,08:50:03,104,INT-504,14.545,BREAKDOWN,15,
28,08:50:03,104,INT-504,14.545,REPAIRED,15,
28,09:05:00,104,INT-504,20.075,CHECKPOINT,,2542.86
28,09:12:45,103,INT-503,38,ARRIVAL,,2393.28
28,09:19:57,106,INT-506,0,DEPARTURE,,
28,09:42:40,105,INT-505,20.075,CHECKPOINT,,2260.32
28,09:55:08,104,INT-504,38,ARRIVAL,,2542.86
28,10:07:03,106,INT-506,14.155,BREAKDOWN,15,
28,10:07:03,106,INT-506,14.155,REPAIRED,15,
28,10:22:50,106,INT-506,20.075,CHECKPOINT,,2409.9
28,10:32:49,105,INT-505,38,ARRIVAL,,2260.32
28,11:12:58,106,INT-506,38,ARRIVAL,,2409.9
29,05:59:58,101,INT-501,0,DEPARTURE,,
29,06:39:51,102,INT-502,0,DEPARTURE,,
29,06:54:49,102,INT-502,5.091,BREAKDOWN,7,
29,06:56:45,102,INT-502,5.091,REPAIRED,7,
29,07:02:51,101,INT-501,20.075,CHECKPOINT,,
29,07:19:44,103,INT-503,0,DEPARTURE,,
29,07:36:38,101,INT-501,33.082,BREAKDOWN,30,
29,07:40:48,101,INT-501,33.082,REPAIRED,30,
29,07:44:40,102,INT-502,20.075,CHECKPOINT,,2509.62
29,07:57:08,101,INT-501,38,ARRIVAL,,
29,07:59:54,104,INT-504,0,DEPARTURE,,
29,08:22:37,103,INT-503,20.075,CHECKPOINT,,2276.94
29,08:34:48,102,INT-502,38,ARRIVAL,,2260.32
29,08:39:48,105,INT-505,0,DEPARTURE,,
29,09:02:47,104,INT-504,20.075,CHECKPOINT,,2409.9
29,09:12:45,103,INT-503,38,ARRIVAL,,2276.94
29,09:19:57,106,INT-506,0,DEPARTURE,,
29,09:42:40,105,INT-505,20.075,CHECKPOINT,,2393.28
29,09:52:55,104,INT-504,38,ARRIVAL,,2409.9
29,10:22:50,106,INT-506,20.075,CHECKPOINT,,2409.9
29,10:32:49,105,INT-505,38,ARRIVAL,,2393.28
29,11:12:58,106,INT-506,38,ARRIVAL,,2409.9
30,05:59:58,101,INT-501,0,DEPARTURE,,
30,06:39:51,102,INT-502,0,DEPARTURE,,
30,07:02:51,101,INT-501,20.075,CHECKPOINT,,
30,07:19:44,103,INT-503,0,DEPARTURE,,
30,07:42:44,102,INT-502,20.075,CHECKPOINT,,2393.28
30,07:52:59,101,INT-501,38,ARRIVAL,,
30,07:59:54,104,INT-504,0,DEPARTURE,,
30,08:22:37,103,INT-503,20.075,CHECKPOINT,,2393.28
30,08:32:52,102,INT-502,38,ARRIVAL,,2393.28
30,08:39:48,105,INT-505,0,DEPARTURE,,
30,08:44:47,104,INT-504,13.139,BREAKDOWN,15,
30,08:45:53,104,INT-504,13.139,REPAIRED,15,
30,09:03:54,104,INT-504,20.075,CHECKPOINT,,2476.38
30,09:04:27,104,INT-504,20.3,BREAKDOWN,20,
30,09:04:27,104,INT-504,20.3,REPAIRED,20,
30,09:12:45,103,INT-503,38,ARRIVAL,,2393.28
30,09:19:57,106,INT-506,0,DEPARTURE,,
30,09:42:40,105,INT-505,20.075,CHECKPOINT,,2326.8
30,09:54:02,104,INT-504,38,ARRIVAL,,2476.38
30,10:22:50,106,INT-506,20.075,CHECKPOINT,,2409.9
30,10:32:49,105,INT-505,38,ARRIVAL,,2326.8
30,11:12:58,106,INT-506,38,ARRIVAL,,2409.9
31,05:59:58,101,INT-501,0,DEPARTURE,,
31,06:39:51,102,INT-502,0,DEPARTURE,,
31,07:02:51,101,INT-501,20.075,CHECKPOINT,,
31,07:19:44,103,INT-503,0,DEPARTURE,,
31,07:42:44,102,INT-502,20.075,CHECKPOINT,,2393.28
31,07:52:59,101,INT-501,38,ARRIVAL,,
31,07:59:54,104,INT-504,0,DEPARTURE,,
31,08:19:34,102,INT-502,33.945,BREAKDOWN,30,
31,08:22:37,103,INT-503,20.075,CHECKPOINT,,2393.28
31,08:27:36,102,INT-502,33.945,REPAIRED,30,
31,08:35:55,104,INT-504,10.413,BREAKDOWN,7,
31,08:39:48,105,INT-505,0,DEPARTURE,,
31,08:40:54,102,INT-502,38,ARRIVAL,,2875.26
31,08:44:30,104,INT-504,10.413,REPAIRED,7,
31,09:11:22,104,INT-504,20.075,CHECKPOINT,,2925.12
31,09:12:45,103,INT-503,38,ARRIVAL,,1911.3
31,09:19:57,106,INT-506,0,DEPARTURE,,
31,09:41:50,105,INT-505,19.896,BREAKDOWN,20,
31,09:41:50,105,INT-505,19.896,REPAIRED,20,
31,09:42:40,105,INT-505,20.075,CHECKPOINT,,1878.06
31,10:01:30,104,INT-504,38,ARRIVAL,,2925.12
31,10:22:00,106,INT-506,19.896,BREAKDOWN,20,
31,10:22:00,106,INT-506,19.896,REPAIRED,20,
31,10:22:50,106,INT-506,20.075,CHECKPOINT,,2409.9
31,10:32:49,105,INT-505,38,ARRIVAL,,1878.06
31,11:12:58,106,INT-506,38,ARRIVAL,,2409.9
32,05:59:58,101,INT-501,0,DEPARTURE,,
32,06:39:51,102,INT-502,0,DEPARTURE,,
32,07:02:51,101,INT-501,20.075,CHECKPOINT,,
32,07:19:44,103,INT-503,0,DEPARTURE,,
32,07:42:44,102,INT-502,20.075,CHECKPOINT,,2393.28
32,07:52:59,101,INT-501,38,ARRIVAL,,
32,07:59:54,104,INT-504,0,DEPARTURE,,
32,08:22:37,103,INT-503,20.075,CHECKPOINT,,2393.28
32,08:32:52,102,INT-502,38,ARRIVAL,,2393.28
32,08:39:48,105,INT-505,0,DEPARTURE,,
32,08:54:12,104,INT-504,17.226,BREAKDOWN,15,
32,08:55:52,104,INT-504,17.226,REPAIRED,15,
32,09:04:27,104,INT-504,20.075,CHECKPOINT,,2509.62
32,09:11:06,105,INT-505,8.956,BREAKDOWN,7,
32,09:12:45,103,INT-503,38,ARRIVAL,,2393.28
32,09:13:02,105,INT-505,8.956,REPAIRED,7,
32,09:19:57,106,INT-506,0,DEPARTURE,,
32,09:35:28,105,INT-505,17.084,BREAKDOWN,15,
32,09:36:51,105,INT-505,17.084,REPAIRED,15,
32,09:46:00,105,INT-505,20.075,CHECKPOINT,,2493
32,09:49:19,105,INT-505,21.647,BREAKDOWN,20,
32,09:49:52,105,INT-505,21.647,REPAIRED,20,
32,09:54:35,104,INT-504,38,ARRIVAL,,2509.62
32,09:58:11,105,INT-505,24.624,BREAKDOWN,20,
32,10:06:46,105,INT-505,24.624,REPAIRED,20,
32,10:22:50,106,INT-506,20.075,CHECKPOINT,,2210.46
32,10:45:16,105,INT-505,38,ARRIVAL,,3041.46
32,11:12:58,106,INT-506,38,ARRIVAL,,1662
33,05:59:58,101,INT-501,0,DEPARTURE,,
33,06:27:23,101,INT-501,8.101,BREAKDOWN,7,
33,06:27:23,101,INT-501,8.101,REPAIRED,7,
33,06:39:51,102,INT-502,0,DEPARTURE,,
33,07:02:51,101,INT-501,20.075,CHECKPOINT,,
33,07:19:44,103,INT-503,0,DEPARTURE,,
33,07:42:44,102,INT-502,20.075,CHECKPOINT,,2393.28
33,07:52:59,101,INT-501,38,ARRIVAL,,
33,07:59:54,104,INT-504,0,DEPARTURE,,
33,08:22:37,103,INT-503,20.075,CHECKPOINT,,2393.28
33,08:32:52,102,INT-502,38,ARRIVAL,,2393.28
33,08:33:09,104,INT-504,9.661,BREAKDOWN,7,
33,08:38:24,104,INT-504,9.661,REPAIRED,7,
33,08:39:48,105,INT-505,0,DEPARTURE,,
33,09:08:03,104,INT-504,20.075,CHECKPOINT,,2725.68
33,09:12:45,103,INT-503,38,ARRIVAL,,2393.28
33,09:19:57,106,INT-506,0,DEPARTURE,,
33,09:42:40,105,INT-505,20.075,CHECKPOINT,,2077.5
33,09:58:11,104,INT-504,38,ARRIVAL,,2725.68
33,10:22:50,106,INT-506,20.075,CHECKPOINT,,2409.9
33,10:32:49,105,INT-505,38,ARRIVAL,,2077.5
33,11:03:17,106,INT-506,34.813,BREAKDOWN,30,
33,11:15:28,106,INT-506,34.813,REPAIRED,30,
33,11:25:10,106,INT-506,38,ARRIVAL,,3141.18
34,05:59:58,101,INT-501,0,DEPARTURE,,
34,06:39:51,102,INT-502,0,DEPARTURE,,
34,07:02:51,101,INT-501,20.075,CHECKPOINT,,
34,07:19:44,103,INT-503,0,DEPARTURE,,
34,07:42:44,102,INT-502,20.075,CHECKPOINT,,2393.28
34,07:52:59,101,INT-501,38,ARRIVAL,,
34,07:59:54,104,INT-504,0,DEPARTURE,,
34,08:22:37,103,INT-503,20.075,CHECKPOINT,,2393.28
34,08:32:52,102,INT-502,38,ARRIVAL,,2393.28
34,08:39:48,105,INT-505,0,DEPARTURE,,
34,08:42:01,105,INT-505,1.196,BREAKDOWN,0,
34,08:42:01,105,INT-505,1.196,REPAIRED,0,
34,09:00:17,103,INT-503,34.394,BREAKDOWN,30,
34,09:02:47,104,INT-504,20.075,CHECKPOINT,,2409.9
34,09:09:43,103,INT-503,34.394,REPAIRED,30,
34,09:16:55,105,INT-505,10.755,BREAKDOWN,7,
34,09:19:57,106,INT-506,0,DEPARTURE,,
34,09:22:10,103,INT-503,38,ARRIVAL,,2958.36
34,09:26:20,105,INT-505,10.755,REPAIRED,7,
34,09:52:05,105,INT-505,20.075,CHECKPOINT,,2958.36
34,09:52:55,104,INT-504,38,ARRIVAL,,1844.82
34,10:22:50,106,INT-506,20.075,CHECKPOINT,,1844.82
34,10:42:14,105,INT-505,38,ARRIVAL,,2958.36
34,11:12:58,106,INT-506,38,ARRIVAL,,1844.82
35,05:59:58,101,INT-501,0,DEPARTURE,,
35,06:39:51,102,INT-502,0,DEPARTURE,,
35,07:02:51,101,INT-501,20.075,CHECKPOINT,,
35,07:19:44,103,INT-503,0,DEPARTURE,,
35,07:42:44,102,INT-502,20.075,CHECKPOINT,,2393.28
35,07:52:59,101,INT-501,38,ARRIVAL,,
35,07:59:54,104,INT-504,0,DEPARTURE,,
35,08:04:37,102,INT-502,29.548,BREAKDOWN,30,
35,08:04:37,102,INT-502,29.548,REPAIRED,30,
35,08:15:42,102,INT-502,33.019,BREAKDOWN,30,
35,08:19:51,102,INT-502,33.019,REPAIRED,30,
35,08:22:37,103,INT-503,20.075,CHECKPOINT,,2393.28
35,08:37:01,102,INT-502,38,ARRIVAL,,2642.58
35,08:39:48,105,INT-505,0,DEPARTURE,,
35,09:02:47,104,INT-504,20.075,CHECKPOINT,,2409.9
35,09:12:45,103,INT-503,38,ARRIVAL,,2143.98
35,09:19:57,106,INT-506,0,DEPARTURE,,
35,09:26:20,105,INT-505,13.905,BREAKDOWN,15,
35,09:26:20,105,INT-505,13.905,REPAIRED,15,
35,09:42:40,105,INT-505,20.075,CHECKPOINT,,2393.28
35,09:49:36,105,INT-505,22.62,BREAKDOWN,20,
35,09:52:39,105,INT-505,22.62,REPAIRED,20,
35,09:52:55,104,INT-504,38,ARRIVAL,,2409.9
35,10:10:56,106,INT-506,15.932,BREAKDOWN,15,
35,10:10:56,106,INT-506,15.932,REPAIRED,15,
35,10:22:50,106,INT-506,20.075,CHECKPOINT,,2409.9
35,10:35:51,105,INT-505,38,ARRIVAL,,2576.1
35,11:12:58,106,INT-506,38,ARRIVAL,,2227.08
36,05:59:58,101,INT-501,0,DEPARTURE,,
36,06:39:51,102,INT-502,0,DEPARTURE,,
36,07:02:51,101,INT-501,20.075,CHECKPOINT,,
36,07:16:08,102,INT-502,10.511,BREAKDOWN,7,
36,07:19:44,103,INT-503,0,DEPARTURE,,
36,07:25:00,102,INT-502,10.511,REPAIRED,7,
36,07:51:36,102,INT-502,20.075,CHECKPOINT,,2925.12
36,07:52:59,101,INT-501,38,ARRIVAL,,
36,07:59:54,104,INT-504,0,DEPARTURE,,
36,08:01:34,104,INT-504,0.831,BREAKDOWN,0,
36,08:01:34,104,INT-504,0.831,REPAIRED,0,
36,08:22:37,103,INT-503,20.075,CHECKPOINT,,1861.44
36,08:39:48,105,INT-505,0,DEPARTURE,,
36,08:41:44,102,INT-502,38,ARRIVAL,,2925.12
36,09:02:47,104,INT-504,20.075,CHECKPOINT,,2409.9
36,09:12:45,103,INT-503,38,ARRIVAL,,1861.44
36,09:19:57,106,INT-506,0,DEPARTURE,,
36,09:42:40,105,INT-505,20.075,CHECKPOINT,,2393.28
36,09:48:46,104,INT-504,36.885,BREAKDOWN,30,
36,10:08:43,104,INT-504,36.885,REPAIRED,30,
36,10:12:52,104,INT-504,38,ARRIVAL,,3606.54
36,10:22:50,106,INT-506,20.075,CHECKPOINT,,2409.9
36,10:32:49,105,INT-505,38,ARRIVAL,,1196.64
36,11:12:58,106,INT-506,38,ARRIVAL,,2409.9
37,05:59:58,101,INT-501,0,DEPARTURE,,
37,06:39:51,102,INT-502,0,DEPARTURE,,
37,07:02:51,101,INT-501,20.075,CHECKPOINT,,
37,07:19:44,103,INT-503,0,DEPARTURE,,
37,07:42:44,102,INT-502,20.075,CHECKPOINT,,2393.28
37,07:52:59,101,INT-501,38,ARRIVAL,,
37,07:59:54,104,INT-504,0,DEPARTURE,,
37,08:22:37,103,INT-503,20.075,CHECKPOINT,,2393.28
37,08:32:52,102,INT-502,38,ARRIVAL,,2393.28
37,08:38:58,103,INT-503,26.906,BREAKDOWN,30,
37,08:39:48,105,INT-505,0,DEPARTURE,,
37,08:40:37,103,INT-503,26.906,REPAIRED,30,
37,08:51:59,104,INT-504,16.283,BREAKDOWN,15,
37,08:51:59,104,INT-504,16.283,REPAIRED,15,
37,09:00:34,105,INT-505,6.394,BREAKDOWN,7,
37,09:00:34,105,INT-505,6.394,REPAIRED,7,
37,09:02:47,104,INT-504,20.075,CHECKPOINT,,2409.9
37,09:14:25,103,INT-503,38,ARRIVAL,,2493
37,09:19:57,106,INT-506,0,DEPARTURE,,
37,09:28:33,105,INT-505,14.922,BREAKDOWN,15,
37,09:28:33,105,INT-505,14.922,REPAIRED,15,
37,09:42:40,105,INT-505,20.075,CHECKPOINT,,2393.28
37,09:52:55,104,INT-504,38,ARRIVAL,,2310.18
37,10:22:50,106,INT-506,20.075,CHECKPOINT,,2409.9
37,10:32:49,105,INT-505,38,ARRIVAL,,2393.28
37,11:12:58,106,INT-506,38,ARRIVAL,,2409.9
38,05:59:58,101,INT-501,0,DEPARTURE,,
38,06:39:51,102,INT-502,0,DEPARTURE,,
38,07:02:51,101,INT-501,20.075,CHECKPOINT,,
38,07:19:44,103,INT-503,0,DEPARTURE,,
38,07:42:44,102,INT-502,20.075,CHECKPOINT,,2393.28
38,07:52:59,101,INT-501,38,ARRIVAL,,
38,07:59:54,104,INT-504,0,DEPARTURE,,
38,08:18:44,102,INT-502,33.81,BREAKDOWN,30,
38,08:22:37,103,INT-503,20.075,CHECKPOINT,,2393.28
38,08:26:13,102,INT-502,33.81,REPAIRED,30,
38,08:31:46,104,INT-504,9.148,BREAKDOWN,7,
38,08:34:32,104,INT-504,9.148,REPAIRED,7,
38,08:39:48,105,INT-505,0,DEPARTURE,,
38,08:40:21,102,INT-502,38,ARRIVAL,,2842.02
38,09:00:17,103,INT-503,34.394,BREAKDOWN,30,
38,09:05:33,104,INT-504,20.075,CHECKPOINT,,2576.1
38,09:09:43,103,INT-503,34.394,REPAIRED,30,
38,09:19:57,106,INT-506,0,DEPARTURE,,
38,09:22:10,103,INT-503,38,ARRIVAL,,2509.62
38,09:42:40,105,INT-505,20.075,CHECKPOINT,,2227.08
38,09:55:41,104,INT-504,38,ARRIVAL,,2011.02
38,10:14:32,106,INT-506,17.358,BREAKDOWN,15,
38,10:16:28,106,INT-506,17.358,REPAIRED,15,
38,10:24:47,106,INT-506,20.075,CHECKPOINT,,2526.24
38,10:32:49,105,INT-505,38,ARRIVAL,,2227.08
38,11:10:29,106,INT-506,36.822,BREAKDOWN,30,
38,11:30:09,106,INT-506,36.822,REPAIRED,30,
38,11:34:35,106,INT-506,38,ARRIVAL,,3706.26
39,05:59:58,101,INT-501,0,DEPARTURE,,
39,06:34:19,101,INT-501,9.899,BREAKDOWN,7,
39,06:39:51,102,INT-502,0,DEPARTURE,,
39,06:40:24,101,INT-501,9.899,REPAIRED,7,
39,07:08:56,101,INT-501,20.075,CHECKPOINT,,
39,07:19:44,103,INT-503,0,DEPARTURE,,
39,07:31:22,103,INT-503,4.375,BREAKDOWN,7,
39,07:32:46,102,INT-502,16.688,BREAKDOWN,15,
39,07:33:19,102,INT-502,16.688,REPAIRED,15,
39,07:36:05,103,INT-503,4.375,REPAIRED,7,
39,07:43:17,102,INT-502,20.075,CHECKPOINT,,2060.88
39,07:59:04,101,INT-501,38,ARRIVAL,,
39,07:59:54,104,INT-504,0,DEPARTURE,,
39,08:27:20,103,INT-503,20.075,CHECKPOINT,,2642.58
39,08:33:25,102,INT-502,38,ARRIVAL,,2060.88
39,08:39:48,105,INT-505,0,DEPARTURE,,
39,09:02:47,104,INT-504,20.075,CHECKPOINT,,2127.36
39,09:16:55,104,INT-504,25.827,BREAKDOWN,30,
39,09:17:28,103,INT-503,38,ARRIVAL,,2642.58
39,09:19:57,106,INT-506,0,DEPARTURE,,
39,09:22:27,104,INT-504,25.827,REPAIRED,30,
39,09:42:40,105,INT-505,20.075,CHECKPOINT,,2393.28
39,09:58:28,104,INT-504,38,ARRIVAL,,2459.76
39,10:22:50,106,INT-506,20.075,CHECKPOINT,,2409.9
39,10:32:49,105,INT-505,38,ARRIVAL,,2060.88
39,11:12:58,106,INT-506,38,ARRIVAL,,2409.9
40,05:59:58,101,INT-501,0,DEPARTURE,,
40,06:39:51,102,INT-502,0,DEPARTURE,,
40,07:02:51,101,INT-501,20.075,CHECKPOINT,,
40,07:19:44,103,INT-503,0,DEPARTURE,,
40,07:42:44,102,INT-502,20.075,CHECKPOINT,,2393.28
40,07:52:59,101,INT-501,38,ARRIVAL,,
40,07:59:54,104,INT-504,0,DEPARTURE,,
40,08:04:37,102,INT-502,29.548,BREAKDOWN,30,
40,08:04:37,102,INT-502,29.548,REPAIRED,30,
40,08:22:37,103,INT-503,20.075,CHECKPOINT,,2393.28
40,08:30:56,102,INT-502,37.665,BREAKDOWN,30,
40,08:39:48,105,INT-505,0,DEPARTURE,,
40,08:52:32,102,INT-502,37.665,REPAIRED,30,
40,08:54:28,102,INT-502,38,ARRIVAL,,3689.64
40,08:58:38,104,INT-504,18.552,BREAKDOWN,20,
40,08:58:54,104,INT-504,18.552,REPAIRED,20,
40,09:03:04,104,INT-504,20.075,CHECKPOINT,,2426.52
40,09:12:45,103,INT-503,38,ARRIVAL,,1096.92
40,09:19:57,106,INT-506,0,DEPARTURE,,
40,09:35:45,104,INT-504,32.901,BREAKDOWN,30,
40,09:39:37,104,INT-504,32.901,REPAIRED,30,
40,09:42:40,105,INT-505,20.075,CHECKPOINT,,2376.66
40,09:57:05,104,INT-504,38,ARRIVAL,,2659.2
40,10:22:50,106,INT-506,20.075,CHECKPOINT,,2409.9
40,10:32:49,105,INT-505,38,ARRIVAL,,2143.98
40,11:12:58,106,INT-506,38,ARRIVAL,,2409.9
41,05:59:58,101,INT-501,0,DEPARTURE,,
41,06:39:51,102,INT-502,0,DEPARTURE,,
41,07:02:51,101,INT-501,20.075,CHECKPOINT,,
41,07:05:53,101,INT-501,21.514,BREAKDOWN,20,
41,07:06:10,101,INT-501,21.514,REPAIRED,20,
41,07:19:44,103,INT-503,0,DEPARTURE,,
41,07:42:44,102,INT-502,20.075,CHECKPOINT,,2393.28
41,07:53:15,101,INT-501,38,ARRIVAL,,
41,07:59:54,104,INT-504,0,DEPARTURE,,
41,08:22:37,103,INT-503,20.075,CHECKPOINT,,2393.28
41,08:32:52,102,INT-502,38,ARRIVAL,,2376.66
41,08:39:48,105,INT-505,0,DEPARTURE,,
41,09:02:47,104,INT-504,20.075,CHECKPOINT,,2409.9
41,09:10:49,105,INT-505,8.857,BREAKDOWN,7,
41,09:12:29,105,INT-505,8.857,REPAIRED,7,
41,09:12:45,103,INT-503,38,ARRIVAL,,2393.28
41,09:19:57,106,INT-506,0,DEPARTURE,,
41,09:23:34,104,INT-504,28.271,BREAKDOWN,30,
41,09:24:23,104,INT-504,28.271,REPAIRED,30,
41,09:44:20,105,INT-505,20.075,CHECKPOINT,,2493
41,09:53:45,104,INT-504,38,ARRIVAL,,2459.76
41,10:22:50,106,INT-506,20.075,CHECKPOINT,,2310.18
41,10:34:28,105,INT-505,38,ARRIVAL,,2443.14
41,11:12:58,106,INT-506,38,ARRIVAL,,2310.18
42,05:59:58,101,INT-501,0,DEPARTURE,,
42,06:39:51,102,INT-502,0,DEPARTURE,,
42,07:02:51,101,INT-501,20.075,CHECKPOINT,,
42,07:19:44,103,INT-503,0,DEPARTURE,,
42,07:42:44,102,INT-502,20.075,CHECKPOINT,,2393.28
42,07:52:59,101,INT-501,38,ARRIVAL,,
42,07:59:54,104,INT-504,0,DEPARTURE,,
42,08:22:37,103,INT-503,20.075,CHECKPOINT,,2393.28
42,08:30:39,102,INT-502,37.621,BREAKDOWN,30,
42,08:39:48,105,INT-505,0,DEPARTURE,,
42,08:51:59,102,INT-502,37.621,REPAIRED,30,
42,08:54:12,102,INT-502,38,ARRIVAL,,3673.02
42,09:02:47,104,INT-504,20.075,CHECKPOINT,,2409.9
42,09:12:45,103,INT-503,38,ARRIVAL,,1113.54
42,09:19:57,106,INT-506,0,DEPARTURE,,
42,09:42:40,105,INT-505,20.075,CHECKPOINT,,2393.28
42,09:52:55,104,INT-504,38,ARRIVAL,,2409.9
42,10:22:50,106,INT-506,20.075,CHECKPOINT,,2409.9
42,10:32:49,105,INT-505,38,ARRIVAL,,2393.28
42,11:12:58,106,INT-506,38,ARRIVAL,,2409.9
43,05:59:58,101,INT-501,0,DEPARTURE,,
43,06:39:51,102,INT-502,0,DEPARTURE,,
43,07:02:51,101,INT-501,20.075,CHECKPOINT,,
43,07:03:57,102,INT-502,7.388,BREAKDOWN,7,
43,07:03:57,102,INT-502,7.388,REPAIRED,7,
43,07:19:44,103,INT-503,0,DEPARTURE,,
43,07:42:44,102,INT-502,20.075,CHECKPOINT,,2393.28
43,07:48:16,103,INT-503,8.31,BREAKDOWN,7,
43,07:48:16,103,INT-503,8.31,REPAIRED,7,
43,07:52:59,101,INT-501,38,ARRIVAL,,
43,07:59:38,103,INT-503,11.624,BREAKDOWN,15,
43,07:59:54,104,INT-504,0,DEPARTURE,,
43,08:04:04,103,INT-503,11.624,REPAIRED,15,
43,08:27:03,103,INT-503,20.075,CHECKPOINT,,2659.2
43,08:32:52,102,INT-502,38,ARRIVAL,,2393.28
43,08:39:48,105,INT-505,0,DEPARTURE,,
43,09:02:30,103,INT-503,33.56,BREAKDOWN,30,
43,09:02:47,104,INT-504,20.075,CHECKPOINT,,2143.98
43,09:08:36,103,INT-503,33.56,REPAIRED,30,
43,09:19:57,106,INT-506,0,DEPARTURE,,
43,09:23:17,103,INT-503,38,ARRIVAL,,3024.84
43,09:42:40,105,INT-505,20.075,CHECKPOINT,,2393.28
43,09:52:55,104,INT-504,38,ARRIVAL,,1778.34
43,10:22:50,106,INT-506,20.075,CHECKPOINT,,2409.9
43,10:32:49,105,INT-505,38,ARRIVAL,,2393.28
43,11:12:58,106,INT-506,38,ARRIVAL,,2409.9
44,05:59:58,101,INT-501,0,DEPARTURE,,
44,06:39:51,102,INT-502,0,DEPARTURE,,
44,07:02:51,101,INT-501,20.075,CHECKPOINT,,
44,07:19:44,103,INT-503,0,DEPARTURE,,
44,07:42:44,102,INT-502,20.075,CHECKPOINT,,2393.28
44,07:52:59,101,INT-501,38,ARRIVAL,,
44,07:59:54,104,INT-504,0,DEPARTURE,,
44,08:22:37,103,INT-503,20.075,CHECKPOINT,,2393.28
44,08:32:52,102,INT-502,38,ARRIVAL,,2393.28
44,08:39:48,105,INT-505,0,DEPARTURE,,
44,09:02:47,104,INT-504,20.075,CHECKPOINT,,2409.9
44,09:12:45,103,INT-503,38,ARRIVAL,,2393.28
44,09:19:57,106,INT-506,0,DEPARTURE,,
44,09:28:16,104,INT-504,31.159,BREAKDOWN,30,
44,09:28:16,104,INT-504,31.159,REPAIRED,30,
44,09:29:56,105,INT-505,15.547,BREAKDOWN,15,
44,09:29:56,105,INT-505,15.547,REPAIRED,15,
44,09:42:40,105,INT-505,20.075,CHECKPOINT,,2393.28
44,09:52:55,104,INT-504,38,ARRIVAL,,2409.9
44,10:22:50,106,INT-506,20.075,CHECKPOINT,,2409.9
44,10:32:49,105,INT-505,38,ARRIVAL,,2393.28
44,11:12:58,106,INT-506,38,ARRIVAL,,2409.9
45,05:59:58,101,INT-501,0,DEPARTURE,,
45,06:39:51,102,INT-502,0,DEPARTURE,,
45,06:46:30,101,INT-501,13.905,BREAKDOWN,15,
45,06:46:30,101,INT-501,13.905,REPAIRED,15,
45,06:48:26,102,INT-502,3.527,BREAKDOWN,7,
45,06:55:22,102,INT-502,3.527,REPAIRED,7,
45,06:55:55,101,INT-501,17.702,BREAKDOWN,20,
45,06:58:25,101,INT-501,17.702,REPAIRED,20,
45,07:05:20,101,INT-501,20.075,CHECKPOINT,,
45,07:19:44,103,INT-503,0,DEPARTURE,,
45,07:49:39,102,INT-502,20.075,CHECKPOINT,,2659.2
45,07:55:28,101,INT-501,38,ARRIVAL,,
45,07:59:54,104,INT-504,0,DEPARTURE,,
45,08:22:37,103,INT-503,20.075,CHECKPOINT,,1977.78
45,08:39:48,105,INT-505,0,DEPARTURE,,
45,08:39:48,102,INT-502,38,ARRIVAL,,2659.2
45,08:46:26,103,INT-503,30.809,BREAKDOWN,30,
45,08:46:26,103,INT-503,30.809,REPAIRED,30,
45,09:02:47,104,INT-504,20.075,CHECKPOINT,,2409.9
45,09:12:45,103,INT-503,38,ARRIVAL,,1977.78
45,09:19:57,106,INT-506,0,DEPARTURE,,
45,09:32:42,104,INT-504,32.099,BREAKDOWN,30,
45,09:32:42,104,INT-504,32.099,REPAIRED,30,
45,09:42:40,105,INT-505,20.075,CHECKPOINT,,2393.28
45,09:52:55,104,INT-504,38,ARRIVAL,,2409.9
45,10:22:50,106,INT-506,20.075,CHECKPOINT,,2409.9
45,10:32:49,105,INT-505,38,ARRIVAL,,2393.28
45,11:12:58,106,INT-506,38,ARRIVAL,,2409.9
46,05:59:58,101,INT-501,0,DEPARTURE,,
46,06:39:51,102,INT-502,0,DEPARTURE,,
46,07:02:51,101,INT-501,20.075,CHECKPOINT,,
46,07:14:45,102,INT-502,10,BREAKDOWN,7,
46,07:19:44,103,INT-503,0,DEPARTURE,,
46,07:21:24,102,INT-502,10,REPAIRED,7,
46,07:32:29,101,INT-501,32.046,BREAKDOWN,30,
46,07:32:29,101,INT-501,32.046,REPAIRED,30,
46,07:38:01,103,INT-503,5.781,BREAKDOWN,7,
46,07:38:01,103,INT-503,5.781,REPAIRED,7,
46,07:49:23,102,INT-502,20.075,CHECKPOINT,,2792.16
46,07:52:59,101,INT-501,38,ARRIVAL,,
46,07:59:54,104,INT-504,0,DEPARTURE,,
46,08:22:37,103,INT-503,20.075,CHECKPOINT,,1994.4
46,08:39:31,102,INT-502,38,ARRIVAL,,2792.16
46,08:39:48,105,INT-505,0,DEPARTURE,,
46,09:02:47,104,INT-504,20.075,CHECKPOINT,,2409.9
46,09:12:45,103,INT-503,38,ARRIVAL,,1994.4
46,09:19:57,106,INT-506,0,DEPARTURE,,
46,09:42:40,105,INT-505,20.075,CHECKPOINT,,2393.28
46,09:52:55,104,INT-504,38,ARRIVAL,,2409.9
46,10:22:50,106,INT-506,20.075,CHECKPOINT,,2409.9
46,10:32:49,105,INT-505,38,ARRIVAL,,2393.28
46,11:12:58,106,INT-506,38,ARRIVAL,,2409.9
47,05:59:58,101,INT-501,0,DEPARTURE,,
47,06:15:29,101,INT-501,5.18,BREAKDOWN,7,
47,06:17:08,101,INT-501,5.18,REPAIRED,7,
47,06:39:51,102,INT-502,0,DEPARTURE,,
47,06:40:08,101,INT-501,11.109,BREAKDOWN,15,
47,06:46:13,101,INT-501,11.109,REPAIRED,15,
47,07:10:36,101,INT-501,20.075,CHECKPOINT,,
47,07:19:44,103,INT-503,0,DEPARTURE,,
47,07:42:44,102,INT-502,20.075,CHECKPOINT,,1927.92
47,07:59:54,104,INT-504,0,DEPARTURE,,
47,08:00:44,101,INT-501,38,ARRIVAL,,
47,08:22:37,103,INT-503,20.075,CHECKPOINT,,2393.28
47,08:31:12,104,INT-504,8.956,BREAKDOWN,7,
47,08:32:52,102,INT-502,38,ARRIVAL,,1927.92
47,08:33:09,104,INT-504,8.956,REPAIRED,7,
47,08:39:48,105,INT-505,0,DEPARTURE,,
47,09:04:43,104,INT-504,20.075,CHECKPOINT,,2526.24
47,09:12:45,103,INT-503,38,ARRIVAL,,2393.28
47,09:19:57,106,INT-506,0,DEPARTURE,,
47,09:42:40,105,INT-505,20.075,CHECKPOINT,,2276.94
47,09:54:52,104,INT-504,38,ARRIVAL,,2526.24
47,10:22:50,106,INT-506,20.075,CHECKPOINT,,2409.9
47,10:32:49,105,INT-505,38,ARRIVAL,,2276.94
47,11:12:58,106,INT-506,38,ARRIVAL,,2409.9
48,05:59:58,101,INT-501,0,DEPARTURE,,
48,06:31:33,101,INT-501,9.051,BREAKDOWN,7,
48,06:34:02,101,INT-501,9.051,REPAIRED,7,
48,06:39:51,102,INT-502,0,DEPARTURE,,
48,07:05:20,101,INT-501,20.075,CHECKPOINT,,
48,07:19:44,103,INT-503,0,DEPARTURE,,
48,07:42:44,102,INT-502,20.075,CHECKPOINT,,2243.7
48,07:55:28,101,INT-501,38,ARRIVAL,,
48,07:59:54,104,INT-504,0,DEPARTURE,,
48,08:22:37,103,INT-503,20.075,CHECKPOINT,,2393.28
48,08:32:52,102,INT-502,38,ARRIVAL,,2243.7
48,08:39:48,105,INT-505,0,DEPARTURE,,
48,09:00:01,105,INT-505,6.226,BREAKDOWN,7,
48,09:00:01,105,INT-505,6.226,REPAIRED,7,
48,09:02:47,104,INT-504,20.075,CHECKPOINT,,2409.9
48,09:12:45,103,INT-503,38,ARRIVAL,,2393.28
48,09:19:57,106,INT-506,0,DEPARTURE,,
48,09:42:40,105,INT-505,20.075,CHECKPOINT,,2393.28
48,09:44:03,106,INT-506,7.388,BREAKDOWN,7,
48,09:44:03,106,INT-506,7.388,REPAIRED,7,
48,09:52:55,104,INT-504,38,ARRIVAL,,2409.9
48,10:22:50,106,INT-506,20.075,CHECKPOINT,,2409.9
48,10:32:49,105,INT-505,38,ARRIVAL,,2393.28
48,11:12:58,106,INT-506,38,ARRIVAL,,2409.9
49,05:59:58,101,INT-501,0,DEPARTURE,,
49,06:39:51,102,INT-502,0,DEPARTURE,,
49,07:02:51,101,INT-501,20.075,CHECKPOINT,,
49,07:19:44,103,INT-503,0,DEPARTURE,,
49,07:42:44,102,INT-502,20.075,CHECKPOINT,,2393.28
49,07:52:59,101,INT-501,38,ARRIVAL,,
49,07:59:54,104,INT-504,0,DEPARTURE,,
49,08:22:37,103,INT-503,20.075,CHECKPOINT,,2393.28
49,08:32:52,102,INT-502,38,ARRIVAL,,2393.28
49,08:39:48,105,INT-505,0,DEPARTURE,,
49,09:02:47,104,INT-504,20.075,CHECKPOINT,,2409.9
49,09:12:45,103,INT-503,38,ARRIVAL,,2393.28
49,09:19:57,106,INT-506,0,DEPARTURE,,
49,09:42:40,105,INT-505,20.075,CHECKPOINT,,2393.28
49,09:52:55,104,INT-504,38,ARRIVAL,,2409.9
49,10:22:50,106,INT-506,20.075,CHECKPOINT,,2409.9
49,10:32:49,105,INT-505,38,ARRIVAL,,2393.28
49,11:12:58,106,INT-506,38,ARRIVAL,,2409.9
50,05:59:58,101,INT-501,0,DEPARTURE,,
50,06:39:51,102,INT-502,0,DEPARTURE,,
50,06:55:05,101,INT-501,17.417,BREAKDOWN,15,
50,06:57:18,101,INT-501,17.417,REPAIRED,15,
50,07:05:04,101,INT-501,20.075,CHECKPOINT,,
50,07:19:44,103,INT-503,0,DEPARTURE,,
50,07:42:44,102,INT-502,20.075,CHECKPOINT,,2260.32
50,07:55:12,101,INT-501,38,ARRIVAL,,
50,07:59:54,104,INT-504,0,DEPARTURE,,
50,08:03:14,102,INT-502,28.124,BREAKDOWN,30,
50,08:04:04,102,INT-502,28.124,REPAIRED,30,
50,08:22:37,103,INT-503,20.075,CHECKPOINT,,2393.28
50,08:33:42,102,INT-502,38,ARRIVAL,,2310.18
50,08:39:48,105,INT-505,0,DEPARTURE,,
50,09:02:47,104,INT-504,20.075,CHECKPOINT,,2409.9
50,09:12:45,103,INT-503,38,ARRIVAL,,2343.42
50,09:19:57,106,INT-506,0,DEPARTURE,,
50,09:42:40,105,INT-505,20.075,CHECKPOINT,,2393.28
50,09:52:55,104,INT-504,38,ARRIVAL,,2409.9
50,10:22:50,106,INT-506,20.075,CHECKPOINT,,2409.9
50,10:31:25,106,INT-506,23.306,BREAKDOWN,20,
50,10:32:49,105,INT-505,38,ARRIVAL,,2393.28
50,10:35:18,106,INT-506,23.306,REPAIRED,20,
50,11:16:51,106,INT-506,38,ARRIVAL,,2642.58
51,05:59:58,101,INT-501,0,DEPARTURE,,
51,06:39:51,102,INT-502,0,DEPARTURE,,
51,07:01:11,102,INT-502,6.564,BREAKDOWN,7,
51,07:01:11,102,INT-502,6.564,REPAIRED,7,
51,07:02:51,101,INT-501,20.075,CHECKPOINT,,
51,07:19:44,103,INT-503,0,DEPARTURE,,
51,07:42:44,102,INT-502,20.075,CHECKPOINT,,2393.28
51,07:52:59,101,INT-501,38,ARRIVAL,,
51,07:59:54,104,INT-504,0,DEPARTURE,,
51,08:22:37,103,INT-503,20.075,CHECKPOINT,,2393.28
51,08:32:52,102,INT-502,38,ARRIVAL,,2393.28
51,08:35:38,104,INT-504,10.263,BREAKDOWN,7,
51,08:39:48,105,INT-505,0,DEPARTURE,,
51,08:43:40,104,INT-504,10.263,REPAIRED,7,
51,09:10:49,104,INT-504,20.075,CHECKPOINT,,2891.88
51,09:12:45,103,INT-503,38,ARRIVAL,,2393.28
51,09:19:57,106,INT-506,0,DEPARTURE,,
51,09:42:40,105,INT-505,20.075,CHECKPOINT,,1911.3
51,10:00:57,104,INT-504,38,ARRIVAL,,2891.88
51,10:05:40,106,INT-506,13.519,BREAKDOWN,15,
51,10:05:56,106,INT-506,13.519,REPAIRED,15,
51,10:23:07,106,INT-506,20.075,CHECKPOINT,,2426.52
51,10:32:49,105,INT-505,38,ARRIVAL,,1911.3
51,11:13:15,106,INT-506,38,ARRIVAL,,2426.52
52,05:59:58,101,INT-501,0,DEPARTURE,,
52,06:39:51,102,INT-502,0,DEPARTURE,,
52,06:42:04,101,INT-501,12.252,BREAKDOWN,15,
52,06:45:07,101,INT-501,12.252,REPAIRED,15,
52,06:58:25,102,INT-502,5.865,BREAKDOWN,7,
52,06:58:25,102,INT-502,5.865,REPAIRED,7,
52,07:05:53,101,INT-501,20.075,CHECKPOINT,,
52,07:19:44,103,INT-503,0,DEPARTURE,,
52,07:26:07,102,INT-502,13.789,BREAKDOWN,15,
52,07:26:07,102,INT-502,13.789,REPAIRED,15,
52,07:28:20,101,INT-501,29.944,BREAKDOWN,30,
52,07:28:20,101,INT-501,29.944,REPAIRED,30,
52,07:42:44,102,INT-502,20.075,CHECKPOINT,,2210.46
52,07:56:02,101,INT-501,38,ARRIVAL,,
52,07:59:54,104,INT-504,0,DEPARTURE,,
52,08:04:53,102,INT-502,29.765,BREAKDOWN,30,
52,08:04:53,102,INT-502,29.765,REPAIRED,30,
52,08:22:37,103,INT-503,20.075,CHECKPOINT,,2393.28
52,08:32:52,102,INT-502,38,ARRIVAL,,2210.46
52,08:39:48,105,INT-505,0,DEPARTURE,,
52,09:02:47,104,INT-504,20.075,CHECKPOINT,,2409.9
52,09:12:45,103,INT-503,38,ARRIVAL,,2393.28
52,09:19:57,106,INT-506,0,DEPARTURE,,
52,09:42:40,105,INT-505,20.075,CHECKPOINT,,2393.28
52,09:52:55,104,INT-504,38,ARRIVAL,,2409.9
52,10:22:50,106,INT-506,20.075,CHECKPOINT,,2409.9
52,10:32:49,105,INT-505,38,ARRIVAL,,2393.28
52,11:12:58,106,INT-506,38,ARRIVAL,,2409.9
53,05:59:58,101,INT-501,0,DEPARTURE,,
53,06:30:59,101,INT-501,8.857,BREAKDOWN,7,
53,06:32:39,101,INT-501,8.857,REPAIRED,7,
53,06:39:51,102,INT-502,0,DEPARTURE,,
53,06:54:32,102,INT-502,4.967,BREAKDOWN,7,
53,06:56:45,102,INT-502,4.967,REPAIRED,7,
53,07:04:30,101,INT-501,20.075,CHECKPOINT,,
53,07:19:44,103,INT-503,0,DEPARTURE,,
53,07:44:57,102,INT-502,20.075,CHECKPOINT,,2426.52
53,07:49:39,102,INT-502,22.372,BREAKDOWN,20,
53,07:52:09,102,INT-502,22.372,REPAIRED,20,
53,07:54:39,101,INT-501,38,ARRIVAL,,
53,07:59:54,104,INT-504,0,DEPARTURE,,
53,08:22:37,103,INT-503,20.075,CHECKPOINT,,2260.32
53,08:37:35,102,INT-502,38,ARRIVAL,,2576.1
53,08:39:48,105,INT-505,0,DEPARTURE,,
53,09:02:47,104,INT-504,20.075,CHECKPOINT,,2409.9
53,09:12:45,103,INT-503,38,ARRIVAL,,2110.74
53,09:19:57,106,INT-506,0,DEPARTURE,,
53,09:25:13,105,INT-505,13.392,BREAKDOWN,15,
53,09:25:46,105,INT-505,13.392,REPAIRED,15,
53,09:43:14,105,INT-505,20.075,CHECKPOINT,,2426.52
53,09:52:55,104,INT-504,38,ARRIVAL,,2409.9
53,10:22:50,106,INT-506,20.075,CHECKPOINT,,2376.66
53,10:33:22,105,INT-505,38,ARRIVAL,,2426.52
53,11:12:58,106,INT-506,38,ARRIVAL,,2376.66
54,05:59:58,101,INT-501,0,DEPARTURE,,
54,06:39:51,102,INT-502,0,DEPARTURE,,
54,07:02:51,101,INT-501,20.075,CHECKPOINT,,
54,07:07:00,102,INT-502,7.99,BREAKDOWN,7,
54,07:07:00,102,INT-502,7.99,REPAIRED,7,
54,07:19:44,103,INT-503,0,DEPARTURE,,
54,07:42:44,102,INT-502,20.075,CHECKPOINT,,2393.28
54,07:52:59,101,INT-501,38,ARRIVAL,,
54,07:59:54,104,INT-504,0,DEPARTURE,,
54,08:04:20,103,INT-503,13.021,BREAKDOWN,15,
54,08:05:43,103,INT-503,13.021,REPAIRED,15,
54,08:24:00,103,INT-503,20.075,CHECKPOINT,,2476.38
54,08:31:12,102,INT-502,37.71,BREAKDOWN,30,
54,08:39:48,105,INT-505,0,DEPARTURE,,
54,08:53:05,102,INT-502,37.71,REPAIRED,30,
54,08:54:45,102,INT-502,38,ARRIVAL,,3706.26
54,09:02:47,104,INT-504,20.075,CHECKPOINT,,2326.8
54,09:14:08,103,INT-503,38,ARRIVAL,,1163.4
54,09:19:57,106,INT-506,0,DEPARTURE,,
54,09:37:25,106,INT-506,5.645,BREAKDOWN,7,
54,09:37:25,106,INT-506,5.645,REPAIRED,7,
54,09:42:40,105,INT-505,20.075,CHECKPOINT,,2393.28
54,09:52:55,104,INT-504,38,ARRIVAL,,2326.8
54,10:22:50,106,INT-506,20.075,CHECKPOINT,,2409.9
54,10:32:49,105,INT-505,38,ARRIVAL,,2393.28
54,11:12:58,106,INT-506,38,ARRIVAL,,2409.9
55,05:59:58,101,INT-501,0,DEPARTURE,,
55,06:39:51,102,INT-502,0,DEPARTURE,,
55,07:02:51,101,INT-501,20.075,CHECKPOINT,,
55,07:19:44,103,INT-503,0,DEPARTURE,,
55,07:23:37,101,INT-501,28.271,BREAKDOWN,30,
55,07:24:27,101,INT-501,28.271,REPAIRED,30,
55,07:42:11,102,INT-502,19.955,BREAKDOWN,20,
55,07:42:11,102,INT-502,19.955,REPAIRED,20,
55,07:42:44,102,INT-502,20.075,CHECKPOINT,,2393.28
55,07:53:49,101,INT-501,38,ARRIVAL,,
55,07:54:55,103,INT-503,10.107,BREAKDOWN,7,
55,07:59:54,104,INT-504,0,DEPARTURE,,
55,08:01:51,103,INT-503,10.107,REPAIRED,7,
55,08:19:18,104,INT-504,6.084,BREAKDOWN,7,
55,08:19:18,104,INT-504,6.084,REPAIRED,7,
55,08:21:14,103,INT-503,17.358,BREAKDOWN,15,
55,08:23:10,103,INT-503,17.358,REPAIRED,15,
55,08:31:29,103,INT-503,20.075,CHECKPOINT,,2925.12
55,08:32:52,102,INT-502,38,ARRIVAL,,2343.42
55,08:39:48,105,INT-505,0,DEPARTURE,,
55,09:02:47,104,INT-504,20.075,CHECKPOINT,,1878.06
55,09:19:57,106,INT-506,0,DEPARTURE,,
55,09:21:37,103,INT-503,38,ARRIVAL,,2925.12
55,09:42:40,105,INT-505,20.075,CHECKPOINT,,2393.28
55,09:52:55,104,INT-504,38,ARRIVAL,,1878.06
55,10:22:50,106,INT-506,20.075,CHECKPOINT,,2409.9
55,10:32:15,106,INT-506,23.739,BREAKDOWN,20,
55,10:32:49,105,INT-505,38,ARRIVAL,,2393.28
55,10:36:58,106,INT-506,23.739,REPAIRED,20,
55,10:51:39,106,INT-506,30.888,BREAKDOWN,30,
55,10:51:39,106,INT-506,30.888,REPAIRED,30,
55,11:17:41,106,INT-506,38,ARRIVAL,,2692.44
56,05:59:58,101,INT-501,0,DEPARTURE,,
56,06:27:07,101,INT-501,7.99,BREAKDOWN,7,
56,06:27:07,101,INT-501,7.99,REPAIRED,7,
56,06:39:51,102,INT-502,0,DEPARTURE,,
56,07:02:51,101,INT-501,20.075,CHECKPOINT,,
56,07:09:46,102,INT-502,8.659,BREAKDOWN,7,
56,07:10:36,102,INT-502,8.659,REPAIRED,7,
56,07:19:44,103,INT-503,0,DEPARTURE,,
56,07:43:34,102,INT-502,20.075,CHECKPOINT,,2443.14
56,07:52:59,101,INT-501,38,ARRIVAL,,
56,07:59:54,104,INT-504,0,DEPARTURE,,
56,08:12:55,102,INT-502,32.044,BREAKDOWN,30,
56,08:12:55,102,INT-502,32.044,REPAIRED,30,
56,08:22:37,103,INT-503,20.075,CHECKPOINT,,2343.42
56,08:33:42,102,INT-502,38,ARRIVAL,,2443.14
56,08:39:48,105,INT-505,0,DEPARTURE,,
56,09:02:47,104,INT-504,20.075,CHECKPOINT,,2409.9
56,09:06:06,103,INT-503,35.901,BREAKDOWN,30,
56,09:19:57,106,INT-506,0,DEPARTURE,,
56,09:20:47,103,INT-503,35.901,REPAIRED,30,
56,09:26:20,104,INT-504,30.589,BREAKDOWN,30,
56,09:26:20,104,INT-504,30.589,REPAIRED,30,
56,09:27:26,103,INT-503,38,ARRIVAL,,3224.28
56,09:42:40,105,INT-505,20.075,CHECKPOINT,,2393.28
56,09:52:55,104,INT-504,38,ARRIVAL,,1529.04
56,10:22:50,106,INT-506,20.075,CHECKPOINT,,2409.9
56,10:27:00,106,INT-506,22.067,BREAKDOWN,20,
56,10:28:56,106,INT-506,22.067,REPAIRED,20,
56,10:32:49,105,INT-505,38,ARRIVAL,,2393.28
56,10:43:37,106,INT-506,27.82,BREAKDOWN,30,
56,10:44:43,106,INT-506,27.82,REPAIRED,30,
56,11:16:01,106,INT-506,38,ARRIVAL,,2592.72
57,05:59:58,101,INT-501,0,DEPARTURE,,
57,06:29:53,101,INT-501,8.659,BREAKDOWN,7,
57,06:30:43,101,INT-501,8.659,REPAIRED,7,
57,06:39:51,102,INT-502,0,DEPARTURE,,
57,07:03:40,101,INT-501,20.075,CHECKPOINT,,
57,07:19:44,103,INT-503,0,DEPARTURE,,
57,07:40:14,103,INT-503,6.298,BREAKDOWN,7,
57,07:40:14,103,INT-503,6.298,REPAIRED,7,
57,07:42:44,102,INT-502,20.075,CHECKPOINT,,2343.42
57,07:53:49,101,INT-501,38,ARRIVAL,,
57,07:59:54,104,INT-504,0,DEPARTURE,,
57,08:22:37,103,INT-503,20.075,CHECKPOINT,,2393.28
57,08:32:52,102,INT-502,38,ARRIVAL,,2343.42
57,08:39:48,105,INT-505,0,DEPARTURE,,
57,09:02:47,104,INT-504,20.075,CHECKPOINT,,2409.9
57,09:12:45,103,INT-503,38,ARRIVAL,,2393.28
57,09:19:57,106,INT-506,0,DEPARTURE,,
57,09:42:40,105,INT-505,20.075,CHECKPOINT,,2393.28
57,09:52:55,104,INT-504,38,ARRIVAL,,2409.9
57,10:22:50,106,INT-506,20.075,CHECKPOINT,,2409.9
57,10:32:49,105,INT-505,38,ARRIVAL,,2393.28
57,11:12:58,106,INT-506,38,ARRIVAL,,2409.9
58,05:59:58,101,INT-501,0,DEPARTURE,,
58,06:39:51,102,INT-502,0,DEPARTURE,,
58,07:02:51,101,INT-501,20.075,CHECKPOINT,,
58,07:08:23,102,INT-502,8.31,BREAKDOWN,7,
58,07:08:23,102,INT-502,8.31,REPAIRED,7,
58,07:19:44,103,INT-503,0,DEPARTURE,,
58,07:42:44,102,INT-502,20.075,CHECKPOINT,,2393.28
58,07:52:59,101,INT-501,38,ARRIVAL,,
58,07:59:54,104,INT-504,0,DEPARTURE,,
58,08:22:37,103,INT-503,20.075,CHECKPOINT,,2393.28
58,08:32:52,102,INT-502,38,ARRIVAL,,2393.28
58,08:39:48,105,INT-505,0,DEPARTURE,,
58,09:02:47,104,INT-504,20.075,CHECKPOINT,,2409.9
58,09:09:26,105,INT-505,8.556,BREAKDOWN,7,
58,09:09:59,105,INT-505,8.556,REPAIRED,7,
58,09:12:45,103,INT-503,38,ARRIVAL,,2393.28
58,09:19:57,106,INT-506,0,DEPARTURE,,
58,09:43:14,105,INT-505,20.075,CHECKPOINT,,2426.52
58,09:46:16,105,INT-505,21.514,BREAKDOWN,20,
58,09:46:33,105,INT-505,21.514,REPAIRED,20,
58,09:52:22,106,INT-506,9.4,BREAKDOWN,7,
58,09:52:55,104,INT-504,38,ARRIVAL,,2409.9
58,09:56:31,106,INT-506,9.4,REPAIRED,7,
58,10:27:00,106,INT-506,20.075,CHECKPOINT,,2625.96
58,10:33:38,105,INT-505,38,ARRIVAL,,2443.14
58,11:17:08,106,INT-506,38,ARRIVAL,,2609.34
59,05:59:58,101,INT-501,0,DEPARTURE,,
59,06:39:51,102,INT-502,0,DEPARTURE,,
59,07:02:51,101,INT-501,20.075,CHECKPOINT,,
59,07:19:44,103,INT-503,0,DEPARTURE,,
59,07:42:44,102,INT-502,20.075,CHECKPOINT,,2393.28
59,07:52:59,101,INT-501,38,ARRIVAL,,
59,07:59:54,104,INT-504,0,DEPARTURE,,
59,08:22:37,103,INT-503,20.075,CHECKPOINT,,2393.28
59,08:32:52,102,INT-502,38,ARRIVAL,,2393.28
59,08:39:48,105,INT-505,0,DEPARTURE,,
59,09:02:47,104,INT-504,20.075,CHECKPOINT,,2409.9
59,09:12:45,103,INT-503,38,ARRIVAL,,2393.28
59,09:19:57,106,INT-506,0,DEPARTURE,,
59,09:42:40,105,INT-505,20.075,CHECKPOINT,,2393.28
59,09:52:55,104,INT-504,38,ARRIVAL,,2409.9
59,10:22:50,106,INT-506,20.075,CHECKPOINT,,2409.9
59,10:32:49,105,INT-505,38,ARRIVAL,,2393.28
59,11:04:23,106,INT-506,34.955,BREAKDOWN,30,
59,11:16:51,106,INT-506,34.955,REPAIRED,30,
59,11:25:26,106,INT-506,38,ARRIVAL,,3157.8
60,05:59:58,101,INT-501,0,DEPARTURE,,
60,06:39:51,102,INT-502,0,DEPARTURE,,
60,07:02:51,101,INT-501,20.075,CHECKPOINT,,
60,07:19:44,103,INT-503,0,DEPARTURE,,
60,07:41:21,103,INT-503,6.692,BREAKDOWN,7,
60,07:41:21,103,INT-503,6.692,REPAIRED,7,
60,07:42:44,102,INT-502,20.075,CHECKPOINT,,2393.28
60,07:52:59,101,INT-501,38,ARRIVAL,,
60,07:59:54,104,INT-504,0,DEPARTURE,,
60,08:21:31,102,INT-502,34.71,BREAKDOWN,30,
60,08:22:37,103,INT-503,20.075,CHECKPOINT,,2393.28
60,08:32:52,102,INT-502,34.71,REPAIRED,30,
60,08:39:48,105,INT-505,0,DEPARTURE,,
60,08:41:44,102,INT-502,37.492,BREAKDOWN,30,
60,09:02:47,104,INT-504,20.075,CHECKPOINT,,2409.9
60,09:03:04,102,INT-502,37.492,REPAIRED,30,
60,09:05:33,102,INT-502,38,ARRIVAL,,4354.44
60,09:12:45,103,INT-503,38,ARRIVAL,,432.12
60,09:13:52,104,INT-504,24.378,BREAKDOWN,20,
60,09:19:57,106,INT-506,0,DEPARTURE,,
60,09:21:54,104,INT-504,24.378,REPAIRED,20,
60,09:42:40,105,INT-505,20.075,CHECKPOINT,,2393.28
60,10:00:57,104,INT-504,38,ARRIVAL,,2891.88
60,10:22:50,106,INT-506,20.075,CHECKPOINT,,2409.9
60,10:25:03,105,INT-505,35.415,BREAKDOWN,30,
60,10:38:21,105,INT-505,35.415,REPAIRED,30,
60,10:45:50,105,INT-505,38,BREAKDOWN,30,
60,11:07:59,105,INT-505,38,REPAIRED,30,
60,11:08:16,105,INT-505,38,ARRIVAL,,4038.66
60,11:12:58,106,INT-506,38,ARRIVAL,,282.54
61,05:59:58,101,INT-501,0,DEPARTURE,,
61,06:39:51,102,INT-502,0,DEPARTURE,,
61,06:53:25,101,INT-501,16.936,BREAKDOWN,15,
61,06:54:32,101,INT-501,16.936,REPAIRED,15,
61,07:03:57,101,INT-501,20.075,CHECKPOINT,,
61,07:19:44,103,INT-503,0,DEPARTURE,,
61,07:42:44,102,INT-502,20.075,CHECKPOINT,,2326.8
61,07:54:05,101,INT-501,38,ARRIVAL,,
61,07:59:54,104,INT-504,0,DEPARTURE,,
61,08:01:01,103,INT-503,12.01,BREAKDOWN,15,
61,08:04:37,103,INT-503,12.01,REPAIRED,15,
61,08:26:13,103,INT-503,20.075,CHECKPOINT,,2609.34
61,08:32:52,102,INT-502,38,ARRIVAL,,2326.8
61,08:39:48,105,INT-505,0,DEPARTURE,,
61,09:02:47,104,INT-504,20.075,CHECKPOINT,,2193.84
61,09:16:21,103,INT-503,38,ARRIVAL,,2609.34
61,09:19:57,106,INT-506,0,DEPARTURE,,
61,09:42:40,105,INT-505,20.075,CHECKPOINT,,2393.28
61,09:52:55,104,INT-504,38,ARRIVAL,,2193.84
61,10:15:21,105,INT-505,32.901,BREAKDOWN,30,
61,10:19:14,105,INT-505,32.901,REPAIRED,30,
61,10:22:50,106,INT-506,20.075,CHECKPOINT,,2409.9
61,10:36:41,105,INT-505,38,ARRIVAL,,2625.96
61,11:12:58,106,INT-506,38,ARRIVAL,,2177.22
62,05:59:58,101,INT-501,0,DEPARTURE,,
62,06:31:49,101,INT-501,9.148,BREAKDOWN,7,
62,06:34:35,101,INT-501,9.148,REPAIRED,7,
62,06:39:51,102,INT-502,0,DEPARTURE,,
62,06:44:50,101,INT-501,12.252,BREAKDOWN,15,
62,06:47:53,101,INT-501,12.252,REPAIRED,15,
62,07:08:40,101,INT-501,20.075,CHECKPOINT,,
62,07:19:44,103,INT-503,0,DEPARTURE,,
62,07:42:44,102,INT-502,20.075,CHECKPOINT,,2044.26
62,07:49:23,103,INT-503,8.556,BREAKDOWN,7,
62,07:49:56,103,INT-503,8.556,REPAIRED,7,
62,07:58:48,101,INT-501,38,ARRIVAL,,
62,07:59:54,104,INT-504,0,DEPARTURE,,
62,08:23:10,103,INT-503,20.075,CHECKPOINT,,2426.52
62,08:25:40,103,INT-503,21.045,BREAKDOWN,20,
62,08:25:40,103,INT-503,21.045,REPAIRED,20,
62,08:32:52,102,INT-502,38,ARRIVAL,,2044.26
62,08:39:48,105,INT-505,0,DEPARTURE,,
62,09:02:47,104,INT-504,20.075,CHECKPOINT,,2376.66
62,09:13:19,103,INT-503,38,ARRIVAL,,2426.52
62,09:19:57,106,INT-506,0,DEPARTURE,,
62,09:42:40,105,INT-505,20.075,CHECKPOINT,,2393.28
62,09:52:55,104,INT-504,38,ARRIVAL,,2376.66
62,10:22:50,106,INT-506,20.075,CHECKPOINT,,2409.9
62,10:32:49,105,INT-505,38,ARRIVAL,,2393.28
62,11:12:58,106,INT-506,38,ARRIVAL,,2409.9
63,05:59:58,101,INT-501,0,DEPARTURE,,
63,06:39:51,102,INT-502,0,DEPARTURE,,
63,06:57:35,101,INT-501,18.251,BREAKDOWN,20,
63,06:58:41,101,INT-501,18.251,REPAIRED,20,
63,07:03:57,101,INT-501,20.075,CHECKPOINT,,
63,07:19:44,103,INT-503,0,DEPARTURE,,
63,07:30:33,102,INT-502,15.804,BREAKDOWN,15,
63,07:30:33,102,INT-502,15.804,REPAIRED,15,
63,07:30:49,103,INT-503,4.306,BREAKDOWN,7,
63,07:35:32,103,INT-503,4.306,REPAIRED,7,
63,07:42:44,102,INT-502,20.075,CHECKPOINT,,2326.8
63,07:54:05,101,INT-501,38,ARRIVAL,,
63,07:59:54,104,INT-504,0,DEPARTURE,,
63,08:23:44,102,INT-502,34.918,BREAKDOWN,30,
63,08:27:20,103,INT-503,20.075,CHECKPOINT,,2675.82
63,08:35:38,102,INT-502,34.918,REPAIRED,30,
63,08:39:48,105,INT-505,0,DEPARTURE,,
63,08:44:47,102,INT-502,38,ARRIVAL,,3041.46
63,08:47:16,105,INT-505,3.176,BREAKDOWN,0,
63,08:51:42,105,INT-505,3.176,REPAIRED,0,
63,08:58:21,104,INT-504,18.513,BREAKDOWN,20,
63,08:58:38,104,INT-504,18.513,REPAIRED,20,
63,09:03:04,104,INT-504,20.075,CHECKPOINT,,2143.98
63,09:17:28,103,INT-503,38,ARRIVAL,,1961.16
63,09:19:57,106,INT-506,0,DEPARTURE,,
63,09:37:08,104,INT-504,33.092,BREAKDOWN,30,
63,09:41:17,104,INT-504,33.092,REPAIRED,30,
63,09:47:06,105,INT-505,20.075,CHECKPOINT,,2642.58
63,09:57:21,104,INT-504,38,ARRIVAL,,2393.28
63,10:22:50,106,INT-506,20.075,CHECKPOINT,,2143.98
63,10:37:14,105,INT-505,38,ARRIVAL,,2393.28
63,11:12:58,106,INT-506,38,ARRIVAL,,2143.98
64,05:59:58,101,INT-501,0,DEPARTURE,,
64,06:39:51,102,INT-502,0,DEPARTURE,,
64,07:02:51,101,INT-501,20.075,CHECKPOINT,,
64,07:19:44,103,INT-503,0,DEPARTURE,,
64,07:22:47,102,INT-502,12.491,BREAKDOWN,15,
64,07:25:17,102,INT-502,12.491,REPAIRED,15,
64,07:45:13,102,INT-502,20.075,CHECKPOINT,,2542.86
64,07:52:59,101,INT-501,38,ARRIVAL,,
64,07:59:54,104,INT-504,0,DEPARTURE,,
64,08:01:01,102,INT-502,26.613,BREAKDOWN,30,
64,08:02:57,102,INT-502,26.613,REPAIRED,30,
64,08:22:37,103,INT-503,20.075,CHECKPOINT,,2243.7
64,08:37:18,102,INT-502,38,ARRIVAL,,2659.2
64,08:39:48,105,INT-505,0,DEPARTURE,,
64,09:02:47,104,INT-504,20.075,CHECKPOINT,,2409.9
64,09:05:17,104,INT-504,21.045,BREAKDOWN,20,
64,09:05:17,104,INT-504,21.045,REPAIRED,20,
64,09:12:45,103,INT-503,38,ARRIVAL,,2127.36
64,09:19:57,106,INT-506,0,DEPARTURE,,
64,09:37:25,106,INT-506,5.645,BREAKDOWN,7,
64,09:37:25,106,INT-506,5.645,REPAIRED,7,
64,09:42:40,105,INT-505,20.075,CHECKPOINT,,2393.28
64,09:47:06,104,INT-504,36.262,BREAKDOWN,30,
64,10:02:37,104,INT-504,36.262,REPAIRED,30,
64,10:08:26,104,INT-504,38,ARRIVAL,,3340.62
64,10:16:28,106,INT-506,17.881,BREAKDOWN,20,
64,10:18:24,106,INT-506,17.881,REPAIRED,20,
64,10:24:47,106,INT-506,20.075,CHECKPOINT,,2526.24
64,10:32:49,105,INT-505,38,ARRIVAL,,1462.56
64,11:14:55,106,INT-506,38,ARRIVAL,,2526.24
65,05:59:58,101,INT-501,0,DEPARTURE,,
65,06:39:51,102,INT-502,0,DEPARTURE,,
65,07:02:51,101,INT-501,20.075,CHECKPOINT,,
65,07:19:44,103,INT-503,0,DEPARTURE,,
65,07:30:33,101,INT-501,31.78,BREAKDOWN,30,
65,07:30:33,101,INT-501,31.78,REPAIRED,30,
65,07:42:44,102,INT-502,20.075,CHECKPOINT,,2393.28
65,07:52:59,101,INT-501,38,ARRIVAL,,
65,07:59:54,104,INT-504,0,DEPARTURE,,
65,08:22:37,103,INT-503,20.075,CHECKPOINT,,2393.28
65,08:32:52,102,INT-502,38,ARRIVAL,,2393.28
65,08:39:48,105,INT-505,0,DEPARTURE,,
65,09:02:47,104,INT-504,20.075,CHECKPOINT,,2409.9
65,09:12:45,103,INT-503,38,ARRIVAL,,2393.28
65,09:19:57,106,INT-506,0,DEPARTURE,,
65,09:42:40,105,INT-505,20.075,CHECKPOINT,,2393.28
65,09:52:55,104,INT-504,38,ARRIVAL,,2409.9
65,10:22:50,106,INT-506,20.075,CHECKPOINT,,2409.9
65,10:32:49,105,INT-505,38,ARRIVAL,,2393.28
65,11:12:58,106,INT-506,38,ARRIVAL,,2409.9
66,05:59:58,101,INT-501,0,DEPARTURE,,
66,06:39:51,102,INT-502,0,DEPARTURE,,
66,07:02:51,101,INT-501,20.075,CHECKPOINT,,
66,07:08:40,102,INT-502,8.414,BREAKDOWN,7,
66,07:08:40,102,INT-502,8.414,REPAIRED,7,
66,07:19:44,103,INT-503,0,DEPARTURE,,
66,07:42:44,102,INT-502,20.075,CHECKPOINT,,2393.28
66,07:52:59,101,INT-501,38,ARRIVAL,,
66,07:59:54,104,INT-504,0,DEPARTURE,,
66,08:22:37,103,INT-503,20.075,CHECKPOINT,,2393.28
66,08:32:52,102,INT-502,38,ARRIVAL,,2393.28
66,08:39:48,105,INT-505,0,DEPARTURE,,
66,09:02:47,104,INT-504,20.075,CHECKPOINT,,2409.9
66,09:09:26,104,INT-504,22.553,BREAKDOWN,20,
66,09:12:12,104,INT-504,22.553,REPAIRED,20,
66,09:12:45,103,INT-503,38,ARRIVAL,,2393.28
66,09:19:57,106,INT-506,0,DEPARTURE,,
66,09:42:40,105,INT-505,20.075,CHECKPOINT,,2393.28
66,09:55:41,104,INT-504,38,ARRIVAL,,2576.1
66,10:22:50,106,INT-506,20.075,CHECKPOINT,,2409.9
66,10:32:49,105,INT-505,38,ARRIVAL,,2227.08
66,10:56:54,106,INT-506,33.092,BREAKDOWN,30,
66,11:01:04,106,INT-506,33.092,REPAIRED,30,
66,11:17:08,106,INT-506,38,ARRIVAL,,2659.2
67,05:59:58,101,INT-501,0,DEPARTURE,,
67,06:39:51,102,INT-502,0,DEPARTURE,,
67,07:02:51,101,INT-501,20.075,CHECKPOINT,,
67,07:19:44,103,INT-503,0,DEPARTURE,,
67,07:42:44,102,INT-502,20.075,CHECKPOINT,,2393.28
67,07:52:59,101,INT-501,38,ARRIVAL,,
67,07:59:54,104,INT-504,0,DEPARTURE,,
67,08:22:37,103,INT-503,20.075,CHECKPOINT,,2393.28
67,08:32:52,102,INT-502,38,ARRIVAL,,2393.28
67,08:39:48,105,INT-505,0,DEPARTURE,,
67,09:02:47,104,INT-504,20.075,CHECKPOINT,,2409.9
67,09:12:45,103,INT-503,38,ARRIVAL,,2393.28
67,09:19:57,106,INT-506,0,DEPARTURE,,
67,09:42:40,105,INT-505,20.075,CHECKPOINT,,2393.28
67,09:52:55,104,INT-504,38,ARRIVAL,,2409.9
67,10:22:50,106,INT-506,20.075,CHECKPOINT,,2409.9
67,10:28:06,106,INT-506,22.44,BREAKDOWN,20,
67,10:30:36,106,INT-506,22.44,REPAIRED,20,
67,10:32:49,105,INT-505,38,ARRIVAL,,2393.28
67,11:15:28,106,INT-506,38,ARRIVAL,,2559.48
68,05:59:58,101,INT-501,0,DEPARTURE,,
68,06:03:51,101,INT-501,1.6,BREAKDOWN,0,
68,06:03:51,101,INT-501,1.6,REPAIRED,0,
68,06:39:51,102,INT-502,0,DEPARTURE,,
68,07:02:51,101,INT-501,20.075,CHECKPOINT,,
68,07:19:44,103,INT-503,0,DEPARTURE,,
68,07:42:44,102,INT-502,20.075,CHECKPOINT,,2393.28
68,07:52:59,101,INT-501,38,ARRIVAL,,
68,07:59:54,104,INT-504,0,DEPARTURE,,
68,08:22:37,103,INT-503,20.075,CHECKPOINT,,2393.28
68,08:32:52,102,INT-502,38,ARRIVAL,,2393.28
68,08:39:48,105,INT-505,0,DEPARTURE,,
68,09:02:47,104,INT-504,20.075,CHECKPOINT,,2409.9
68,09:12:45,103,INT-503,38,ARRIVAL,,2393.28
68,09:15:15,105,INT-505,10.118,BREAKDOWN,7,
68,09:16:38,104,INT-504,25.702,BREAKDOWN,30,
68,09:19:57,106,INT-506,0,DEPARTURE,,
68,09:22:10,105,INT-505,10.118,REPAIRED,7,
68,09:22:27,104,INT-504,25.702,REPAIRED,30,
68,09:49:36,105,INT-505,20.075,CHECKPOINT,,2808.78
68,09:58:44,104,INT-504,38,ARRIVAL,,2758.92
68,10:22:50,106,INT-506,20.075,CHECKPOINT,,1994.4
68,10:39:44,105,INT-505,38,ARRIVAL,,2459.76
68,11:12:58,106,INT-506,38,ARRIVAL,,1994.4
69,05:59:58,101,INT-501,0,DEPARTURE,,
69,06:39:51,102,INT-502,0,DEPARTURE,,
69,07:02:51,101,INT-501,20.075,CHECKPOINT,,
69,07:19:44,103,INT-503,0,DEPARTURE,,
69,07:42:44,102,INT-502,20.075,CHECKPOINT,,2393.28
69,07:52:59,101,INT-501,38,ARRIVAL,,
69,07:59:54,104,INT-504,0,DEPARTURE,,
69,08:22:37,103,INT-503,20.075,CHECKPOINT,,2393.28
69,08:24:00,104,INT-504,7.388,BREAKDOWN,7,
69,08:24:00,104,INT-504,7.388,REPAIRED,7,
69,08:32:52,102,INT-502,38,ARRIVAL,,2393.28
69,08:39:48,105,INT-505,0,DEPARTURE,,
69,09:02:47,104,INT-504,20.075,CHECKPOINT,,2409.9
69,09:07:30,105,INT-505,8.111,BREAKDOWN,7,
69,09:07:30,105,INT-505,8.111,REPAIRED,7,
69,09:12:45,103,INT-503,38,ARRIVAL,,2393.28
69,09:19:57,106,INT-506,0,DEPARTURE,,
69,09:23:34,106,INT-506,1.519,BREAKDOWN,0,
69,09:23:34,106,INT-506,1.519,REPAIRED,0,
69,09:42:40,105,INT-505,20.075,CHECKPOINT,,2393.28
69,09:52:55,104,INT-504,38,ARRIVAL,,2409.9
69,10:22:50,106,INT-506,20.075,CHECKPOINT,,2409.9
69,10:32:49,105,INT-505,38,ARRIVAL,,2393.28
69,11:12:58,106,INT-506,38,ARRIVAL,,2409.9
70,05:59:58,101,INT-501,0,DEPARTURE,,
70,06:39:51,102,INT-502,0,DEPARTURE,,
70,07:02:51,101,INT-501,20.075,CHECKPOINT,,
70,07:16:25,102,INT-502,10.632,BREAKDOWN,7,
70,07:19:44,103,INT-503,0,DEPARTURE,,
70,07:25:33,102,INT-502,10.632,REPAIRED,7,
70,07:51:52,102,INT-502,20.075,CHECKPOINT,,2941.74
70,07:52:59,101,INT-501,38,ARRIVAL,,
70,07:59:54,104,INT-504,0,DEPARTURE,,
70,08:22:37,103,INT-503,20.075,CHECKPOINT,,1844.82
70,08:39:48,105,INT-505,0,DEPARTURE,,
70,08:42:01,102,INT-502,38,ARRIVAL,,2941.74
70,09:02:47,104,INT-504,20.075,CHECKPOINT,,2409.9
70,09:12:45,103,INT-503,38,ARRIVAL,,1844.82
70,09:19:57,106,INT-506,0,DEPARTURE,,
70,09:42:40,105,INT-505,20.075,CHECKPOINT,,2393.28
70,09:52:55,104,INT-504,38,ARRIVAL,,2409.9
70,10:22:50,106,INT-506,20.075,CHECKPOINT,,2409.9
70,10:32:49,105,INT-505,38,ARRIVAL,,2393.28
70,11:09:22,106,INT-506,37.105,BREAKDOWN,30,
70,11:29:36,106,INT-506,37.105,REPAIRED,30,
70,11:33:12,106,INT-506,38,ARRIVAL,,3623.16
71,05:59:58,101,INT-501,0,DEPARTURE,,
71,06:39:51,102,INT-502,0,DEPARTURE,,
71,07:02:51,101,INT-501,20.075,CHECKPOINT,,
71,07:06:10,102,INT-502,7.803,BREAKDOWN,7,
71,07:06:10,102,INT-502,7.803,REPAIRED,7,
71,07:19:44,103,INT-503,0,DEPARTURE,,
71,07:42:44,102,INT-502,20.075,CHECKPOINT,,2393.28
71,07:52:59,101,INT-501,38,ARRIVAL,,
71,07:59:54,104,INT-504,0,DEPARTURE,,
71,08:22:37,103,INT-503,20.075,CHECKPOINT,,2393.28
71,08:32:52,102,INT-502,38,ARRIVAL,,2393.28
71,08:38:41,104,INT-504,11.213,BREAKDOWN,15,
71,08:39:48,105,INT-505,0,DEPARTURE,,
71,08:44:13,104,INT-504,11.213,REPAIRED,15,
71,09:08:19,104,INT-504,20.075,CHECKPOINT,,2742.3
71,09:12:45,103,INT-503,38,ARRIVAL,,2393.28
71,09:19:57,106,INT-506,0,DEPARTURE,,
71,09:42:40,105,INT-505,20.075,CHECKPOINT,,2060.88
71,09:58:28,104,INT-504,38,ARRIVAL,,2742.3
71,10:22:50,106,INT-506,20.075,CHECKPOINT,,2409.9
71,10:32:49,105,INT-505,38,ARRIVAL,,2060.88
71,10:44:27,106,INT-506,29.189,BREAKDOWN,30,
71,10:44:27,106,INT-506,29.189,REPAIRED,30,
71,11:12:58,106,INT-506,38,ARRIVAL,,2409.9
72,05:59:58,101,INT-501,0,DEPARTURE,,
72,06:19:21,101,INT-501,6.084,BREAKDOWN,7,
72,06:19:21,101,INT-501,6.084,REPAIRED,7,
72,06:39:51,102,INT-502,0,DEPARTURE,,
72,06:39:51,101,INT-501,11.624,BREAKDOWN,15,
72,06:44:17,101,INT-501,11.624,REPAIRED,15,
72,07:07:16,101,INT-501,20.075,CHECKPOINT,,
72,07:19:44,103,INT-503,0,DEPARTURE,,
72,07:28:20,101,INT-501,28.575,BREAKDOWN,30,
72,07:28:36,101,INT-501,28.575,REPAIRED,30,
72,07:42:44,102,INT-502,20.075,CHECKPOINT,,2127.36
72,07:51:19,101,INT-501,35.99,BREAKDOWN,30,
72,07:59:54,104,INT-504,0,DEPARTURE,,
72,08:06:17,101,INT-501,35.99,REPAIRED,30,
72,08:12:39,101,INT-501,38,ARRIVAL,,
72,08:22:37,103,INT-503,20.075,CHECKPOINT,,2393.28
72,08:32:52,102,INT-502,38,ARRIVAL,,1213.26
72,08:39:48,105,INT-505,0,DEPARTURE,,
72,09:02:47,104,INT-504,20.075,CHECKPOINT,,2409.9
72,09:12:45,103,INT-503,38,ARRIVAL,,2393.28
72,09:19:57,106,INT-506,0,DEPARTURE,,
72,09:28:16,104,INT-504,31.159,BREAKDOWN,30,
72,09:28:16,104,INT-504,31.159,REPAIRED,30,
72,09:42:40,105,INT-505,20.075,CHECKPOINT,,2393.28
72,09:44:03,104,INT-504,34.933,BREAKDOWN,30,
72,09:56:15,104,INT-504,34.933,REPAIRED,30,
72,10:05:07,104,INT-504,38,ARRIVAL,,3141.18
72,10:07:03,105,INT-505,31,BREAKDOWN,30,
72,10:07:03,105,INT-505,31,REPAIRED,30,
72,10:22:50,106,INT-506,20.075,CHECKPOINT,,2409.9
72,10:27:49,106,INT-506,22.411,BREAKDOWN,20,
72,10:30:19,106,INT-506,22.411,REPAIRED,20,
72,10:32:49,105,INT-505,38,ARRIVAL,,1662
72,10:50:32,106,INT-506,31.086,BREAKDOWN,30,
72,10:50:32,106,INT-506,31.086,REPAIRED,30,
72,11:15:28,106,INT-506,38,ARRIVAL,,2559.48
73,05:59:58,101,INT-501,0,DEPARTURE,,
73,06:39:51,102,INT-502,0,DEPARTURE,,
73,07:02:51,101,INT-501,20.075,CHECKPOINT,,
73,07:18:55,102,INT-502,11.35,BREAKDOWN,15,
73,07:19:44,103,INT-503,0,DEPARTURE,,
73,07:23:54,102,INT-502,11.35,REPAIRED,15,
73,07:47:43,102,INT-502,20.075,CHECKPOINT,,2692.44
73,07:52:59,101,INT-501,38,ARRIVAL,,
73,07:59:54,104,INT-504,0,DEPARTURE,,
73,08:22:37,103,INT-503,20.075,CHECKPOINT,,2094.12
73,08:37:51,102,INT-502,38,ARRIVAL,,2692.44
73,08:39:48,105,INT-505,0,DEPARTURE,,
73,09:00:51,105,INT-505,6.44,BREAKDOWN,7,
73,09:00:51,105,INT-505,6.44,REPAIRED,7,
73,09:02:47,104,INT-504,20.075,CHECKPOINT,,2409.9
73,09:12:45,103,INT-503,38,ARRIVAL,,2094.12
73,09:19:57,106,INT-506,0,DEPARTURE,,
73,09:42:40,105,INT-505,20.075,CHECKPOINT,,2393.28
73,09:52:55,104,INT-504,38,ARRIVAL,,2409.9
73,10:18:58,106,INT-506,18.691,BREAKDOWN,20,
73,10:18:58,106,INT-506,18.691,REPAIRED,20,
73,10:22:50,106,INT-506,20.075,CHECKPOINT,,2409.9
73,10:32:32,105,INT-505,38,BREAKDOWN,30,
73,10:54:42,105,INT-505,38,REPAIRED,30,
73,10:54:58,105,INT-505,38,ARRIVAL,,3722.88
73,11:12:58,106,INT-506,38,ARRIVAL,,1080.3
74,05:59:58,101,INT-501,0,DEPARTURE,,
74,06:39:51,102,INT-502,0,DEPARTURE,,
74,06:49:00,101,INT-501,15.05,BREAKDOWN,15,
74,06:49:00,101,INT-501,15.05,REPAIRED,15,
74,07:02:51,101,INT-501,20.075,CHECKPOINT,,
74,07:19:44,103,INT-503,0,DEPARTURE,,
74,07:42:44,102,INT-502,20.075,CHECKPOINT,,2393.28
74,07:52:59,101,INT-501,38,ARRIVAL,,
74,07:59:54,104,INT-504,0,DEPARTURE,,
74,08:22:37,103,INT-503,20.075,CHECKPOINT,,2393.28
74,08:32:52,102,INT-502,38,ARRIVAL,,2393.28
74,08:39:48,105,INT-505,0,DEPARTURE,,
74,08:51:42,105,INT-505,4.404,BREAKDOWN,7,
74,08:56:08,105,INT-505,4.404,REPAIRED,7,
74,09:02:47,104,INT-504,20.075,CHECKPOINT,,2409.9
74,09:12:45,103,INT-503,38,ARRIVAL,,2393.28
74,09:16:38,105,INT-505,9.4,BREAKDOWN,7,
74,09:19:57,106,INT-506,0,DEPARTURE,,
74,09:19:57,104,INT-504,27.195,BREAKDOWN,30,
74,09:20:47,105,INT-505,9.4,REPAIRED,7,
74,09:21:21,104,INT-504,27.195,REPAIRED,30,
74,09:41:17,104,INT-504,33.956,BREAKDOWN,30,
74,09:44:37,105,INT-505,17.765,BREAKDOWN,20,
74,09:46:50,105,INT-505,17.765,REPAIRED,20,
74,09:49:19,104,INT-504,33.956,REPAIRED,30,
74,09:53:28,105,INT-505,20.075,CHECKPOINT,,3041.46
74,10:02:20,104,INT-504,38,ARRIVAL,,2974.98
74,10:22:50,106,INT-506,20.075,CHECKPOINT,,1761.72
74,10:43:37,105,INT-505,38,ARRIVAL,,2476.38
74,11:12:58,106,INT-506,38,ARRIVAL,,1761.72
75,05:59:58,101,INT-501,0,DEPARTURE,,
75,06:39:51,102,INT-502,0,DEPARTURE,,
75,07:02:51,101,INT-501,20.075,CHECKPOINT,,
75,07:19:44,103,INT-503,0,DEPARTURE,,
75,07:42:44,102,INT-502,20.075,CHECKPOINT,,2393.28
75,07:52:59,101,INT-501,38,ARRIVAL,,
75,07:59:54,104,INT-504,0,DEPARTURE,,
75,08:22:37,103,INT-503,20.075,CHECKPOINT,,2393.28
75,08:32:52,102,INT-502,38,ARRIVAL,,2393.28
75,08:39:48,105,INT-505,0,DEPARTURE,,
75,08:43:57,105,INT-505,1.812,BREAKDOWN,0,
75,08:43:57,105,INT-505,1.812,REPAIRED,0,
75,08:45:53,105,INT-505,2.764,BREAKDOWN,0,
75,08:48:56,105,INT-505,2.764,REPAIRED,0,
75,09:02:47,104,INT-504,20.075,CHECKPOINT,,2409.9
75,09:03:54,103,INT-503,34.933,BREAKDOWN,30,
75,09:16:05,103,INT-503,34.933,REPAIRED,30,
75,09:19:57,106,INT-506,0,DEPARTURE,,
75,09:24:57,103,INT-503,38,ARRIVAL,,3124.56
75,09:45:43,105,INT-505,20.075,CHECKPOINT,,2576.1
75,09:52:55,104,INT-504,38,ARRIVAL,,1678.62
75,10:22:50,106,INT-506,20.075,CHECKPOINT,,2227.08
75,10:35:51,105,INT-505,38,ARRIVAL,,2576.1
75,10:59:07,106,INT-506,33.912,BREAKDOWN,30,
75,11:07:09,106,INT-506,33.912,REPAIRED,30,
75,11:21:00,106,INT-506,38,ARRIVAL,,2709.06
76,05:59:58,101,INT-501,0,DEPARTURE,,
76,06:39:51,102,INT-502,0,DEPARTURE,,
76,07:02:51,101,INT-501,20.075,CHECKPOINT,,
76,07:19:44,103,INT-503,0,DEPARTURE,,
76,07:42:44,102,INT-502,20.075,CHECKPOINT,,2393.28
76,07:52:59,101,INT-501,38,ARRIVAL,,
76,07:59:54,104,INT-504,0,DEPARTURE,,
76,08:15:25,103,INT-503,17.644,BREAKDOWN,20,
76,08:18:11,103,INT-503,17.644,REPAIRED,20,
76,08:20:41,103,INT-503,18.497,BREAKDOWN,20,
76,08:20:57,103,INT-503,18.497,REPAIRED,20,
76,08:25:40,103,INT-503,20.075,CHECKPOINT,,2576.1
76,08:32:52,102,INT-502,38,ARRIVAL,,2393.28
76,08:39:48,105,INT-505,0,DEPARTURE,,
76,09:02:47,104,INT-504,20.075,CHECKPOINT,,2227.08
76,09:15:48,103,INT-503,38,ARRIVAL,,2576.1
76,09:19:57,106,INT-506,0,DEPARTURE,,
76,09:29:23,105,INT-505,15.303,BREAKDOWN,15,
76,09:29:23,105,INT-505,15.303,REPAIRED,15,
76,09:42:40,105,INT-505,20.075,CHECKPOINT,,2393.28
76,09:52:55,104,INT-504,38,ARRIVAL,,2227.08
76,10:22:50,106,INT-506,20.075,CHECKPOINT,,2409.9
76,10:32:15,105,INT-505,37.906,BREAKDOWN,30,
76,10:54:25,105,INT-505,37.906,REPAIRED,30,
76,10:54:58,105,INT-505,38,ARRIVAL,,3722.88
76,11:12:58,106,INT-506,38,ARRIVAL,,1080.3
77,05:59:58,101,INT-501,0,DEPARTURE,,
77,06:23:47,101,INT-501,7.232,BREAKDOWN,7,
77,06:23:47,101,INT-501,7.232,REPAIRED,7,
77,06:39:51,102,INT-502,0,DEPARTURE,,
77,07:02:51,101,INT-501,20.075,CHECKPOINT,,
77,07:19:44,103,INT-503,0,DEPARTURE,,
77,07:34:58,101,INT-501,32.793,BREAKDOWN,30,
77,07:38:35,101,INT-501,32.793,REPAIRED,30,
77,07:42:44,102,INT-502,20.075,CHECKPOINT,,2393.28
77,07:56:35,101,INT-501,38,ARRIVAL,,
77,07:59:54,104,INT-504,0,DEPARTURE,,
77,08:22:37,103,INT-503,20.075,CHECKPOINT,,2393.28
77,08:32:52,102,INT-502,38,ARRIVAL,,2177.22
77,08:39:48,105,INT-505,0,DEPARTURE,,
77,09:02:47,104,INT-504,20.075,CHECKPOINT,,2409.9
77,09:12:45,103,INT-503,38,ARRIVAL,,2393.28
77,09:17:28,104,INT-504,26.02,BREAKDOWN,30,
77,09:19:57,106,INT-506,0,DEPARTURE,,
77,09:22:10,104,INT-504,26.02,REPAIRED,30,
77,09:42:40,105,INT-505,20.075,CHECKPOINT,,2393.28
77,09:57:38,104,INT-504,38,ARRIVAL,,2692.44
77,10:22:50,106,INT-506,20.075,CHECKPOINT,,2409.9
77,10:32:49,105,INT-505,38,ARRIVAL,,2110.74
77,11:12:58,106,INT-506,38,ARRIVAL,,2409.9
78,05:59:58,101,INT-501,0,DEPARTURE,,
78,06:14:22,101,INT-501,4.934,BREAKDOWN,7,
78,06:16:52,101,INT-501,4.934,REPAIRED,7,
78,06:39:51,102,INT-502,0,DEPARTURE,,
78,07:05:20,101,INT-501,20.075,CHECKPOINT,,
78,07:19:44,103,INT-503,0,DEPARTURE,,
78,07:42:44,102,INT-502,20.075,CHECKPOINT,,2243.7
78,07:55:28,101,INT-501,38,ARRIVAL,,
78,07:59:54,104,INT-504,0,DEPARTURE,,
78,08:22:37,103,INT-503,20.075,CHECKPOINT,,2393.28
78,08:32:52,102,INT-502,38,ARRIVAL,,2243.7
78,08:39:48,105,INT-505,0,DEPARTURE,,
78,09:02:47,104,INT-504,20.075,CHECKPOINT,,2409.9
78,09:12:45,103,INT-503,38,ARRIVAL,,2393.28
78,09:19:57,106,INT-506,0,DEPARTURE,,
78,09:42:40,105,INT-505,20.075,CHECKPOINT,,2393.28
78,09:52:55,104,INT-504,38,ARRIVAL,,2409.9
78,09:57:54,106,INT-506,10.942,BREAKDOWN,7,
78,10:07:53,106,INT-506,10.942,REPAIRED,7,
78,10:27:49,105,INT-505,36.661,BREAKDOWN,30,
78,10:32:49,106,INT-506,20.075,CHECKPOINT,,3008.22
78,10:47:13,105,INT-505,36.661,REPAIRED,30,
78,10:52:12,105,INT-505,38,ARRIVAL,,3556.68
78,11:22:57,106,INT-506,38,ARRIVAL,,1844.82
79,05:59:58,101,INT-501,0,DEPARTURE,,
79,06:39:51,102,INT-502,0,DEPARTURE,,
79,07:02:17,101,INT-501,19.955,BREAKDOWN,20,
79,07:02:17,101,INT-501,19.955,REPAIRED,20,
79,07:02:51,101,INT-501,20.075,CHECKPOINT,,
79,07:19:44,103,INT-503,0,DEPARTURE,,
79,07:42:44,102,INT-502,20.075,CHECKPOINT,,2393.28
79,07:52:59,101,INT-501,38,ARRIVAL,,
79,07:59:54,104,INT-504,0,DEPARTURE,,
79,08:08:46,102,INT-502,31.223,BREAKDOWN,30,
79,08:08:46,102,INT-502,31.223,REPAIRED,30,
79,08:22:37,103,INT-503,20.075,CHECKPOINT,,2393.28
79,08:32:52,102,INT-502,38,ARRIVAL,,2393.28
79,08:39:48,105,INT-505,0,DEPARTURE,,
79,09:02:47,104,INT-504,20.075,CHECKPOINT,,2409.9
79,09:10:16,104,INT-504,22.722,BREAKDOWN,20,
79,09:12:45,103,INT-503,38,ARRIVAL,,2393.28
79,09:13:19,104,INT-504,22.722,REPAIRED,20,
79,09:19:57,106,INT-506,0,DEPARTURE,,
79,09:42:40,105,INT-505,20.075,CHECKPOINT,,2393.28
79,09:55:58,104,INT-504,38,ARRIVAL,,2592.72
79,10:22:50,106,INT-506,20.075,CHECKPOINT,,2409.9
79,10:32:49,105,INT-505,38,ARRIVAL,,2210.46
79,10:44:43,106,INT-506,29.548,BREAKDOWN,30,
79,10:44:43,106,INT-506,29.548,REPAIRED,30,
79,11:12:58,106,INT-506,38,ARRIVAL,,2409.9
80,05:59:58,101,INT-501,0,DEPARTURE,,
80,06:39:51,102,INT-502,0,DEPARTURE,,
80,07:02:51,101,INT-501,20.075,CHECKPOINT,,
80,07:19:44,103,INT-503,0,DEPARTURE,,
80,07:42:44,102,INT-502,20.075,CHECKPOINT,,2393.28
80,07:44:24,102,INT-502,20.599,BREAKDOWN,20,
80,07:44:24,102,INT-502,20.599,REPAIRED,20,
80,07:52:59,101,INT-501,38,ARRIVAL,,
80,07:59:54,104,INT-504,0,DEPARTURE,,
80,08:22:37,103,INT-503,20.075,CHECKPOINT,,2393.28
80,08:32:52,102,INT-502,38,ARRIVAL,,2393.28
80,08:39:48,105,INT-505,0,DEPARTURE,,
80,09:02:47,104,INT-504,20.075,CHECKPOINT,,2409.9
80,09:11:39,105,INT-505,9.148,BREAKDOWN,7,
80,09:12:45,103,INT-503,38,ARRIVAL,,2393.28
80,09:14:25,105,INT-505,9.148,REPAIRED,7,
80,09:19:57,106,INT-506,0,DEPARTURE,,
80,09:45:27,105,INT-505,20.075,CHECKPOINT,,2559.48
80,09:52:55,104,INT-504,38,ARRIVAL,,2409.9
80,09:55:08,105,INT-505,23.89,BREAKDOWN,20,
80,10:00:24,105,INT-505,23.89,REPAIRED,20,
80,10:22:50,106,INT-506,20.075,CHECKPOINT,,2243.7
80,10:40:51,105,INT-505,38,ARRIVAL,,2875.26
80,11:12:58,106,INT-506,38,ARRIVAL,,1927.92
81,05:59:58,101,INT-501,0,DEPARTURE,,
81,06:39:51,102,INT-502,0,DEPARTURE,,
81,07:02:51,101,INT-501,20.075,CHECKPOINT,,
81,07:19:44,103,INT-503,0,DEPARTURE,,
81,07:42:44,102,INT-502,20.075,CHECKPOINT,,2393.28
81,07:52:59,101,INT-501,38,ARRIVAL,,
81,07:59:54,104,INT-504,0,DEPARTURE,,
81,08:22:37,103,INT-503,20.075,CHECKPOINT,,2393.28
81,08:32:52,102,INT-502,38,ARRIVAL,,2393.28
81,08:39:48,105,INT-505,0,DEPARTURE,,
81,09:02:47,104,INT-504,20.075,CHECKPOINT,,2409.9
81,09:12:45,103,INT-503,38,ARRIVAL,,2393.28
81,09:19:57,106,INT-506,0,DEPARTURE,,
81,09:42:40,105,INT-505,20.075,CHECKPOINT,,2393.28
81,09:52:55,104,INT-504,38,ARRIVAL,,2409.9
81,10:22:50,106,INT-506,20.075,CHECKPOINT,,2409.9
81,10:32:49,105,INT-505,38,ARRIVAL,,2393.28
81,11:12:58,106,INT-506,38,ARRIVAL,,2409.9
82,05:59:58,101,INT-501,0,DEPARTURE,,
82,06:39:51,102,INT-502,0,DEPARTURE,,
82,07:02:51,101,INT-501,20.075,CHECKPOINT,,
82,07:19:44,103,INT-503,0,DEPARTURE,,
82,07:42:44,102,INT-502,20.075,CHECKPOINT,,2393.28
82,07:52:59,101,INT-501,38,ARRIVAL,,
82,07:59:54,104,INT-504,0,DEPARTURE,,
82,08:22:37,103,INT-503,20.075,CHECKPOINT,,2393.28
82,08:32:52,102,INT-502,38,ARRIVAL,,2393.28
82,08:39:48,105,INT-505,0,DEPARTURE,,
82,09:02:47,104,INT-504,20.075,CHECKPOINT,,2409.9
82,09:12:45,103,INT-503,38,ARRIVAL,,2393.28
82,09:19:57,106,INT-506,0,DEPARTURE,,
82,09:42:40,105,INT-505,20.075,CHECKPOINT,,2393.28
82,09:52:55,104,INT-504,38,ARRIVAL,,2409.9
82,10:20:04,105,INT-505,34.246,BREAKDOWN,30,
82,10:22:50,106,INT-506,20.075,CHECKPOINT,,2409.9
82,10:29:12,105,INT-505,34.246,REPAIRED,30,
82,10:41:57,105,INT-505,38,ARRIVAL,,2941.74
82,11:12:58,106,INT-506,38,ARRIVAL,,1861.44
83,05:59:58,101,INT-501,0,DEPARTURE,,
83,06:39:51,102,INT-502,0,DEPARTURE,,
83,06:50:06,102,INT-502,4.127,BREAKDOWN,7,
83,06:55:05,102,INT-502,4.127,REPAIRED,7,
83,07:02:51,101,INT-501,20.075,CHECKPOINT,,
83,07:19:44,103,INT-503,0,DEPARTURE,,
83,07:35:15,101,INT-501,32.849,BREAKDOWN,30,
83,07:39:08,101,INT-501,32.849,REPAIRED,30,
83,07:47:43,102,INT-502,20.075,CHECKPOINT,,2692.44
83,07:56:51,101,INT-501,38,ARRIVAL,,
83,07:59:54,104,INT-504,0,DEPARTURE,,
83,08:22:37,103,INT-503,20.075,CHECKPOINT,,2094.12
83,08:37:51,102,INT-502,38,ARRIVAL,,2459.76
83,08:39:48,105,INT-505,0,DEPARTURE,,
83,09:02:47,104,INT-504,20.075,CHECKPOINT,,2409.9
83,09:03:20,103,INT-503,34.909,BREAKDOWN,30,
83,09:15:15,103,INT-503,34.909,REPAIRED,30,
83,09:19:57,106,INT-506,0,DEPARTURE,,
83,09:24:40,103,INT-503,38,ARRIVAL,,2808.78
83,09:42:40,105,INT-505,20.075,CHECKPOINT,,2393.28
83,09:52:55,104,INT-504,38,ARRIVAL,,1695.24
83,10:22:50,106,INT-506,20.075,CHECKPOINT,,2409.9
83,10:32:49,105,INT-505,38,ARRIVAL,,2393.28
83,11:12:58,106,INT-506,38,ARRIVAL,,2409.9
84,05:59:58,101,INT-501,0,DEPARTURE,,
84,06:39:51,102,INT-502,0,DEPARTURE,,
84,07:02:51,101,INT-501,20.075,CHECKPOINT,,
84,07:19:44,103,INT-503,0,DEPARTURE,,
84,07:42:44,102,INT-502,20.075,CHECKPOINT,,2393.28
84,07:52:59,101,INT-501,38,ARRIVAL,,
84,07:59:54,104,INT-504,0,DEPARTURE,,
84,08:02:57,103,INT-503,12.566,BREAKDOWN,15,
84,08:05:27,103,INT-503,12.566,REPAIRED,15,
84,08:12:39,103,INT-503,15.675,BREAKDOWN,15,
84,08:12:39,103,INT-503,15.675,REPAIRED,15,
84,08:25:07,103,INT-503,20.075,CHECKPOINT,,2542.86
84,08:32:52,102,INT-502,38,ARRIVAL,,2393.28
84,08:39:48,105,INT-505,0,DEPARTURE,,
84,09:02:47,104,INT-504,20.075,CHECKPOINT,,2260.32
84,09:15:15,103,INT-503,38,ARRIVAL,,2542.86
84,09:19:57,106,INT-506,0,DEPARTURE,,
84,09:42:40,105,INT-505,20.075,CHECKPOINT,,2393.28
84,09:52:55,104,INT-504,38,ARRIVAL,,2260.32
84,10:17:34,106,INT-506,18.251,BREAKDOWN,20,
84,10:18:41,106,INT-506,18.251,REPAIRED,20,
84,10:23:57,106,INT-506,20.075,CHECKPOINT,,2476.38
84,10:32:49,105,INT-505,38,ARRIVAL,,2393.28
84,11:14:05,106,INT-506,38,ARRIVAL,,2476.38
85,05:59:58,101,INT-501,0,DEPARTURE,,
85,06:39:51,102,INT-502,0,DEPARTURE,,
85,07:02:51,101,INT-501,20.075,CHECKPOINT,,
85,07:19:44,103,INT-503,0,DEPARTURE,,
85,07:31:56,101,INT-501,31.976,BREAKDOWN,30,
85,07:31:56,101,INT-501,31.976,REPAIRED,30,
85,07:42:44,102,INT-502,20.075,CHECKPOINT,,2393.28
85,07:52:59,101,INT-501,38,ARRIVAL,,
85,07:59:54,104,INT-504,0,DEPARTURE,,
85,08:22:37,103,INT-503,20.075,CHECKPOINT,,2393.28
85,08:32:52,102,INT-502,38,ARRIVAL,,2393.28
85,08:39:48,105,INT-505,0,DEPARTURE,,
85,09:02:47,104,INT-504,20.075,CHECKPOINT,,2409.9
85,09:12:45,103,INT-503,38,ARRIVAL,,2393.28
85,09:19:57,106,INT-506,0,DEPARTURE,,
85,09:41:50,106,INT-506,6.816,BREAKDOWN,7,
85,09:41:50,106,INT-506,6.816,REPAIRED,7,
85,09:42:40,105,INT-505,20.075,CHECKPOINT,,2393.28
85,09:52:55,104,INT-504,38,ARRIVAL,,2409.9
85,10:22:50,106,INT-506,20.075,CHECKPOINT,,2409.9
85,10:32:49,105,INT-505,38,ARRIVAL,,2393.28
85,11:12:58,106,INT-506,38,ARRIVAL,,2409.9
86,05:59:58,101,INT-501,0,DEPARTURE,,
86,06:39:51,102,INT-502,0,DEPARTURE,,
86,07:02:51,101,INT-501,20.075,CHECKPOINT,,
86,07:19:44,103,INT-503,0,DEPARTURE,,
86,07:42:44,102,INT-502,20.075,CHECKPOINT,,2393.28
86,07:52:59,101,INT-501,38,ARRIVAL,,
86,07:59:54,104,INT-504,0,DEPARTURE,,
86,08:22:37,103,INT-503,20.075,CHECKPOINT,,2393.28
86,08:32:52,102,INT-502,38,ARRIVAL,,2393.28
86,08:39:48,105,INT-505,0,DEPARTURE,,
86,08:50:19,104,INT-504,15.675,BREAKDOWN,15,
86,08:50:19,104,INT-504,15.675,REPAIRED,15,
86,09:02:47,104,INT-504,20.075,CHECKPOINT,,2409.9
86,09:12:45,103,INT-503,38,ARRIVAL,,2393.28
86,09:19:57,106,INT-506,0,DEPARTURE,,
86,09:42:40,105,INT-505,20.075,CHECKPOINT,,2393.28
86,09:46:33,104,INT-504,35.99,BREAKDOWN,30,
86,10:01:30,104,INT-504,35.99,REPAIRED,30,
86,10:07:53,104,INT-504,38,ARRIVAL,,3307.38
86,10:12:02,106,INT-506,16.283,BREAKDOWN,15,
86,10:12:02,106,INT-506,16.283,REPAIRED,15,
86,10:22:50,106,INT-506,20.075,CHECKPOINT,,2409.9
86,10:32:49,105,INT-505,38,ARRIVAL,,1495.8
86,11:12:58,106,INT-506,38,ARRIVAL,,2409.9
87,05:59:58,101,INT-501,0,DEPARTURE,,
87,06:39:51,102,INT-502,0,DEPARTURE,,
87,07:02:51,101,INT-501,20.075,CHECKPOINT,,
87,07:19:44,103,INT-503,0,DEPARTURE,,
87,07:42:44,102,INT-502,20.075,CHECKPOINT,,2393.28
87,07:52:59,101,INT-501,38,ARRIVAL,,
87,07:59:54,104,INT-504,0,DEPARTURE,,
87,08:22:37,103,INT-503,20.075,CHECKPOINT,,2393.28
87,08:32:52,102,INT-502,38,ARRIVAL,,2393.28
87,08:38:08,104,INT-504,11.079,BREAKDOWN,15,
87,08:39:48,105,INT-505,0,DEPARTURE,,
87,08:44:13,104,INT-504,11.079,REPAIRED,15,
87,08:50:19,104,INT-504,12.9,BREAKDOWN,15,
87,08:51:59,104,INT-504,12.9,REPAIRED,15,
87,09:10:32,104,INT-504,20.075,CHECKPOINT,,2875.26
87,09:12:45,103,INT-503,38,ARRIVAL,,2393.28
87,09:19:57,106,INT-506,0,DEPARTURE,,
87,09:24:57,105,INT-505,13.264,BREAKDOWN,15,
87,09:25:46,105,INT-505,13.264,REPAIRED,15,
87,09:43:30,105,INT-505,20.075,CHECKPOINT,,1977.78
87,09:52:39,106,INT-506,9.44,BREAKDOWN,7,
87,09:57:05,106,INT-506,9.44,REPAIRED,7,
87,10:00:41,104,INT-504,38,ARRIVAL,,2875.26
87,10:27:16,106,INT-506,20.075,CHECKPOINT,,2625.96
87,10:33:38,105,INT-505,38,ARRIVAL,,1977.78
87,11:17:24,106,INT-506,38,ARRIVAL,,2625.96
88,05:59:58,101,INT-501,0,DEPARTURE,,
88,06:39:51,102,INT-502,0,DEPARTURE,,
88,07:02:51,101,INT-501,20.075,CHECKPOINT,,
88,07:19:44,103,INT-503,0,DEPARTURE,,
88,07:42:44,102,INT-502,20.075,CHECKPOINT,,2393.28
88,07:52:59,101,INT-501,38,ARRIVAL,,
88,07:59:54,104,INT-504,0,DEPARTURE,,
88,08:22:37,103,INT-503,20.075,CHECKPOINT,,2393.28
88,08:32:52,102,INT-502,38,ARRIVAL,,2393.28
88,08:39:48,105,INT-505,0,DEPARTURE,,
88,09:02:47,104,INT-504,20.075,CHECKPOINT,,2409.9
88,09:12:45,103,INT-503,38,ARRIVAL,,2393.28
88,09:19:57,106,INT-506,0,DEPARTURE,,
88,09:42:40,105,INT-505,20.075,CHECKPOINT,,2393.28
88,09:52:55,104,INT-504,38,ARRIVAL,,2409.9
88,10:22:50,106,INT-506,20.075,CHECKPOINT,,2409.9
88,10:32:49,105,INT-505,38,ARRIVAL,,2393.28
88,11:12:58,106,INT-506,38,ARRIVAL,,2409.9
89,05:59:58,101,INT-501,0,DEPARTURE,,
89,06:19:21,101,INT-501,6.084,BREAKDOWN,7,
89,06:19:21,101,INT-501,6.084,REPAIRED,7,
89,06:32:39,101,INT-501,9.44,BREAKDOWN,7,
89,06:37:05,101,INT-501,9.44,REPAIRED,7,
89,06:39:51,102,INT-502,0,DEPARTURE,,
89,07:07:16,101,INT-501,20.075,CHECKPOINT,,
89,07:19:44,103,INT-503,0,DEPARTURE,,
89,07:42:44,102,INT-502,20.075,CHECKPOINT,,2127.36
89,07:57:25,101,INT-501,38,ARRIVAL,,
89,07:59:54,104,INT-504,0,DEPARTURE,,
89,08:06:33,104,INT-504,2.924,BREAKDOWN,0,
89,08:10:26,104,INT-504,2.924,REPAIRED,0,
89,08:22:37,103,INT-503,20.075,CHECKPOINT,,2393.28
89,08:32:52,102,INT-502,38,ARRIVAL,,2127.36
89,08:39:48,105,INT-505,0,DEPARTURE,,
89,09:06:40,104,INT-504,20.075,CHECKPOINT,,2642.58
89,09:12:45,103,INT-503,38,ARRIVAL,,2393.28
89,09:19:57,106,INT-506,0,DEPARTURE,,
89,09:42:40,105,INT-505,20.075,CHECKPOINT,,2160.6
89,09:56:48,104,INT-504,38,ARRIVAL,,2642.58
89,10:21:27,106,INT-506,19.613,BREAKDOWN,20,
89,10:21:27,106,INT-506,19.613,REPAIRED,20,
89,10:22:50,106,INT-506,20.075,CHECKPOINT,,2409.9
89,10:32:49,105,INT-505,38,ARRIVAL,,2160.6
89,11:12:58,106,INT-506,38,ARRIVAL,,2409.9
90,05:59:58,101,INT-501,0,DEPARTURE,,
90,06:39:51,102,INT-502,0,DEPARTURE,,
90,07:02:51,101,INT-501,20.075,CHECKPOINT,,
90,07:19:44,103,INT-503,0,DEPARTURE,,
90,07:42:44,102,INT-502,20.075,CHECKPOINT,,2393.28
90,07:52:59,101,INT-501,38,ARRIVAL,,
90,07:59:54,104,INT-504,0,DEPARTURE,,
90,08:22:37,103,INT-503,20.075,CHECKPOINT,,2393.28
90,08:24:50,103,INT-503,20.909,BREAKDOWN,20,
90,08:24:50,103,INT-503,20.909,REPAIRED,20,
90,08:32:52,102,INT-502,38,ARRIVAL,,2393.28
90,08:39:48,105,INT-505,0,DEPARTURE,,
90,09:02:47,104,INT-504,20.075,CHECKPOINT,,2409.9
90,09:12:45,103,INT-503,38,ARRIVAL,,2393.28
90,09:19:57,106,INT-506,0,DEPARTURE,,
90,09:36:51,106,INT-506,5.498,BREAKDOWN,7,
90,09:37:41,106,INT-506,5.498,REPAIRED,7,
90,09:42:40,105,INT-505,20.075,CHECKPOINT,,2393.28
90,09:52:55,104,INT-504,38,ARRIVAL,,2409.9
90,10:23:40,106,INT-506,20.075,CHECKPOINT,,2459.76
90,10:32:49,105,INT-505,38,ARRIVAL,,2393.28
90,11:13:48,106,INT-506,38,ARRIVAL,,2459.76
91,05:59:58,101,INT-501,0,DEPARTURE,,
91,06:39:51,102,INT-502,0,DEPARTURE,,
91,06:59:48,101,INT-501,19.015,BREAKDOWN,20,
91,06:59:48,101,INT-501,19.015,REPAIRED,20,
91,07:02:51,101,INT-501,20.075,CHECKPOINT,,
91,07:19:44,103,INT-503,0,DEPARTURE,,
91,07:42:44,102,INT-502,20.075,CHECKPOINT,,2393.28
91,07:52:59,101,INT-501,38,ARRIVAL,,
91,07:59:04,103,INT-503,11.482,BREAKDOWN,15,
91,07:59:54,104,INT-504,0,DEPARTURE,,
91,08:03:47,103,INT-503,11.482,REPAIRED,15,
91,08:27:20,103,INT-503,20.075,CHECKPOINT,,2675.82
91,08:32:52,102,INT-502,38,ARRIVAL,,2393.28
91,08:39:48,105,INT-505,0,DEPARTURE,,
91,08:47:16,104,INT-504,14.296,BREAKDOWN,15,
91,08:47:16,104,INT-504,14.296,REPAIRED,15,
91,09:02:47,104,INT-504,20.075,CHECKPOINT,,2127.36
91,09:17:28,103,INT-503,38,ARRIVAL,,2675.82
91,09:19:57,106,INT-506,0,DEPARTURE,,
91,09:42:40,105,INT-505,20.075,CHECKPOINT,,2393.28
91,09:52:55,104,INT-504,38,ARRIVAL,,2127.36
91,10:22:50,106,INT-506,20.075,CHECKPOINT,,2409.9
91,10:32:49,105,INT-505,38,ARRIVAL,,2393.28
91,11:12:58,106,INT-506,38,ARRIVAL,,2409.9
92,05:59:58,101,INT-501,0,DEPARTURE,,
92,06:39:51,102,INT-502,0,DEPARTURE,,
92,07:02:51,101,INT-501,20.075,CHECKPOINT,,
92,07:10:19,101,INT-501,22.722,BREAKDOWN,20,
92,07:13:22,101,INT-501,22.722,REPAIRED,20,
92,07:19:44,103,INT-503,0,DEPARTURE,,
92,07:42:44,102,INT-502,20.075,CHECKPOINT,,2393.28
92,07:56:02,101,INT-501,38,ARRIVAL,,
92,07:59:54,104,INT-504,0,DEPARTURE,,
92,08:22:37,103,INT-503,20.075,CHECKPOINT,,2393.28
92,08:32:52,102,INT-502,38,ARRIVAL,,2210.46
92,08:39:48,105,INT-505,0,DEPARTURE,,
92,08:48:06,103,INT-503,31.159,BREAKDOWN,30,
92,08:48:06,103,INT-503,31.159,REPAIRED,30,
92,09:02:47,104,INT-504,20.075,CHECKPOINT,,2409.9
92,09:12:45,103,INT-503,38,ARRIVAL,,2393.28
92,09:19:57,106,INT-506,0,DEPARTURE,,
92,09:42:40,105,INT-505,20.075,CHECKPOINT,,2393.28
92,09:50:59,104,INT-504,37.665,BREAKDOWN,30,
92,10:12:35,104,INT-504,37.665,REPAIRED,30,
92,10:14:32,104,INT-504,38,ARRIVAL,,3706.26
92,10:22:50,106,INT-506,20.075,CHECKPOINT,,2409.9
92,10:32:49,105,INT-505,38,ARRIVAL,,1096.92
92,11:12:58,106,INT-506,38,ARRIVAL,,2409.9
93,05:59:58,101,INT-501,0,DEPARTURE,,
93,06:39:51,102,INT-502,0,DEPARTURE,,
93,07:02:51,101,INT-501,20.075,CHECKPOINT,,
93,07:19:44,103,INT-503,0,DEPARTURE,,
93,07:42:44,102,INT-502,20.075,CHECKPOINT,,2393.28
93,07:52:59,101,INT-501,38,ARRIVAL,,
93,07:59:54,104,INT-504,0,DEPARTURE,,
93,08:22:37,103,INT-503,20.075,CHECKPOINT,,2393.28
93,08:32:52,102,INT-502,38,ARRIVAL,,2393.28
93,08:39:48,105,INT-505,0,DEPARTURE,,
93,08:42:50,103,INT-503,27.967,BREAKDOWN,30,
93,08:43:57,103,INT-503,27.967,REPAIRED,30,
93,08:50:52,104,INT-504,15.932,BREAKDOWN,15,
93,08:50:52,104,INT-504,15.932,REPAIRED,15,
93,09:02:47,104,INT-504,20.075,CHECKPOINT,,2409.9
93,09:13:35,105,INT-505,9.772,BREAKDOWN,7,
93,09:13:52,103,INT-503,38,ARRIVAL,,2459.76
93,09:19:08,105,INT-505,9.772,REPAIRED,7,
93,09:19:57,106,INT-506,0,DEPARTURE,,
93,09:27:59,106,INT-506,3.302,BREAKDOWN,0,
93,09:32:42,106,INT-506,3.302,REPAIRED,0,
93,09:48:13,105,INT-505,20.075,CHECKPOINT,,2725.68
93,09:52:55,104,INT-504,38,ARRIVAL,,2343.42
93,09:52:55,106,INT-506,8.202,BREAKDOWN,7,
93,09:52:55,106,INT-506,8.202,REPAIRED,7,
93,09:58:11,106,INT-506,9.672,BREAKDOWN,7,
93,10:03:43,106,INT-506,9.672,REPAIRED,7,
93,10:33:05,106,INT-506,20.075,CHECKPOINT,,2692.44
93,10:38:21,105,INT-505,38,ARRIVAL,,2725.68
93,11:23:13,106,INT-506,38,ARRIVAL,,2692.44
94,05:59:58,101,INT-501,0,DEPARTURE,,
94,06:39:51,102,INT-502,0,DEPARTURE,,
94,07:02:51,101,INT-501,20.075,CHECKPOINT,,
94,07:19:44,103,INT-503,0,DEPARTURE,,
94,07:42:44,102,INT-502,20.075,CHECKPOINT,,2393.28
94,07:52:59,101,INT-501,38,ARRIVAL,,
94,07:59:54,104,INT-504,0,DEPARTURE,,
94,08:22:37,103,INT-503,20.075,CHECKPOINT,,2393.28
94,08:26:46,104,INT-504,7.926,BREAKDOWN,7,
94,08:26:46,104,INT-504,7.926,REPAIRED,7,
94,08:32:52,102,INT-502,38,ARRIVAL,,2393.28
94,08:35:05,103,INT-503,25.059,BREAKDOWN,30,
94,08:39:48,105,INT-505,0,DEPARTURE,,
94,08:42:17,103,INT-503,25.059,REPAIRED,30,
94,09:02:47,104,INT-504,20.075,CHECKPOINT,,2409.9
94,09:19:57,106,INT-506,0,DEPARTURE,,
94,09:19:57,103,INT-503,38,ARRIVAL,,2825.4
94,09:42:40,105,INT-505,20.075,CHECKPOINT,,2393.28
94,09:52:55,104,INT-504,38,ARRIVAL,,1977.78
94,10:22:50,106,INT-506,20.075,CHECKPOINT,,2409.9
94,10:32:49,105,INT-505,38,ARRIVAL,,2393.28
94,11:12:58,106,INT-506,38,ARRIVAL,,2409.9
95,05:59:58,101,INT-501,0,DEPARTURE,,
95,06:39:51,102,INT-502,0,DEPARTURE,,
95,07:02:51,101,INT-501,20.075,CHECKPOINT,,
95,07:19:44,103,INT-503,0,DEPARTURE,,
95,07:33:02,102,INT-502,16.818,BREAKDOWN,15,
95,07:33:52,102,INT-502,16.818,REPAIRED,15,
95,07:43:34,102,INT-502,20.075,CHECKPOINT,,2443.14
95,07:52:59,101,INT-501,38,ARRIVAL,,
95,07:59:54,104,INT-504,0,DEPARTURE,,
95,08:22:37,103,INT-503,20.075,CHECKPOINT,,2343.42
95,08:33:42,102,INT-502,38,ARRIVAL,,2443.14
95,08:39:48,105,INT-505,0,DEPARTURE,,
95,09:02:47,104,INT-504,20.075,CHECKPOINT,,2409.9
95,09:09:09,103,INT-503,37.105,BREAKDOWN,30,
95,09:19:57,106,INT-506,0,DEPARTURE,,
95,09:29:23,103,INT-503,37.105,REPAIRED,30,
95,09:32:59,103,INT-503,38,ARRIVAL,,3556.68
95,09:42:40,105,INT-505,20.075,CHECKPOINT,,2393.28
95,09:45:27,104,INT-504,35.534,BREAKDOWN,30,
95,09:59:01,104,INT-504,35.534,REPAIRED,30,
95,10:06:30,104,INT-504,38,ARRIVAL,,2011.02
95,10:22:50,106,INT-506,20.075,CHECKPOINT,,2409.9
95,10:23:07,106,INT-506,20.168,BREAKDOWN,20,
95,10:23:07,106,INT-506,20.168,REPAIRED,20,
95,10:32:49,105,INT-505,38,ARRIVAL,,1578.9
95,11:12:58,106,INT-506,38,ARRIVAL,,2409.9
96,05:59:58,101,INT-501,0,DEPARTURE,,
96,06:08:00,101,INT-501,3.302,BREAKDOWN,0,
96,06:12:42,101,INT-501,3.302,REPAIRED,0,
96,06:39:51,102,INT-502,0,DEPARTURE,,
96,07:07:33,101,INT-501,20.075,CHECKPOINT,,
96,07:19:44,103,INT-503,0,DEPARTURE,,
96,07:42:44,102,INT-502,20.075,CHECKPOINT,,2110.74
96,07:57:41,101,INT-501,38,ARRIVAL,,
96,07:59:54,104,INT-504,0,DEPARTURE,,
96,08:19:34,103,INT-503,19.015,BREAKDOWN,20,
96,08:19:34,103,INT-503,19.015,REPAIRED,20,
96,08:22:37,103,INT-503,20.075,CHECKPOINT,,2393.28
96,08:32:52,102,INT-502,38,ARRIVAL,,2110.74
96,08:39:48,105,INT-505,0,DEPARTURE,,
96,09:02:47,104,INT-504,20.075,CHECKPOINT,,2409.9
96,09:12:45,103,INT-503,38,ARRIVAL,,2393.28
96,09:19:57,106,INT-506,0,DEPARTURE,,
96,09:42:40,105,INT-505,20.075,CHECKPOINT,,2393.28
96,09:52:55,104,INT-504,38,ARRIVAL,,2409.9
96,10:05:23,106,INT-506,13.392,BREAKDOWN,15,
96,10:05:56,106,INT-506,13.392,REPAIRED,15,
96,10:23:23,106,INT-506,20.075,CHECKPOINT,,2443.14
96,10:32:49,105,INT-505,38,ARRIVAL,,2393.28
96,11:13:32,106,INT-506,38,ARRIVAL,,2443.14
97,05:59:58,101,INT-501,0,DEPARTURE,,
97,06:39:51,102,INT-502,0,DEPARTURE,,
97,07:02:51,101,INT-501,20.075,CHECKPOINT,,
97,07:19:44,103,INT-503,0,DEPARTURE,,
97,07:25:50,101,INT-501,30.422,BREAKDOWN,30,
97,07:25:50,101,INT-501,30.422,REPAIRED,30,
97,07:26:57,101,INT-501,30.888,BREAKDOWN,30,
97,07:26:57,101,INT-501,30.888,REPAIRED,30,
97,07:42:44,102,INT-502,20.075,CHECKPOINT,,2393.28
97,07:52:59,101,INT-501,38,ARRIVAL,,
97,07:59:54,104,INT-504,0,DEPARTURE,,
97,08:22:37,103,INT-503,20.075,CHECKPOINT,,2393.28
97,08:32:52,102,INT-502,38,ARRIVAL,,2393.28
97,08:39:48,105,INT-505,0,DEPARTURE,,
97,09:02:47,104,INT-504,20.075,CHECKPOINT,,2409.9
97,09:12:45,103,INT-503,38,ARRIVAL,,2393.28
97,09:19:57,106,INT-506,0,DEPARTURE,,
97,09:42:40,105,INT-505,20.075,CHECKPOINT,,2393.28
97,09:52:55,104,INT-504,38,ARRIVAL,,2409.9
97,09:59:01,106,INT-506,11.35,BREAKDOWN,15,
97,10:04:00,106,INT-506,11.35,REPAIRED,15,
97,10:27:49,106,INT-506,20.075,CHECKPOINT,,2709.06
97,10:32:49,105,INT-505,38,ARRIVAL,,2393.28
97,11:17:58,106,INT-506,38,ARRIVAL,,2709.06
98,05:59:58,101,INT-501,0,DEPARTURE,,
98,06:39:51,102,INT-502,0,DEPARTURE,,
98,06:50:56,102,INT-502,4.306,BREAKDOWN,7,
98,06:55:38,102,INT-502,4.306,REPAIRED,7,
98,07:02:51,101,INT-501,20.075,CHECKPOINT,,
98,07:19:44,103,INT-503,0,DEPARTURE,,
98,07:47:26,102,INT-502,20.075,CHECKPOINT,,2675.82
98,07:52:59,101,INT-501,38,ARRIVAL,,
98,07:59:54,104,INT-504,0,DEPARTURE,,
98,08:22:37,103,INT-503,20.075,CHECKPOINT,,2110.74
98,08:37:35,102,INT-502,38,ARRIVAL,,2675.82
98,08:39:48,105,INT-505,0,DEPARTURE,,
98,09:02:47,104,INT-504,20.075,CHECKPOINT,,2409.9
98,09:12:45,103,INT-503,38,ARRIVAL,,2110.74
98,09:19:57,106,INT-506,0,DEPARTURE,,
98,09:42:40,105,INT-505,20.075,CHECKPOINT,,2393.28
98,09:52:55,104,INT-504,38,ARRIVAL,,2409.9
98,10:22:50,106,INT-506,20.075,CHECKPOINT,,2409.9
98,10:26:43,105,INT-505,36.189,BREAKDOWN,30,
98,10:41:57,105,INT-505,36.189,REPAIRED,30,
98,10:48:03,105,INT-505,38,ARRIVAL,,3307.38
98,11:12:58,106,INT-506,38,ARRIVAL,,1495.8
99,05:59:58,101,INT-501,0,DEPARTURE,,
99,06:39:51,102,INT-502,0,DEPARTURE,,
99,07:02:01,102,INT-502,6.907,BREAKDOWN,7,
99,07:02:01,102,INT-502,6.907,REPAIRED,7,
99,07:02:51,101,INT-501,20.075,CHECKPOINT,,
99,07:19:44,103,INT-503,0,DEPARTURE,,
99,07:42:44,102,INT-502,20.075,CHECKPOINT,,2393.28
99,07:52:59,101,INT-501,38,ARRIVAL,,
99,07:59:54,104,INT-504,0,DEPARTURE,,
99,08:22:37,103,INT-503,20.075,CHECKPOINT,,2393.28
99,08:32:52,102,INT-502,38,ARRIVAL,,2393.28
99,08:39:48,105,INT-505,0,DEPARTURE,,
99,09:02:47,104,INT-504,20.075,CHECKPOINT,,2409.9
99,09:12:45,103,INT-503,38,ARRIVAL,,2393.28
99,09:19:57,106,INT-506,0,DEPARTURE,,
99,09:42:40,105,INT-505,20.075,CHECKPOINT,,2393.28
99,09:52:55,104,INT-504,38,ARRIVAL,,2409.9
99,10:22:50,106,INT-506,20.075,CHECKPOINT,,2409.9
99,10:32:49,105,INT-505,38,ARRIVAL,,2393.28
99,11:12:58,106,INT-506,38,ARRIVAL,,2409.9
100,05:59:58,101,INT-501,0,DEPARTURE,,
100,06:39:51,102,INT-502,0,DEPARTURE,,
100,06:47:03,101,INT-501,14.155,BREAKDOWN,15,
100,06:47:03,101,INT-501,14.155,REPAIRED,15,
100,07:02:51,101,INT-501,20.075,CHECKPOINT,,
100,07:19:44,103,INT-503,0,DEPARTURE,,
100,07:25:33,103,INT-503,2.605,BREAKDOWN,0,
100,07:28:03,103,INT-503,2.605,REPAIRED,0,
100,07:42:44,102,INT-502,20.075,CHECKPOINT,,2393.28
100,07:52:59,101,INT-501,38,ARRIVAL,,
100,07:59:54,104,INT-504,0,DEPARTURE,,
100,08:25:07,103,INT-503,20.075,CHECKPOINT,,2542.86
100,08:32:52,102,INT-502,38,ARRIVAL,,2393.28
100,08:39:48,105,INT-505,0,DEPARTURE,,
100,09:02:47,104,INT-504,20.075,CHECKPOINT,,2260.32
100,09:15:15,103,INT-503,38,ARRIVAL,,2542.86
100,09:19:57,106,INT-506,0,DEPARTURE,,
100,09:42:40,105,INT-505,20.075,CHECKPOINT,,2393.28
100,09:52:55,104,INT-504,38,ARRIVAL,,2260.32
100,10:22:50,106,INT-506,20.075,CHECKPOINT,,2409.9
100,10:32:49,105,INT-505,38,ARRIVAL,,2393.28
100,11:12:58,106,INT-506,38,ARRIVAL,,2409.9
101,05:59:58,101,INT-501,0,DEPARTURE,,
101,06:39:51,102,INT-502,0,DEPARTURE,,
101,07:02:51,101,INT-501,20.075,CHECKPOINT,,
101,07:19:44,103,INT-503,0,DEPARTURE,,
101,07:42:44,102,INT-502,20.075,CHECKPOINT,,2393.28
101,07:52:59,101,INT-501,38,ARRIVAL,,
101,07:59:54,104,INT-504,0,DEPARTURE,,
101,08:17:05,104,INT-504,5.546,BREAKDOWN,7,
101,08:17:21,104,INT-504,5.546,REPAIRED,7,
101,08:22:37,103,INT-503,20.075,CHECKPOINT,,2393.28
101,08:32:52,102,INT-502,38,ARRIVAL,,2393.28
101,08:39:48,105,INT-505,0,DEPARTURE,,
101,08:56:25,105,INT-505,5.447,BREAKDOWN,7,
101,08:57:31,105,INT-505,5.447,REPAIRED,7,
101,09:03:04,104,INT-504,20.075,CHECKPOINT,,2426.52
101,09:12:12,104,INT-504,23.598,BREAKDOWN,20,
101,09:12:45,103,INT-503,38,ARRIVAL,,2393.28
101,09:16:38,104,INT-504,23.598,REPAIRED,20,
101,09:19:57,106,INT-506,0,DEPARTURE,,
101,09:43:47,105,INT-505,20.075,CHECKPOINT,,2443.14
101,09:57:38,104,INT-504,38,ARRIVAL,,2692.44
101,10:22:50,106,INT-506,20.075,CHECKPOINT,,2343.42
101,10:33:55,105,INT-505,38,ARRIVAL,,2177.22
101,11:12:58,106,INT-506,38,ARRIVAL,,2343.42
102,05:59:58,101,INT-501,0,DEPARTURE,,
102,06:30:43,101,INT-501,8.761,BREAKDOWN,7,
102,06:31:49,101,INT-501,8.761,REPAIRED,7,
102,06:39:51,102,INT-502,0,DEPARTURE,,
102,07:03:57,101,INT-501,20.075,CHECKPOINT,,
102,07:06:27,102,INT-502,7.888,BREAKDOWN,7,
102,07:06:27,102,INT-502,7.888,REPAIRED,7,
102,07:19:44,103,INT-503,0,DEPARTURE,,
102,07:20:34,101,INT-501,26.978,BREAKDOWN,30,
102,07:22:14,101,INT-501,26.978,REPAIRED,30,
102,07:42:44,102,INT-502,20.075,CHECKPOINT,,2326.8
102,07:55:45,101,INT-501,38,ARRIVAL,,
102,07:59:54,104,INT-504,0,DEPARTURE,,
102,08:22:37,103,INT-503,20.075,CHECKPOINT,,2393.28
102,08:32:52,102,INT-502,38,ARRIVAL,,2227.08
102,08:39:48,105,INT-505,0,DEPARTURE,,
102,09:02:47,104,INT-504,20.075,CHECKPOINT,,2409.9
102,09:12:45,103,INT-503,38,ARRIVAL,,2393.28
102,09:19:57,106,INT-506,0,DEPARTURE,,
102,09:42:40,105,INT-505,20.075,CHECKPOINT,,2393.28
102,09:52:55,104,INT-504,38,ARRIVAL,,2409.9
102,10:22:50,106,INT-506,20.075,CHECKPOINT,,2409.9
102,10:32:49,105,INT-505,38,ARRIVAL,,2393.28
102,11:12:58,106,INT-506,38,ARRIVAL,,2409.9
103,05:59:58,101,INT-501,0,DEPARTURE,,
103,06:39:51,102,INT-502,0,DEPARTURE,,
103,07:02:51,101,INT-501,20.075,CHECKPOINT,,
103,07:19:44,103,INT-503,0,DEPARTURE,,
103,07:30:33,103,INT-503,4.246,BREAKDOWN,7,
103,07:35:32,103,INT-503,4.246,REPAIRED,7,
103,07:36:05,103,INT-503,4.342,BREAKDOWN,7,
103,07:40:48,103,INT-503,4.342,REPAIRED,7,
103,07:42:44,102,INT-502,20.075,CHECKPOINT,,2393.28
103,07:51:02,101,INT-501,37.665,BREAKDOWN,30,
103,07:59:54,104,INT-504,0,DEPARTURE,,
103,08:12:39,101,INT-501,37.665,REPAIRED,30,
103,08:14:35,101,INT-501,38,ARRIVAL,,
103,08:17:21,103,INT-503,14.545,BREAKDOWN,15,
103,08:17:21,103,INT-503,14.545,REPAIRED,15,
103,08:32:19,103,INT-503,20.075,CHECKPOINT,,2974.98
103,08:32:52,102,INT-502,38,ARRIVAL,,1096.92
103,08:39:48,105,INT-505,0,DEPARTURE,,
103,08:50:19,104,INT-504,15.675,BREAKDOWN,15,
103,08:50:19,104,INT-504,15.675,REPAIRED,15,
103,09:02:47,104,INT-504,20.075,CHECKPOINT,,1828.2
103,09:16:05,104,INT-504,25.502,BREAKDOWN,30,
103,09:19:57,106,INT-506,0,DEPARTURE,,
103,09:22:10,104,INT-504,25.502,REPAIRED,30,
103,09:22:27,103,INT-503,38,ARRIVAL,,2974.98
103,09:42:40,105,INT-505,20.075,CHECKPOINT,,2393.28
103,09:59:01,104,INT-504,38,ARRIVAL,,2193.84
103,10:22:50,106,INT-506,20.075,CHECKPOINT,,2409.9
103,10:32:49,105,INT-505,38,ARRIVAL,,2027.64
103,11:12:58,106,INT-506,38,ARRIVAL,,2409.9
104,05:59:58,101,INT-501,0,DEPARTURE,,
104,06:39:51,102,INT-502,0,DEPARTURE,,
104,07:02:51,101,INT-501,20.075,CHECKPOINT,,
104,07:19:44,103,INT-503,0,DEPARTURE,,
104,07:42:44,102,INT-502,20.075,CHECKPOINT,,2393.28
104,07:48:00,102,INT-502,22.44,BREAKDOWN,20,
104,07:50:29,102,INT-502,22.44,REPAIRED,20,
104,07:52:59,101,INT-501,38,ARRIVAL,,
104,07:59:54,104,INT-504,0,DEPARTURE,,
104,08:22:37,103,INT-503,20.075,CHECKPOINT,,2393.28
104,08:35:22,102,INT-502,38,ARRIVAL,,2542.86
104,08:39:48,105,INT-505,0,DEPARTURE,,
104,09:02:47,104,INT-504,20.075,CHECKPOINT,,2409.9
104,09:04:27,103,INT-503,35.113,BREAKDOWN,30,
104,09:17:11,103,INT-503,35.113,REPAIRED,30,
104,09:19:57,106,INT-506,0,DEPARTURE,,
104,09:25:30,103,INT-503,38,ARRIVAL,,3008.22
104,09:42:40,105,INT-505,20.075,CHECKPOINT,,2393.28
104,09:52:55,104,INT-504,38,ARRIVAL,,1645.38
104,10:22:50,106,INT-506,20.075,CHECKPOINT,,2409.9
104,10:32:49,105,INT-505,38,ARRIVAL,,2393.28
104,11:12:58,106,INT-506,38,ARRIVAL,,2409.9
105,05:59:58,101,INT-501,0,DEPARTURE,,
105,06:07:43,101,INT-501,3.26,BREAKDOWN,0,
105,06:12:26,101,INT-501,3.26,REPAIRED,0,
105,06:39:51,102,INT-502,0,DEPARTURE,,
105,07:07:33,101,INT-501,20.075,CHECKPOINT,,
105,07:19:44,103,INT-503,0,DEPARTURE,,
105,07:42:44,102,INT-502,20.075,CHECKPOINT,,2110.74
105,07:57:41,101,INT-501,38,ARRIVAL,,
105,07:59:54,104,INT-504,0,DEPARTURE,,
105,08:22:37,103,INT-503,20.075,CHECKPOINT,,2393.28
105,08:32:52,102,INT-502,38,ARRIVAL,,2110.74
105,08:39:48,105,INT-505,0,DEPARTURE,,
105,08:47:16,103,INT-503,31.019,BREAKDOWN,30,
105,08:47:16,103,INT-503,31.019,REPAIRED,30,
105,08:48:39,104,INT-504,14.922,BREAKDOWN,15,
105,08:48:39,104,INT-504,14.922,REPAIRED,15,
105,08:52:32,103,INT-503,32.099,BREAKDOWN,30,
105,08:52:32,103,INT-503,32.099,REPAIRED,30,
105,09:02:47,104,INT-504,20.075,CHECKPOINT,,2409.9
105,09:12:45,103,INT-503,38,ARRIVAL,,2393.28
105,09:19:57,106,INT-506,0,DEPARTURE,,
105,09:42:40,105,INT-505,20.075,CHECKPOINT,,2393.28
105,09:52:55,104,INT-504,38,ARRIVAL,,2409.9
105,10:22:50,106,INT-506,20.075,CHECKPOINT,,2409.9
105,10:24:13,106,INT-506,20.539,BREAKDOWN,20,
105,10:24:13,106,INT-506,20.539,REPAIRED,20,
105,10:32:49,105,INT-505,38,ARRIVAL,,2393.28
105,11:12:58,106,INT-506,38,ARRIVAL,,2409.9
106,05:59:58,101,INT-501,0,DEPARTURE,,
106,06:39:51,102,INT-502,0,DEPARTURE,,
106,07:02:51,101,INT-501,20.075,CHECKPOINT,,
106,07:19:44,103,INT-503,0,DEPARTURE,,
106,07:38:01,102,INT-502,18.497,BREAKDOWN,20,
106,07:38:18,102,INT-502,18.497,REPAIRED,20,
106,07:43:00,102,INT-502,20.075,CHECKPOINT,,2409.9
106,07:52:59,101,INT-501,38,ARRIVAL,,
106,07:55:45,102,INT-502,25.214,BREAKDOWN,30,
106,07:59:54,104,INT-504,0,DEPARTURE,,
106,08:02:40,102,INT-502,25.214,REPAIRED,30,
106,08:22:37,103,INT-503,20.075,CHECKPOINT,,2376.66
106,08:33:25,102,INT-502,35.901,BREAKDOWN,30,
106,08:39:48,105,INT-505,0,DEPARTURE,,
106,08:48:06,102,INT-502,35.901,REPAIRED,30,
106,08:54:45,102,INT-502,38,ARRIVAL,,3706.26
106,09:02:47,104,INT-504,20.075,CHECKPOINT,,2409.9
106,09:12:45,103,INT-503,38,ARRIVAL,,1080.3
106,09:19:41,104,INT-504,27.049,BREAKDOWN,30,
106,09:19:57,106,INT-506,0,DEPARTURE,,
106,09:21:21,104,INT-504,27.049,REPAIRED,30,
106,09:42:40,105,INT-505,20.075,CHECKPOINT,,2393.28
106,09:54:35,104,INT-504,38,ARRIVAL,,2509.62
106,10:22:50,106,INT-506,20.075,CHECKPOINT,,2409.9
106,10:32:49,105,INT-505,38,ARRIVAL,,2293.56
106,11:12:58,106,INT-506,38,ARRIVAL,,2409.9
107,05:59:58,101,INT-501,0,DEPARTURE,,
107,06:39:51,102,INT-502,0,DEPARTURE,,
107,07:02:51,101,INT-501,20.075,CHECKPOINT,,
107,07:19:44,103,INT-503,0,DEPARTURE,,
107,07:42:44,102,INT-502,20.075,CHECKPOINT,,2393.28
107,07:52:59,101,INT-501,38,ARRIVAL,,
107,07:59:54,104,INT-504,0,DEPARTURE,,
107,08:22:37,103,INT-503,20.075,CHECKPOINT,,2393.28
107,08:32:52,102,INT-502,38,ARRIVAL,,2393.28
107,08:39:48,105,INT-505,0,DEPARTURE,,
107,09:02:47,104,INT-504,20.075,CHECKPOINT,,2409.9
107,09:04:43,105,INT-505,7.54,BREAKDOWN,7,
107,09:04:43,105,INT-505,7.54,REPAIRED,7,
107,09:09:59,105,INT-505,8.674,BREAKDOWN,7,
107,09:11:06,105,INT-505,8.674,REPAIRED,7,
107,09:12:45,103,INT-503,38,ARRIVAL,,2393.28
107,09:19:57,106,INT-506,0,DEPARTURE,,
107,09:43:47,105,INT-505,20.075,CHECKPOINT,,2459.76
107,09:52:55,104,INT-504,38,ARRIVAL,,2409.9
107,10:10:06,106,INT-506,15.547,BREAKDOWN,15,
107,10:10:06,106,INT-506,15.547,REPAIRED,15,
107,10:15:05,106,INT-506,17.417,BREAKDOWN,15,
107,10:17:18,106,INT-506,17.417,REPAIRED,15,
107,10:25:03,106,INT-506,20.075,CHECKPOINT,,2476.38
107,10:33:55,105,INT-505,38,ARRIVAL,,2459.76
107,11:15:11,106,INT-506,38,ARRIVAL,,2476.38
108,05:59:58,101,INT-501,0,DEPARTURE,,
108,06:39:51,102,INT-502,0,DEPARTURE,,
108,07:02:51,101,INT-501,20.075,CHECKPOINT,,
108,07:19:44,103,INT-503,0,DEPARTURE,,
108,07:42:44,102,INT-502,20.075,CHECKPOINT,,2393.28
108,07:52:59,101,INT-501,38,ARRIVAL,,
108,07:59:54,104,INT-504,0,DEPARTURE,,
108,08:22:37,103,INT-503,20.075,CHECKPOINT,,2393.28
108,08:32:52,102,INT-502,38,ARRIVAL,,2393.28
108,08:39:48,105,INT-505,0,DEPARTURE,,
108,09:02:47,104,INT-504,20.075,CHECKPOINT,,2409.9
108,09:12:45,103,INT-503,38,ARRIVAL,,2393.28
108,09:19:57,106,INT-506,0,DEPARTURE,,
108,09:42:40,105,INT-505,20.075,CHECKPOINT,,2393.28
108,09:52:55,104,INT-504,38,ARRIVAL,,2409.9
108,10:22:50,106,INT-506,20.075,CHECKPOINT,,2409.9
108,10:32:49,105,INT-505,38,ARRIVAL,,2393.28
108,11:12:58,106,INT-506,38,ARRIVAL,,2409.9
109,05:59:58,101,INT-501,0,DEPARTURE,,
109,06:39:51,102,INT-502,0,DEPARTURE,,
109,06:59:48,102,INT-502,6.194,BREAKDOWN,7,
109,06:59:48,102,INT-502,6.194,REPAIRED,7,
109,07:02:51,101,INT-501,20.075,CHECKPOINT,,
109,07:19:44,103,INT-503,0,DEPARTURE,,
109,07:42:44,102,INT-502,20.075,CHECKPOINT,,2393.28
109,07:52:59,101,INT-501,38,ARRIVAL,,
109,07:59:54,104,INT-504,0,DEPARTURE,,
109,08:20:24,102,INT-502,34.394,BREAKDOWN,30,
109,08:22:37,103,INT-503,20.075,CHECKPOINT,,2393.28
109,08:29:49,102,INT-502,34.394,REPAIRED,30,
109,08:37:51,104,INT-504,10.942,BREAKDOWN,7,
109,08:39:31,103,INT-503,27.049,BREAKDOWN,30,
109,08:39:48,105,INT-505,0,DEPARTURE,,
109,08:41:11,103,INT-503,27.049,REPAIRED,30,
109,08:42:17,102,INT-502,38,ARRIVAL,,2958.36
109,08:47:50,104,INT-504,10.942,REPAIRED,7,
109,08:57:15,105,INT-505,5.645,BREAKDOWN,7,
109,08:57:15,105,INT-505,5.645,REPAIRED,7,
109,09:11:22,103,INT-503,37.247,BREAKDOWN,30,
109,09:11:55,105,INT-505,9.237,BREAKDOWN,7,
109,09:12:45,104,INT-504,20.075,CHECKPOINT,,3008.22
109,09:15:32,105,INT-505,9.237,REPAIRED,7,
109,09:19:57,106,INT-506,0,DEPARTURE,,
109,09:31:52,103,INT-503,37.247,REPAIRED,30,
109,09:34:55,103,INT-503,38,ARRIVAL,,3157.8
109,09:46:16,105,INT-505,20.075,CHECKPOINT,,2011.02
109,09:57:54,106,INT-506,10.942,BREAKDOWN,7,
109,10:02:54,104,INT-504,38,ARRIVAL,,1678.62
109,10:07:53,106,INT-506,10.942,REPAIRED,7,
109,10:32:49,106,INT-506,20.075,CHECKPOINT,,2792.16
109,10:36:25,105,INT-505,38,ARRIVAL,,2011.02
109,11:22:57,106,INT-506,38,ARRIVAL,,2792.16
110,05:59:58,101,INT-501,0,DEPARTURE,,
110,06:39:51,102,INT-502,0,DEPARTURE,,
110,07:02:51,101,INT-501,20.075,CHECKPOINT,,
110,07:19:44,103,INT-503,0,DEPARTURE,,
110,07:42:44,102,INT-502,20.075,CHECKPOINT,,2393.28
110,07:52:59,101,INT-501,38,ARRIVAL,,
110,07:59:54,104,INT-504,0,DEPARTURE,,
110,08:22:37,103,INT-503,20.075,CHECKPOINT,,2393.28
110,08:32:52,102,INT-502,38,ARRIVAL,,2393.28
110,08:39:48,105,INT-505,0,DEPARTURE,,
110,09:02:47,104,INT-504,20.075,CHECKPOINT,,2409.9
110,09:12:45,103,INT-503,38,ARRIVAL,,2393.28
110,09:19:57,106,INT-506,0,DEPARTURE,,
110,09:40:11,105,INT-505,19.188,BREAKDOWN,20,
110,09:40:11,105,INT-505,19.188,REPAIRED,20,
110,09:42:40,105,INT-505,20.075,CHECKPOINT,,2393.28
110,09:52:55,104,INT-504,38,ARRIVAL,,2409.9
110,10:22:50,106,INT-506,20.075,CHECKPOINT,,2409.9
110,10:32:49,105,INT-505,38,ARRIVAL,,2393.28
110,11:12:58,106,INT-506,38,ARRIVAL,,2409.9
111,05:59:58,101,INT-501,0,DEPARTURE,,
111,06:39:51,102,INT-502,0,DEPARTURE,,
111,06:47:53,101,INT-501,14.545,BREAKDOWN,15,
111,06:47:53,101,INT-501,14.545,REPAIRED,15,
111,07:02:51,101,INT-501,20.075,CHECKPOINT,,
111,07:19:44,103,INT-503,0,DEPARTURE,,
111,07:42:44,102,INT-502,20.075,CHECKPOINT,,2393.28
111,07:52:26,102,INT-502,23.89,BREAKDOWN,20,
111,07:52:59,101,INT-501,38,ARRIVAL,,
111,07:57:41,102,INT-502,23.89,REPAIRED,20,
111,07:59:54,104,INT-504,0,DEPARTURE,,
111,08:22:37,103,INT-503,20.075,CHECKPOINT,,2393.28
111,08:38:08,102,INT-502,38,ARRIVAL,,2709.06
111,08:39:48,105,INT-505,0,DEPARTURE,,
111,09:02:47,104,INT-504,20.075,CHECKPOINT,,2409.9
111,09:12:45,103,INT-503,38,ARRIVAL,,2077.5
111,09:19:57,106,INT-506,0,DEPARTURE,,
111,09:42:40,105,INT-505,20.075,CHECKPOINT,,2393.28
111,09:47:56,106,INT-506,8.151,BREAKDOWN,7,
111,09:47:56,106,INT-506,8.151,REPAIRED,7,
111,09:52:55,104,INT-504,38,ARRIVAL,,2409.9
111,10:22:50,106,INT-506,20.075,CHECKPOINT,,2409.9
111,10:32:49,105,INT-505,38,ARRIVAL,,2393.28
111,11:12:58,106,INT-506,38,ARRIVAL,,2409.9
112,05:59:58,101,INT-501,0,DEPARTURE,,
112,06:39:51,102,INT-502,0,DEPARTURE,,
112,07:02:51,101,INT-501,20.075,CHECKPOINT,,
112,07:19:44,103,INT-503,0,DEPARTURE,,
112,07:42:44,102,INT-502,20.075,CHECKPOINT,,2393.28
112,07:52:59,101,INT-501,38,ARRIVAL,,
112,07:59:54,104,INT-504,0,DEPARTURE,,
112,08:13:12,104,INT-504,4.723,BREAKDOWN,7,
112,08:16:31,104,INT-504,4.723,REPAIRED,7,
112,08:22:37,103,INT-503,20.075,CHECKPOINT,,2393.28
112,08:25:57,104,INT-504,6.971,BREAKDOWN,7,
112,08:25:57,104,INT-504,6.971,REPAIRED,7,
112,08:32:52,102,INT-502,38,ARRIVAL,,2393.28
112,08:39:48,105,INT-505,0,DEPARTURE,,
112,09:06:06,104,INT-504,20.075,CHECKPOINT,,2609.34
112,09:12:45,103,INT-503,38,ARRIVAL,,2393.28
112,09:19:57,106,INT-506,0,DEPARTURE,,
112,09:42:40,105,INT-505,20.075,CHECKPOINT,,2193.84
112,09:56:15,104,INT-504,38,ARRIVAL,,2609.34
112,10:11:29,105,INT-505,31.94,BREAKDOWN,30,
112,10:11:29,105,INT-505,31.94,REPAIRED,30,
112,10:22:50,106,INT-506,20.075,CHECKPOINT,,2409.9
112,10:32:49,105,INT-505,38,ARRIVAL,,2193.84
112,11:12:58,106,INT-506,38,ARRIVAL,,2409.9
113,05:59:58,101,INT-501,0,DEPARTURE,,
113,06:39:51,102,INT-502,0,DEPARTURE,,
113,06:57:02,102,INT-502,5.546,BREAKDOWN,7,
113,06:57:18,102,INT-502,5.546,REPAIRED,7,
113,07:02:51,101,INT-501,20.075,CHECKPOINT,,
113,07:19:44,103,INT-503,0,DEPARTURE,,
113,07:43:00,102,INT-502,20.075,CHECKPOINT,,2409.9
113,07:52:59,101,INT-501,38,ARRIVAL,,
113,07:59:54,104,INT-504,0,DEPARTURE,,
113,08:01:51,102,INT-502,27.82,BREAKDOWN,30,
113,08:02:57,102,INT-502,27.82,REPAIRED,30,
113,08:20:24,103,INT-503,19.288,BREAKDOWN,20,
113,08:20:24,103,INT-503,19.288,REPAIRED,20,
113,08:22:37,103,INT-503,20.075,CHECKPOINT,,2376.66
113,08:34:15,102,INT-502,38,ARRIVAL,,2476.38
113,08:39:48,105,INT-505,0,DEPARTURE,,
113,08:46:26,103,INT-503,30.809,BREAKDOWN,30,
113,08:46:26,103,INT-503,30.809,REPAIRED,30,
113,09:02:47,104,INT-504,20.075,CHECKPOINT,,2409.9
113,09:12:45,103,INT-503,38,ARRIVAL,,2310.18
113,09:19:57,106,INT-506,0,DEPARTURE,,
113,09:20:31,106,INT-506,0.381,BREAKDOWN,0,
113,09:20:31,106,INT-506,0.381,REPAIRED,0,
113,09:42:40,105,INT-505,20.075,CHECKPOINT,,2393.28
113,09:52:55,104,INT-504,38,ARRIVAL,,2409.9
113,10:22:50,106,INT-506,20.075,CHECKPOINT,,2409.9
113,10:32:49,105,INT-505,38,ARRIVAL,,2393.28
113,11:12:58,106,INT-506,38,ARRIVAL,,2409.9
114,05:59:58,101,INT-501,0,DEPARTURE,,
114,06:39:51,102,INT-502,0,DEPARTURE,,
114,07:02:51,101,INT-501,20.075,CHECKPOINT,,
114,07:08:06,101,INT-501,22.44,BREAKDOWN,20,
114,07:10:36,101,INT-501,22.44,REPAIRED,20,
114,07:19:44,103,INT-503,0,DEPARTURE,,
114,07:40:31,103,INT-503,6.394,BREAKDOWN,7,
114,07:40:31,103,INT-503,6.394,REPAIRED,7,
114,07:42:44,102,INT-502,20.075,CHECKPOINT,,2393.28
114,07:55:28,101,INT-501,38,ARRIVAL,,
114,07:59:54,104,INT-504,0,DEPARTURE,,
114,08:22:37,103,INT-503,20.075,CHECKPOINT,,2393.28
114,08:32:52,102,INT-502,38,ARRIVAL,,2243.7
114,08:39:48,105,INT-505,0,DEPARTURE,,
114,09:02:47,104,INT-504,20.075,CHECKPOINT,,2409.9
114,09:12:45,103,INT-503,38,ARRIVAL,,2393.28
114,09:19:57,106,INT-506,0,DEPARTURE,,
114,09:42:40,105,INT-505,20.075,CHECKPOINT,,2393.28
114,09:52:55,104,INT-504,38,ARRIVAL,,2409.9
114,10:22:50,106,INT-506,20.075,CHECKPOINT,,2409.9
114,10:30:19,105,INT-505,37.492,BREAKDOWN,30,
114,10:51:39,105,INT-505,37.492,REPAIRED,30,
114,10:54:08,105,INT-505,38,ARRIVAL,,3673.02
114,11:12:58,106,INT-506,38,ARRIVAL,,1130.16
115,05:59:58,101,INT-501,0,DEPARTURE,,
115,06:39:51,102,INT-502,0,DEPARTURE,,
115,07:02:51,101,INT-501,20.075,CHECKPOINT,,
115,07:19:44,103,INT-503,0,DEPARTURE,,
115,07:42:44,102,INT-502,20.075,CHECKPOINT,,2393.28
115,07:52:59,101,INT-501,38,ARRIVAL,,
115,07:59:54,104,INT-504,0,DEPARTURE,,
115,08:22:37,103,INT-503,20.075,CHECKPOINT,,2393.28
115,08:27:36,103,INT-503,22.411,BREAKDOWN,20,
115,08:30:06,103,INT-503,22.411,REPAIRED,20,
115,08:32:52,102,INT-502,38,ARRIVAL,,2393.28
115,08:39:48,105,INT-505,0,DEPARTURE,,
115,09:02:47,104,INT-504,20.075,CHECKPOINT,,2409.9
115,09:15:15,103,INT-503,38,ARRIVAL,,2542.86
115,09:19:57,106,INT-506,0,DEPARTURE,,
115,09:42:40,105,INT-505,20.075,CHECKPOINT,,2393.28
115,09:52:55,104,INT-504,38,ARRIVAL,,2260.32
115,10:11:29,106,INT-506,16.178,BREAKDOWN,15,
115,10:11:29,106,INT-506,16.178,REPAIRED,15,
115,10:22:50,106,INT-506,20.075,CHECKPOINT,,2409.9
115,10:32:49,105,INT-505,38,ARRIVAL,,2393.28
115,11:12:58,106,INT-506,38,ARRIVAL,,2409.9
116,05:59:58,101,INT-501,0,DEPARTURE,,
116,06:29:36,101,INT-501,8.556,BREAKDOWN,7,
116,06:30:09,101,INT-501,8.556,REPAIRED,7,
116,06:39:51,102,INT-502,0,DEPARTURE,,
116,07:03:24,101,INT-501,20.075,CHECKPOINT,,
116,07:16:08,102,INT-502,10.511,BREAKDOWN,7,
116,07:19:44,103,INT-503,0,DEPARTURE,,
116,07:25:00,102,INT-502,10.511,REPAIRED,7,
116,07:30:16,102,INT-502,12.026,BREAKDOWN,15,
116,07:33:52,102,INT-502,12.026,REPAIRED,15,
116,07:53:32,101,INT-501,38,ARRIVAL,,
116,07:55:12,102,INT-502,20.075,CHECKPOINT,,3107.94
116,07:59:54,104,INT-504,0,DEPARTURE,,
116,08:22:37,103,INT-503,20.075,CHECKPOINT,,1645.38
116,08:39:48,105,INT-505,0,DEPARTURE,,
116,08:45:20,102,INT-502,38,ARRIVAL,,3107.94
116,09:02:47,104,INT-504,20.075,CHECKPOINT,,2409.9
116,09:12:45,103,INT-503,38,ARRIVAL,,1645.38
116,09:19:57,106,INT-506,0,DEPARTURE,,
116,09:42:40,105,INT-505,20.075,CHECKPOINT,,2393.28
116,09:52:55,104,INT-504,38,ARRIVAL,,2409.9
116,10:22:50,106,INT-506,20.075,CHECKPOINT,,2409.9
116,10:32:49,105,INT-505,38,ARRIVAL,,2393.28
116,10:45:50,106,INT-506,30.422,BREAKDOWN,30,
116,10:45:50,106,INT-506,30.422,REPAIRED,30,
116,11:12:58,106,INT-506,38,ARRIVAL,,2409.9
117,05:59:58,101,INT-501,0,DEPARTURE,,
117,06:39:51,102,INT-502,0,DEPARTURE,,
117,07:02:51,101,INT-501,20.075,CHECKPOINT,,
117,07:19:44,103,INT-503,0,DEPARTURE,,
117,07:42:44,102,INT-502,20.075,CHECKPOINT,,2393.28
117,07:52:59,101,INT-501,38,ARRIVAL,,
117,07:59:54,104,INT-504,0,DEPARTURE,,
117,08:21:31,103,INT-503,19.756,BREAKDOWN,20,
117,08:21:31,103,INT-503,19.756,REPAIRED,20,
117,08:22:37,103,INT-503,20.075,CHECKPOINT,,2393.28
117,08:32:52,102,INT-502,38,ARRIVAL,,2393.28
117,08:39:48,105,INT-505,0,DEPARTURE,,
117,09:02:47,104,INT-504,20.075,CHECKPOINT,,2409.9
117,09:12:45,103,INT-503,38,ARRIVAL,,2393.28
117,09:18:18,104,INT-504,26.468,BREAKDOWN,30,
117,09:19:57,106,INT-506,0,DEPARTURE,,
117,09:20:31,104,INT-504,26.468,REPAIRED,30,
117,09:42:40,105,INT-505,20.075,CHECKPOINT,,2393.28
117,09:55:08,104,INT-504,38,ARRIVAL,,2542.86
117,10:22:17,106,INT-506,19.955,BREAKDOWN,20,
117,10:22:17,106,INT-506,19.955,REPAIRED,20,
117,10:22:50,106,INT-506,20.075,CHECKPOINT,,2409.9
117,10:32:49,105,INT-505,38,ARRIVAL,,2260.32
117,11:12:58,106,INT-506,38,ARRIVAL,,2409.9
118,05:59:58,101,INT-501,0,DEPARTURE,,
118,06:39:51,102,INT-502,0,DEPARTURE,,
118,07:00:04,101,INT-501,19.082,BREAKDOWN,20,
118,07:00:04,101,INT-501,19.082,REPAIRED,20,
118,07:02:51,101,INT-501,20.075,CHECKPOINT,,
118,07:19:44,103,INT-503,0,DEPARTURE,,
118,07:42:44,102,INT-502,20.075,CHECKPOINT,,2393.28
118,07:52:59,101,INT-501,38,ARRIVAL,,
118,07:59:54,104,INT-504,0,DEPARTURE,,
118,08:22:37,103,INT-503,20.075,CHECKPOINT,,2393.28
118,08:32:52,102,INT-502,38,ARRIVAL,,2393.28
118,08:39:48,105,INT-505,0,DEPARTURE,,
118,09:02:47,104,INT-504,20.075,CHECKPOINT,,2409.9
118,09:12:45,103,INT-503,38,ARRIVAL,,2393.28
118,09:19:57,106,INT-506,0,DEPARTURE,,
118,09:42:40,105,INT-505,20.075,CHECKPOINT,,2393.28
118,09:52:55,104,INT-504,38,ARRIVAL,,2409.9
118,10:22:50,106,INT-506,20.075,CHECKPOINT,,2409.9
118,10:32:49,105,INT-505,38,ARRIVAL,,2393.28
118,11:12:58,106,INT-506,38,ARRIVAL,,2409.9
119,05:59:58,101,INT-501,0,DEPARTURE,,
119,06:39:51,102,INT-502,0,DEPARTURE,,
119,07:00:04,101,INT-501,19.082,BREAKDOWN,20,
119,07:00:04,101,INT-501,19.082,REPAIRED,20,
119,07:02:51,101,INT-501,20.075,CHECKPOINT,,
119,07:19:44,103,INT-503,0,DEPARTURE,,
119,07:34:09,102,INT-502,17.226,BREAKDOWN,15,
119,07:35:48,102,INT-502,17.226,REPAIRED,15,
119,07:41:54,102,INT-502,19.188,BREAKDOWN,20,
119,07:41:54,102,INT-502,19.188,REPAIRED,20,
119,07:44:24,102,INT-502,20.075,CHECKPOINT,,2493
119,07:52:59,101,INT-501,38,ARRIVAL,,
119,07:59:54,104,INT-504,0,DEPARTURE,,
119,08:22:37,103,INT-503,20.075,CHECKPOINT,,2293.56
119,08:26:30,104,INT-504,7.888,BREAKDOWN,7,
119,08:26:30,104,INT-504,7.888,REPAIRED,7,
119,08:34:32,102,INT-502,38,ARRIVAL,,2493
119,08:39:48,105,INT-505,0,DEPARTURE,,
119,09:02:47,104,INT-504,20.075,CHECKPOINT,,2409.9
119,09:12:45,103,INT-503,38,ARRIVAL,,2293.56
119,09:19:57,106,INT-506,0,DEPARTURE,,
119,09:29:39,104,INT-504,31.635,BREAKDOWN,30,
119,09:29:39,104,INT-504,31.635,REPAIRED,30,
119,09:42:40,105,INT-505,20.075,CHECKPOINT,,2393.28
119,09:52:55,104,INT-504,38,ARRIVAL,,2409.9
119,10:22:50,106,INT-506,20.075,CHECKPOINT,,2409.9
119,10:32:49,105,INT-505,38,ARRIVAL,,2393.28
119,11:12:58,106,INT-506,38,ARRIVAL,,2409.9
120,05:59:58,101,INT-501,0,DEPARTURE,,
120,06:39:51,102,INT-502,0,DEPARTURE,,
120,07:02:51,101,INT-501,20.075,CHECKPOINT,,
120,07:19:44,103,INT-503,0,DEPARTURE,,
120,07:42:44,102,INT-502,20.075,CHECKPOINT,,2393.28
120,07:52:59,101,INT-501,38,ARRIVAL,,
120,07:59:54,104,INT-504,0,DEPARTURE,,
120,08:12:55,102,INT-502,32.233,BREAKDOWN,30,
120,08:12:55,102,INT-502,32.233,REPAIRED,30,
120,08:22:37,103,INT-503,20.075,CHECKPOINT,,2393.28
120,08:32:52,102,INT-502,38,ARRIVAL,,2393.28
120,08:39:48,105,INT-505,0,DEPARTURE,,
120,09:02:47,104,INT-504,20.075,CHECKPOINT,,2409.9
120,09:12:45,103,INT-503,38,ARRIVAL,,2393.28
120,09:19:57,106,INT-506,0,DEPARTURE,,
120,09:42:40,105,INT-505,20.075,CHECKPOINT,,2393.28
120,09:52:55,104,INT-504,38,ARRIVAL,,2409.9
120,10:22:50,106,INT-506,20.075,CHECKPOINT,,2409.9
120,10:29:29,106,INT-506,22.553,BREAKDOWN,20,
120,10:32:15,106,INT-506,22.553,REPAIRED,20,
120,10:32:49,105,INT-505,38,ARRIVAL,,2393.28
120,11:15:45,106,INT-506,38,ARRIVAL,,2576.1
121,05:59:58,101,INT-501,0,DEPARTURE,,
121,06:17:42,101,INT-501,5.653,BREAKDOWN,7,
121,06:17:42,101,INT-501,5.653,REPAIRED,7,
121,06:39:51,102,INT-502,0,DEPARTURE,,
121,07:02:51,101,INT-501,20.075,CHECKPOINT,,
121,07:19:44,103,INT-503,0,DEPARTURE,,
121,07:42:44,102,INT-502,20.075,CHECKPOINT,,2393.28
121,07:48:49,102,INT-502,22.503,BREAKDOWN,20,
121,07:51:36,102,INT-502,22.503,REPAIRED,20,
121,07:52:59,101,INT-501,38,ARRIVAL,,
121,07:59:54,104,INT-504,0,DEPARTURE,,
121,08:22:37,103,INT-503,20.075,CHECKPOINT,,2393.28
121,08:35:38,102,INT-502,38,ARRIVAL,,2559.48
121,08:39:48,105,INT-505,0,DEPARTURE,,
121,08:50:36,103,INT-503,31.852,BREAKDOWN,30,
121,08:50:36,103,INT-503,31.852,REPAIRED,30,
121,09:02:47,104,INT-504,20.075,CHECKPOINT,,2409.9
121,09:12:45,103,INT-503,38,ARRIVAL,,2227.08
121,09:19:57,106,INT-506,0,DEPARTURE,,
121,09:24:57,104,INT-504,29.765,BREAKDOWN,30,
121,09:24:57,104,INT-504,29.765,REPAIRED,30,
121,09:42:40,105,INT-505,20.075,CHECKPOINT,,2393.28
121,09:52:55,104,INT-504,38,ARRIVAL,,2409.9
121,10:22:50,106,INT-506,20.075,CHECKPOINT,,2409.9
121,10:32:49,105,INT-505,38,ARRIVAL,,2393.28
121,11:12:58,106,INT-506,38,ARRIVAL,,2409.9
122,05:59:58,101,INT-501,0,DEPARTURE,,
122,06:05:14,101,INT-501,2.461,BREAKDOWN,0,
122,06:07:10,101,INT-501,2.461,REPAIRED,0,
122,06:37:22,101,INT-501,10.118,BREAKDOWN,7,
122,06:39:51,102,INT-502,0,DEPARTURE,,
122,06:44:17,101,INT-501,10.118,REPAIRED,7,
122,06:53:09,101,INT-501,12.9,BREAKDOWN,15,
122,06:54:49,101,INT-501,12.9,REPAIRED,15,
122,07:11:26,101,INT-501,19.389,BREAKDOWN,20,
122,07:11:26,101,INT-501,19.389,REPAIRED,20,
122,07:13:22,101,INT-501,20.075,CHECKPOINT,,
122,07:19:44,103,INT-503,0,DEPARTURE,,
122,07:42:44,102,INT-502,20.075,CHECKPOINT,,1761.72
122,07:58:31,103,INT-503,11.213,BREAKDOWN,15,
122,07:59:54,104,INT-504,0,DEPARTURE,,
122,08:03:30,101,INT-501,38,ARRIVAL,,
122,08:04:04,103,INT-503,11.213,REPAIRED,15,
122,08:06:50,102,INT-502,30.888,BREAKDOWN,30,
122,08:06:50,102,INT-502,30.888,REPAIRED,30,
122,08:28:10,103,INT-503,20.075,CHECKPOINT,,2725.68
122,08:32:52,102,INT-502,38,ARRIVAL,,1761.72
122,08:39:48,105,INT-505,0,DEPARTURE,,
122,08:56:08,105,INT-505,5.36,BREAKDOWN,7,
122,08:57:31,105,INT-505,5.36,REPAIRED,7,
122,09:00:34,105,INT-505,6.084,BREAKDOWN,7,
122,09:00:34,105,INT-505,6.084,REPAIRED,7,
122,09:02:47,104,INT-504,20.075,CHECKPOINT,,2077.5
122,09:18:18,103,INT-503,38,ARRIVAL,,2725.68
122,09:19:57,106,INT-506,0,DEPARTURE,,
122,09:39:54,106,INT-506,6.194,BREAKDOWN,7,
122,09:39:54,106,INT-506,6.194,REPAIRED,7,
122,09:44:03,105,INT-505,20.075,CHECKPOINT,,2476.38
122,09:45:43,106,INT-506,7.782,BREAKDOWN,7,
122,09:45:43,106,INT-506,7.782,REPAIRED,7,
122,09:48:29,104,INT-504,36.822,BREAKDOWN,30,
122,10:08:09,104,INT-504,36.822,REPAIRED,30,
122,10:12:35,104,INT-504,38,ARRIVAL,,3257.52
122,10:22:50,106,INT-506,20.075,CHECKPOINT,,2326.8
122,10:34:12,105,INT-505,38,ARRIVAL,,1296.36
122,11:12:58,106,INT-506,38,ARRIVAL,,2326.8
123,05:59:58,101,INT-501,0,DEPARTURE,,
123,06:39:51,102,INT-502,0,DEPARTURE,,
123,07:02:51,101,INT-501,20.075,CHECKPOINT,,
123,07:12:16,101,INT-501,23.739,BREAKDOWN,20,
123,07:16:58,101,INT-501,23.739,REPAIRED,20,
123,07:19:44,103,INT-503,0,DEPARTURE,,
123,07:42:44,102,INT-502,20.075,CHECKPOINT,,2393.28
123,07:57:41,101,INT-501,38,ARRIVAL,,
123,07:59:54,104,INT-504,0,DEPARTURE,,
123,08:22:37,103,INT-503,20.075,CHECKPOINT,,2393.28
123,08:32:52,102,INT-502,38,ARRIVAL,,2110.74
123,08:39:48,105,INT-505,0,DEPARTURE,,
123,09:02:47,104,INT-504,20.075,CHECKPOINT,,2409.9
123,09:12:45,103,INT-503,38,ARRIVAL,,2393.28
123,09:19:57,106,INT-506,0,DEPARTURE,,
123,09:42:40,105,INT-505,20.075,CHECKPOINT,,2393.28
123,09:42:57,106,INT-506,7.034,BREAKDOWN,7,
123,09:42:57,106,INT-506,7.034,REPAIRED,7,
123,09:52:55,104,INT-504,38,ARRIVAL,,2409.9
123,10:13:42,105,INT-505,32.426,BREAKDOWN,30,
123,10:13:42,105,INT-505,32.426,REPAIRED,30,
123,10:22:50,106,INT-506,20.075,CHECKPOINT,,2409.9
123,10:32:49,105,INT-505,38,ARRIVAL,,2393.28
123,11:12:58,106,INT-506,38,ARRIVAL,,2409.9
124,05:59:58,101,INT-501,0,DEPARTURE,,
124,06:07:27,101,INT-501,3.176,BREAKDOWN,0,
124,06:11:52,101,INT-501,3.176,REPAIRED,0,
124,06:39:51,102,INT-502,0,DEPARTURE,,
124,07:07:16,101,INT-501,20.075,CHECKPOINT,,
124,07:19:11,101,INT-501,24.765,BREAKDOWN,20,
124,07:19:44,103,INT-503,0,DEPARTURE,,
124,07:28:03,101,INT-501,24.765,REPAIRED,20,
124,07:30:49,103,INT-503,4.306,BREAKDOWN,7,
124,07:35:32,103,INT-503,4.306,REPAIRED,7,
124,07:42:44,102,INT-502,20.075,CHECKPOINT,,2127.36
124,07:59:54,104,INT-504,0,DEPARTURE,,
124,08:06:17,101,INT-501,38,ARRIVAL,,
124,08:27:20,103,INT-503,20.075,CHECKPOINT,,2675.82
124,08:32:52,102,INT-502,38,ARRIVAL,,1595.52
124,08:39:48,105,INT-505,0,DEPARTURE,,
124,09:02:47,104,INT-504,20.075,CHECKPOINT,,2127.36
124,09:17:28,103,INT-503,38,ARRIVAL,,2675.82
124,09:19:57,106,INT-506,0,DEPARTURE,,
124,09:39:21,105,INT-505,18.863,BREAKDOWN,20,
124,09:39:21,105,INT-505,18.863,REPAIRED,20,
124,09:42:40,105,INT-505,20.075,CHECKPOINT,,2393.28
124,09:52:55,104,INT-504,38,ARRIVAL,,2127.36
124,10:22:50,106,INT-506,20.075,CHECKPOINT,,2409.9
124,10:32:49,105,INT-505,38,ARRIVAL,,2393.28
124,11:12:58,106,INT-506,38,ARRIVAL,,2409.9
125,05:59:58,101,INT-501,0,DEPARTURE,,
125,06:35:25,101,INT-501,10.118,BREAKDOWN,7,
125,06:39:51,102,INT-502,0,DEPARTURE,,
125,06:42:21,101,INT-501,10.118,REPAIRED,7,
125,07:09:46,101,INT-501,20.075,CHECKPOINT,,
125,07:19:44,103,INT-503,0,DEPARTURE,,
125,07:42:44,102,INT-502,20.075,CHECKPOINT,,1977.78
125,07:59:54,104,INT-504,0,DEPARTURE,,
125,07:59:54,101,INT-501,38,ARRIVAL,,
125,08:06:17,104,INT-504,2.827,BREAKDOWN,0,
125,08:09:36,104,INT-504,2.827,REPAIRED,0,
125,08:22:37,103,INT-503,20.075,CHECKPOINT,,2393.28
125,08:32:52,102,INT-502,38,ARRIVAL,,1977.78
125,08:39:48,105,INT-505,0,DEPARTURE,,
125,09:06:06,104,INT-504,20.075,CHECKPOINT,,2609.34
125,09:12:45,103,INT-503,38,ARRIVAL,,2393.28
125,09:19:57,106,INT-506,0,DEPARTURE,,
125,09:29:39,105,INT-505,15.426,BREAKDOWN,15,
125,09:29:39,105,INT-505,15.426,REPAIRED,15,
125,09:36:51,105,INT-505,18.047,BREAKDOWN,20,
125,09:38:14,105,INT-505,18.047,REPAIRED,20,
125,09:44:03,105,INT-505,20.075,CHECKPOINT,,2276.94
125,09:56:15,104,INT-504,38,ARRIVAL,,2609.34
125,10:22:50,106,INT-506,20.075,CHECKPOINT,,2326.8
125,10:34:12,105,INT-505,38,ARRIVAL,,2276.94
125,11:12:58,106,INT-506,38,ARRIVAL,,2326.8
126,05:59:58,101,INT-501,0,DEPARTURE,,
126,06:31:49,101,INT-501,9.148,BREAKDOWN,7,
126,06:34:35,101,INT-501,9.148,REPAIRED,7,
126,06:39:51,102,INT-502,0,DEPARTURE,,
126,07:05:37,101,INT-501,20.075,CHECKPOINT,,
126,07:19:44,103,INT-503,0,DEPARTURE,,
126,07:42:44,102,INT-502,20.075,CHECKPOINT,,2227.08
126,07:55:45,101,INT-501,38,ARRIVAL,,
126,07:59:54,104,INT-504,0,DEPARTURE,,
126,08:17:55,102,INT-502,33.336,BREAKDOWN,30,
126,08:22:37,103,INT-503,20.075,CHECKPOINT,,2393.28
126,08:22:37,102,INT-502,33.336,REPAIRED,30,
126,08:37:35,102,INT-502,38,ARRIVAL,,2509.62
126,08:39:48,105,INT-505,0,DEPARTURE,,
126,09:02:47,104,INT-504,20.075,CHECKPOINT,,2409.9
126,09:12:45,103,INT-503,38,ARRIVAL,,2110.74
126,09:19:57,106,INT-506,0,DEPARTURE,,
126,09:42:40,105,INT-505,20.075,CHECKPOINT,,2393.28
126,09:52:55,104,INT-504,38,ARRIVAL,,2409.9
126,10:22:50,106,INT-506,20.075,CHECKPOINT,,2409.9
126,10:32:49,105,INT-505,38,ARRIVAL,,2393.28
126,11:12:58,106,INT-506,38,ARRIVAL,,2409.9
127,05:59:58,101,INT-501,0,DEPARTURE,,
127,06:39:51,102,INT-502,0,DEPARTURE,,
127,07:02:51,101,INT-501,20.075,CHECKPOINT,,
127,07:19:44,103,INT-503,0,DEPARTURE,,
127,07:42:44,102,INT-502,20.075,CHECKPOINT,,2393.28
127,07:52:59,101,INT-501,38,ARRIVAL,,
127,07:59:54,104,INT-504,0,DEPARTURE,,
127,08:22:37,103,INT-503,20.075,CHECKPOINT,,2393.28
127,08:32:52,102,INT-502,38,ARRIVAL,,2393.28
127,08:39:48,105,INT-505,0,DEPARTURE,,
127,09:02:30,103,INT-503,34.788,BREAKDOWN,30,
127,09:02:47,104,INT-504,20.075,CHECKPOINT,,2409.9
127,09:14:42,103,INT-503,34.788,REPAIRED,30,
127,09:19:57,106,INT-506,0,DEPARTURE,,
127,09:24:57,103,INT-503,38,ARRIVAL,,3124.56
127,09:42:40,105,INT-505,20.075,CHECKPOINT,,2393.28
127,09:52:55,104,INT-504,38,ARRIVAL,,1678.62
127,09:54:35,106,INT-506,9.977,BREAKDOWN,7,
127,10:00:41,106,INT-506,9.977,REPAIRED,7,
127,10:28:56,106,INT-506,20.075,CHECKPOINT,,2775.54
127,10:32:49,105,INT-505,38,ARRIVAL,,2393.28
127,11:19:04,106,INT-506,38,ARRIVAL,,2775.54
128,05:59:58,101,INT-501,0,DEPARTURE,,
128,06:39:51,102,INT-502,0,DEPARTURE,,
128,07:02:51,101,INT-501,20.075,CHECKPOINT,,
128,07:19:44,103,INT-503,0,DEPARTURE,,
128,07:41:54,102,INT-502,19.896,BREAKDOWN,20,
128,07:41:54,102,INT-502,19.896,REPAIRED,20,
128,07:42:44,102,INT-502,20.075,CHECKPOINT,,2393.28
128,07:52:59,101,INT-501,38,ARRIVAL,,
128,07:59:54,104,INT-504,0,DEPARTURE,,
128,08:22:37,103,INT-503,20.075,CHECKPOINT,,2393.28
128,08:32:52,102,INT-502,38,ARRIVAL,,2393.28
128,08:39:48,105,INT-505,0,DEPARTURE,,
128,09:02:47,104,INT-504,20.075,CHECKPOINT,,2409.9
128,09:12:45,103,INT-503,38,ARRIVAL,,2393.28
128,09:19:57,106,INT-506,0,DEPARTURE,,
128,09:42:40,105,INT-505,20.075,CHECKPOINT,,2393.28
128,09:52:55,104,INT-504,38,ARRIVAL,,2409.9
128,10:22:50,106,INT-506,20.075,CHECKPOINT,,2409.9
128,10:32:49,105,INT-505,38,ARRIVAL,,2393.28
128,11:12:58,106,INT-506,38,ARRIVAL,,2409.9
129,05:59:58,101,INT-501,0,DEPARTURE,,
129,06:39:51,102,INT-502,0,DEPARTURE,,
129,07:02:51,101,INT-501,20.075,CHECKPOINT,,
129,07:19:44,103,INT-503,0,DEPARTURE,,
129,07:22:31,101,INT-501,27.857,BREAKDOWN,30,
129,07:23:37,101,INT-501,27.857,REPAIRED,30,
129,07:26:40,103,INT-503,2.988,BREAKDOWN,0,
129,07:30:49,103,INT-503,2.988,REPAIRED,0,
129,07:42:44,102,INT-502,20.075,CHECKPOINT,,2393.28
129,07:54:05,101,INT-501,38,ARRIVAL,,
129,07:59:54,104,INT-504,0,DEPARTURE,,
129,08:26:46,103,INT-503,20.075,CHECKPOINT,,2642.58
129,08:32:52,102,INT-502,38,ARRIVAL,,2326.8
129,08:39:48,105,INT-505,0,DEPARTURE,,
129,09:02:47,104,INT-504,20.075,CHECKPOINT,,2160.6
129,09:16:55,103,INT-503,38,ARRIVAL,,2642.58
129,09:19:57,106,INT-506,0,DEPARTURE,,
129,09:42:40,105,INT-505,20.075,CHECKPOINT,,2393.28
129,09:52:55,104,INT-504,38,ARRIVAL,,2160.6
129,09:53:28,105,INT-505,24.334,BREAKDOWN,20,
129,10:01:30,105,INT-505,24.334,REPAIRED,20,
129,10:22:50,106,INT-506,20.075,CHECKPOINT,,2409.9
129,10:40:51,105,INT-505,38,ARRIVAL,,2875.26
129,11:12:58,106,INT-506,38,ARRIVAL,,1927.92
130,05:59:58,101,INT-501,0,DEPARTURE,,
130,06:39:51,102,INT-502,0,DEPARTURE,,
130,07:02:51,101,INT-501,20.075,CHECKPOINT,,
130,07:19:44,103,INT-503,0,DEPARTURE,,
130,07:40:48,102,INT-502,19.389,BREAKDOWN,20,
130,07:40:48,102,INT-502,19.389,REPAIRED,20,
130,07:42:44,102,INT-502,20.075,CHECKPOINT,,2393.28
130,07:52:59,101,INT-501,38,ARRIVAL,,
130,07:59:54,104,INT-504,0,DEPARTURE,,
130,08:22:37,103,INT-503,20.075,CHECKPOINT,,2393.28
130,08:32:52,102,INT-502,38,ARRIVAL,,2393.28
130,08:39:48,105,INT-505,0,DEPARTURE,,
130,09:02:47,104,INT-504,20.075,CHECKPOINT,,2409.9
130,09:05:17,104,INT-504,21.045,BREAKDOWN,20,
130,09:05:17,104,INT-504,21.045,REPAIRED,20,
130,09:12:45,103,INT-503,38,ARRIVAL,,2393.28
130,09:19:57,106,INT-506,0,DEPARTURE,,
130,09:42:40,105,INT-505,20.075,CHECKPOINT,,2393.28
130,09:52:55,104,INT-504,38,ARRIVAL,,2409.9
130,09:59:51,106,INT-506,11.624,BREAKDOWN,15,
130,10:04:17,106,INT-506,11.624,REPAIRED,15,
130,10:27:16,106,INT-506,20.075,CHECKPOINT,,2675.82
130,10:32:49,105,INT-505,38,ARRIVAL,,2393.28
130,11:17:24,106,INT-506,38,ARRIVAL,,2675.82
131,05:59:58,101,INT-501,0,DEPARTURE,,
131,06:39:51,102,INT-502,0,DEPARTURE,,
131,07:02:51,101,INT-501,20.075,CHECKPOINT,,
131,07:10:36,102,INT-502,8.761,BREAKDOWN,7,
131,07:11:42,102,INT-502,8.761,REPAIRED,7,
131,07:12:32,102,INT-502,9.051,BREAKDOWN,7,
131,07:15:02,102,INT-502,9.051,REPAIRED,7,
131,07:19:44,103,INT-503,0,DEPARTURE,,
131,07:33:35,101,INT-501,32.372,BREAKDOWN,30,
131,07:33:35,101,INT-501,32.372,REPAIRED,30,
131,07:46:20,102,INT-502,20.075,CHECKPOINT,,2609.34
131,07:52:59,101,INT-501,38,ARRIVAL,,
131,07:59:54,104,INT-504,0,DEPARTURE,,
131,08:22:37,103,INT-503,20.075,CHECKPOINT,,2177.22
131,08:36:28,102,INT-502,38,ARRIVAL,,2609.34
131,08:39:48,105,INT-505,0,DEPARTURE,,
131,09:02:47,104,INT-504,20.075,CHECKPOINT,,2409.9
131,09:12:45,103,INT-503,38,ARRIVAL,,2177.22
131,09:19:57,106,INT-506,0,DEPARTURE,,
131,09:42:40,105,INT-505,20.075,CHECKPOINT,,2393.28
131,09:52:55,104,INT-504,38,ARRIVAL,,2409.9
131,10:22:50,106,INT-506,20.075,CHECKPOINT,,2409.9
131,10:32:49,105,INT-505,38,ARRIVAL,,2393.28
131,11:12:58,106,INT-506,38,ARRIVAL,,2409.9
132,05:59:58,101,INT-501,0,DEPARTURE,,
132,06:39:51,102,INT-502,0,DEPARTURE,,
132,06:48:26,102,INT-502,3.527,BREAKDOWN,7,
132,06:55:22,102,INT-502,3.527,REPAIRED,7,
132,07:02:51,101,INT-501,20.075,CHECKPOINT,,
132,07:19:44,103,INT-503,0,DEPARTURE,,
132,07:49:39,102,INT-502,20.075,CHECKPOINT,,2808.78
132,07:52:59,101,INT-501,38,ARRIVAL,,
132,07:59:54,104,INT-504,0,DEPARTURE,,
132,08:22:37,103,INT-503,20.075,CHECKPOINT,,1977.78
132,08:35:22,104,INT-504,10.118,BREAKDOWN,7,
132,08:39:48,105,INT-505,0,DEPARTURE,,
132,08:39:48,102,INT-502,38,ARRIVAL,,2808.78
132,08:42:17,104,INT-504,10.118,REPAIRED,7,
132,09:00:17,104,INT-504,16.936,BREAKDOWN,15,
132,09:01:24,104,INT-504,16.936,REPAIRED,15,
132,09:10:49,104,INT-504,20.075,CHECKPOINT,,2891.88
132,09:12:45,103,INT-503,38,ARRIVAL,,1977.78
132,09:19:57,106,INT-506,0,DEPARTURE,,
132,09:37:41,106,INT-506,5.653,BREAKDOWN,7,
132,09:37:41,106,INT-506,5.653,REPAIRED,7,
132,09:42:40,105,INT-505,20.075,CHECKPOINT,,1911.3
132,10:00:57,104,INT-504,38,ARRIVAL,,2891.88
132,10:22:50,106,INT-506,20.075,CHECKPOINT,,2409.9
132,10:32:49,105,INT-505,38,ARRIVAL,,1911.3
132,11:12:58,106,INT-506,38,ARRIVAL,,2409.9
133,05:59:58,101,INT-501,0,DEPARTURE,,
133,06:39:51,102,INT-502,0,DEPARTURE,,
133,07:02:51,101,INT-501,20.075,CHECKPOINT,,
133,07:19:44,103,INT-503,0,DEPARTURE,,
133,07:26:40,103,INT-503,2.988,BREAKDOWN,0,
133,07:30:49,103,INT-503,2.988,REPAIRED,0,
133,07:39:08,103,INT-503,5.137,BREAKDOWN,7,
133,07:40:48,103,INT-503,5.137,REPAIRED,7,
133,07:42:44,102,INT-502,20.075,CHECKPOINT,,2393.28
133,07:52:59,101,INT-501,38,ARRIVAL,,
133,07:59:54,104,INT-504,0,DEPARTURE,,
133,08:28:26,103,INT-503,20.075,CHECKPOINT,,2742.3
133,08:32:52,102,INT-502,38,ARRIVAL,,2393.28
133,08:39:48,105,INT-505,0,DEPARTURE,,
133,09:02:47,104,INT-504,20.075,CHECKPOINT,,2060.88
133,09:18:34,103,INT-503,38,ARRIVAL,,2742.3
133,09:19:57,106,INT-506,0,DEPARTURE,,
133,09:42:40,105,INT-505,20.075,CHECKPOINT,,2393.28
133,09:43:30,105,INT-505,20.36,BREAKDOWN,20,
133,09:43:30,105,INT-505,20.36,REPAIRED,20,
133,09:52:55,104,INT-504,38,ARRIVAL,,2060.88
133,09:59:51,106,INT-506,11.624,BREAKDOWN,15,
133,10:04:17,106,INT-506,11.624,REPAIRED,15,
133,10:27:16,106,INT-506,20.075,CHECKPOINT,,2675.82
133,10:32:49,105,INT-505,38,ARRIVAL,,2393.28
133,11:17:24,106,INT-506,38,ARRIVAL,,2675.82
134,05:59:58,101,INT-501,0,DEPARTURE,,
134,06:08:50,101,INT-501,3.652,BREAKDOWN,7,
134,06:15:29,101,INT-501,3.652,REPAIRED,7,
134,06:39:51,102,INT-502,0,DEPARTURE,,
134,07:09:29,101,INT-501,20.075,CHECKPOINT,,
134,07:19:44,103,INT-503,0,DEPARTURE,,
134,07:42:44,102,INT-502,20.075,CHECKPOINT,,1994.4
134,07:45:13,103,INT-503,7.683,BREAKDOWN,7,
134,07:45:13,103,INT-503,7.683,REPAIRED,7,
134,07:59:38,101,INT-501,38,ARRIVAL,,
134,07:59:54,104,INT-504,0,DEPARTURE,,
134,08:22:37,103,INT-503,20.075,CHECKPOINT,,2393.28
134,08:32:52,102,INT-502,38,ARRIVAL,,1994.4
134,08:39:48,105,INT-505,0,DEPARTURE,,
134,09:02:47,104,INT-504,20.075,CHECKPOINT,,2409.9
134,09:12:45,103,INT-503,38,ARRIVAL,,2393.28
134,09:19:57,106,INT-506,0,DEPARTURE,,
134,09:42:40,105,INT-505,20.075,CHECKPOINT,,2393.28
134,09:52:55,104,INT-504,38,ARRIVAL,,2409.9
134,09:55:08,106,INT-506,10.107,BREAKDOWN,7,
134,10:02:04,106,INT-506,10.107,REPAIRED,7,
134,10:29:46,106,INT-506,20.075,CHECKPOINT,,2825.4
134,10:32:49,105,INT-505,38,ARRIVAL,,2393.28
134,11:19:54,106,INT-506,38,ARRIVAL,,2825.4
135,05:59:58,101,INT-501,0,DEPARTURE,,
135,06:39:51,102,INT-502,0,DEPARTURE,,
135,07:02:51,101,INT-501,20.075,CHECKPOINT,,
135,07:19:44,103,INT-503,0,DEPARTURE,,
135,07:42:44,102,INT-502,20.075,CHECKPOINT,,2393.28
135,07:52:59,101,INT-501,38,ARRIVAL,,
135,07:59:54,104,INT-504,0,DEPARTURE,,
135,08:22:37,103,INT-503,20.075,CHECKPOINT,,2393.28
135,08:27:03,102,INT-502,36.262,BREAKDOWN,30,
135,08:39:48,105,INT-505,0,DEPARTURE,,
135,08:42:34,102,INT-502,36.262,REPAIRED,30,
135,08:44:30,105,INT-505,2.174,BREAKDOWN,0,
135,08:45:03,105,INT-505,2.174,REPAIRED,0,
135,08:48:23,102,INT-502,38,ARRIVAL,,3324
135,09:02:47,104,INT-504,20.075,CHECKPOINT,,2409.9
135,09:12:45,103,INT-503,38,ARRIVAL,,1462.56
135,09:19:57,106,INT-506,0,DEPARTURE,,
135,09:43:14,105,INT-505,20.075,CHECKPOINT,,2426.52
135,09:52:55,104,INT-504,38,ARRIVAL,,2409.9
135,10:22:50,106,INT-506,20.075,CHECKPOINT,,2376.66
135,10:33:22,105,INT-505,38,ARRIVAL,,2426.52
135,11:12:58,106,INT-506,38,ARRIVAL,,2376.66
136,05:59:58,101,INT-501,0,DEPARTURE,,
136,06:00:14,101,INT-501,0.238,BREAKDOWN,0,
136,06:00:14,101,INT-501,0.238,REPAIRED,0,
136,06:39:51,102,INT-502,0,DEPARTURE,,
136,07:02:51,101,INT-501,20.075,CHECKPOINT,,
136,07:19:44,103,INT-503,0,DEPARTURE,,
136,07:42:44,102,INT-502,20.075,CHECKPOINT,,2393.28
136,07:52:59,101,INT-501,38,ARRIVAL,,
136,07:59:54,104,INT-504,0,DEPARTURE,,
136,08:17:21,103,INT-503,18.251,BREAKDOWN,20,
136,08:18:28,103,INT-503,18.251,REPAIRED,20,
136,08:23:44,103,INT-503,20.075,CHECKPOINT,,2459.76
136,08:32:52,102,INT-502,38,ARRIVAL,,2393.28
136,08:39:48,105,INT-505,0,DEPARTURE,,
136,09:02:47,104,INT-504,20.075,CHECKPOINT,,2343.42
136,09:13:52,103,INT-503,38,ARRIVAL,,2459.76
136,09:19:57,106,INT-506,0,DEPARTURE,,
136,09:42:40,105,INT-505,20.075,CHECKPOINT,,2393.28
136,09:52:55,104,INT-504,38,ARRIVAL,,2343.42
136,10:22:50,106,INT-506,20.075,CHECKPOINT,,2409.9
136,10:32:49,105,INT-505,38,ARRIVAL,,2393.28
136,11:12:58,106,INT-506,38,ARRIVAL,,2409.9
137,05:59:58,101,INT-501,0,DEPARTURE,,
137,06:39:51,102,INT-502,0,DEPARTURE,,
137,07:02:51,101,INT-501,20.075,CHECKPOINT,,
137,07:19:44,103,INT-503,0,DEPARTURE,,
137,07:21:57,102,INT-502,12.252,BREAKDOWN,15,
137,07:25:00,102,INT-502,12.252,REPAIRED,15,
137,07:45:47,102,INT-502,20.075,CHECKPOINT,,2576.1
137,07:48:00,102,INT-502,20.909,BREAKDOWN,20,
137,07:48:00,102,INT-502,20.909,REPAIRED,20,
137,07:52:59,101,INT-501,38,ARRIVAL,,
137,07:59:54,104,INT-504,0,DEPARTURE,,
137,08:18:11,103,INT-503,18.513,BREAKDOWN,20,
137,08:18:28,103,INT-503,18.513,REPAIRED,20,
137,08:22:54,103,INT-503,20.075,CHECKPOINT,,2227.08
137,08:30:06,103,INT-503,22.666,BREAKDOWN,20,
137,08:33:09,103,INT-503,22.666,REPAIRED,20,
137,08:35:55,102,INT-502,38,ARRIVAL,,2576.1
137,08:39:48,105,INT-505,0,DEPARTURE,,
137,08:51:42,103,INT-503,31.167,BREAKDOWN,30,
137,08:51:42,103,INT-503,31.167,REPAIRED,30,
137,09:02:47,104,INT-504,20.075,CHECKPOINT,,2393.28
137,09:16:05,103,INT-503,38,ARRIVAL,,2409.9
137,09:19:57,106,INT-506,0,DEPARTURE,,
137,09:42:40,105,INT-505,20.075,CHECKPOINT,,2393.28
137,09:52:55,104,INT-504,38,ARRIVAL,,2210.46
137,10:22:50,106,INT-506,20.075,CHECKPOINT,,2409.9
137,10:32:49,105,INT-505,38,ARRIVAL,,2393.28
137,11:12:58,106,INT-506,38,ARRIVAL,,2409.9
138,05:59:58,101,INT-501,0,DEPARTURE,,
138,06:39:51,102,INT-502,0,DEPARTURE,,
138,06:45:40,101,INT-501,13.519,BREAKDOWN,15,
138,06:45:57,101,INT-501,13.519,REPAIRED,15,
138,07:03:07,101,INT-501,20.075,CHECKPOINT,,
138,07:19:44,103,INT-503,0,DEPARTURE,,
138,07:33:19,102,INT-502,16.936,BREAKDOWN,15,
138,07:34:25,102,INT-502,16.936,REPAIRED,15,
138,07:43:50,102,INT-502,20.075,CHECKPOINT,,2443.14
138,07:53:15,101,INT-501,38,ARRIVAL,,
138,07:59:54,104,INT-504,0,DEPARTURE,,
138,08:03:14,102,INT-502,27.841,BREAKDOWN,30,
138,08:04:20,102,INT-502,27.841,REPAIRED,30,
138,08:22:37,103,INT-503,20.075,CHECKPOINT,,2326.8
138,08:35:05,102,INT-502,38,ARRIVAL,,2509.62
138,08:39:48,105,INT-505,0,DEPARTURE,,
138,09:02:47,104,INT-504,20.075,CHECKPOINT,,2409.9
138,09:12:45,103,INT-503,38,ARRIVAL,,2260.32
138,09:19:57,106,INT-506,0,DEPARTURE,,
138,09:21:21,105,INT-505,12.026,BREAKDOWN,15,
138,09:24:57,105,INT-505,12.026,REPAIRED,15,
138,09:46:16,105,INT-505,20.075,CHECKPOINT,,2609.34
138,09:52:55,104,INT-504,38,ARRIVAL,,2409.9
138,10:22:50,106,INT-506,20.075,CHECKPOINT,,2193.84
138,10:36:25,105,INT-505,38,ARRIVAL,,2609.34
138,11:12:58,106,INT-506,38,ARRIVAL,,2193.84
139,05:59:58,101,INT-501,0,DEPARTURE,,
139,06:39:51,102,INT-502,0,DEPARTURE,,
139,06:45:24,101,INT-501,13.392,BREAKDOWN,15,
139,06:45:57,101,INT-501,13.392,REPAIRED,15,
139,07:03:24,101,INT-501,20.075,CHECKPOINT,,
139,07:19:44,103,INT-503,0,DEPARTURE,,
139,07:42:44,102,INT-502,20.075,CHECKPOINT,,2360.04
139,07:53:32,101,INT-501,38,ARRIVAL,,
139,07:59:54,104,INT-504,0,DEPARTURE,,
139,08:00:11,104,INT-504,0.238,BREAKDOWN,0,
139,08:00:11,104,INT-504,0.238,REPAIRED,0,
139,08:22:37,103,INT-503,20.075,CHECKPOINT,,2393.28
139,08:25:40,104,INT-504,7.782,BREAKDOWN,7,
139,08:25:40,104,INT-504,7.782,REPAIRED,7,
139,08:32:52,102,INT-502,38,ARRIVAL,,2360.04
139,08:39:48,105,INT-505,0,DEPARTURE,,
139,09:02:47,104,INT-504,20.075,CHECKPOINT,,2409.9
139,09:12:45,103,INT-503,38,ARRIVAL,,2393.28
139,09:19:57,106,INT-506,0,DEPARTURE,,
139,09:34:38,106,INT-506,4.967,BREAKDOWN,7,
139,09:36:51,106,INT-506,4.967,REPAIRED,7,
139,09:42:40,105,INT-505,20.075,CHECKPOINT,,2393.28
139,09:52:55,104,INT-504,38,ARRIVAL,,2409.9
139,10:10:39,106,INT-506,14.802,BREAKDOWN,15,
139,10:10:39,106,INT-506,14.802,REPAIRED,15,
139,10:25:03,106,INT-506,20.075,CHECKPOINT,,2542.86
139,10:32:49,105,INT-505,38,ARRIVAL,,2393.28
139,11:15:11,106,INT-506,38,ARRIVAL,,2542.86
140,05:59:58,101,INT-501,0,DEPARTURE,,
140,06:22:41,101,INT-501,6.971,BREAKDOWN,7,
140,06:22:41,101,INT-501,6.971,REPAIRED,7,
140,06:25:43,101,INT-501,7.782,BREAKDOWN,7,
140,06:25:43,101,INT-501,7.782,REPAIRED,7,
140,06:39:51,102,INT-502,0,DEPARTURE,,
140,07:02:51,101,INT-501,20.075,CHECKPOINT,,
140,07:19:44,103,INT-503,0,DEPARTURE,,
140,07:42:44,102,INT-502,20.075,CHECKPOINT,,2393.28
140,07:52:59,101,INT-501,38,ARRIVAL,,
140,07:59:54,104,INT-504,0,DEPARTURE,,
140,08:22:37,103,INT-503,20.075,CHECKPOINT,,2393.28
140,08:32:52,102,INT-502,38,ARRIVAL,,2393.28
140,08:39:48,105,INT-505,0,DEPARTURE,,
140,09:02:47,104,INT-504,20.075,CHECKPOINT,,2409.9
140,09:09:59,105,INT-505,8.674,BREAKDOWN,7,
140,09:11:06,105,INT-505,8.674,REPAIRED,7,
140,09:12:45,103,INT-503,38,ARRIVAL,,2393.28
140,09:19:57,106,INT-506,0,DEPARTURE,,
140,09:29:06,104,INT-504,31.346,BREAKDOWN,30,
140,09:29:06,104,INT-504,31.346,REPAIRED,30,
140,09:43:47,105,INT-505,20.075,CHECKPOINT,,2459.76
140,09:48:29,105,INT-505,22.372,BREAKDOWN,20,
140,09:50:59,105,INT-505,22.372,REPAIRED,20,
140,09:52:55,104,INT-504,38,ARRIVAL,,2409.9
140,10:22:50,106,INT-506,20.075,CHECKPOINT,,2343.42
140,10:36:25,105,INT-505,38,ARRIVAL,,2609.34
140,11:12:58,106,INT-506,38,ARRIVAL,,2193.84
141,05:59:58,101,INT-501,0,DEPARTURE,,
141,06:22:24,101,INT-501,6.954,BREAKDOWN,7,
141,06:22:24,101,INT-501,6.954,REPAIRED,7,
141,06:39:51,102,INT-502,0,DEPARTURE,,
141,06:50:56,102,INT-502,4.306,BREAKDOWN,7,
141,06:55:38,102,INT-502,4.306,REPAIRED,7,
141,07:02:51,101,INT-501,20.075,CHECKPOINT,,
141,07:12:49,102,INT-502,8.202,BREAKDOWN,7,
141,07:12:49,102,INT-502,8.202,REPAIRED,7,
141,07:19:44,103,INT-503,0,DEPARTURE,,
141,07:36:22,101,INT-501,33.056,BREAKDOWN,30,
141,07:40:31,101,INT-501,33.056,REPAIRED,30,
141,07:47:26,102,INT-502,20.075,CHECKPOINT,,2675.82
141,07:57:08,101,INT-501,38,ARRIVAL,,
141,07:59:54,104,INT-504,0,DEPARTURE,,
141,08:22:37,103,INT-503,20.075,CHECKPOINT,,2110.74
141,08:37:35,102,INT-502,38,ARRIVAL,,2426.52
141,08:39:48,105,INT-505,0,DEPARTURE,,
141,09:02:47,104,INT-504,20.075,CHECKPOINT,,2409.9
141,09:12:45,103,INT-503,38,ARRIVAL,,2110.74
141,09:19:57,106,INT-506,0,DEPARTURE,,
141,09:42:40,105,INT-505,20.075,CHECKPOINT,,2393.28
141,09:52:55,104,INT-504,38,ARRIVAL,,2409.9
141,10:22:50,106,INT-506,20.075,CHECKPOINT,,2409.9
141,10:32:49,105,INT-505,38,ARRIVAL,,2393.28
141,11:12:58,106,INT-506,38,ARRIVAL,,2409.9
142,05:59:58,101,INT-501,0,DEPARTURE,,
142,06:10:46,101,INT-501,4.246,BREAKDOWN,7,
142,06:15:45,101,INT-501,4.246,REPAIRED,7,
142,06:39:51,102,INT-502,0,DEPARTURE,,
142,07:07:50,101,INT-501,20.075,CHECKPOINT,,
142,07:19:44,103,INT-503,0,DEPARTURE,,
142,07:42:44,102,INT-502,20.075,CHECKPOINT,,2094.12
142,07:57:58,101,INT-501,38,ARRIVAL,,
142,07:59:54,104,INT-504,0,DEPARTURE,,
142,08:00:44,103,INT-503,11.894,BREAKDOWN,15,
142,08:04:37,103,INT-503,11.894,REPAIRED,15,
142,08:26:30,103,INT-503,20.075,CHECKPOINT,,2625.96
142,08:26:30,103,INT-503,20.075,BREAKDOWN,20,
142,08:26:30,103,INT-503,20.075,REPAIRED,20,
142,08:32:52,102,INT-502,38,ARRIVAL,,2094.12
142,08:39:48,105,INT-505,0,DEPARTURE,,
142,09:02:47,104,INT-504,20.075,CHECKPOINT,,2177.22
142,09:16:38,103,INT-503,38,ARRIVAL,,2625.96
142,09:19:08,104,INT-504,26.906,BREAKDOWN,30,
142,09:19:57,106,INT-506,0,DEPARTURE,,
142,09:20:47,104,INT-504,26.906,REPAIRED,30,
142,09:38:31,105,INT-505,18.552,BREAKDOWN,20,
142,09:38:48,105,INT-505,18.552,REPAIRED,20,
142,09:39:54,106,INT-506,6.194,BREAKDOWN,7,
142,09:39:54,106,INT-506,6.194,REPAIRED,7,
142,09:42:57,105,INT-505,20.075,CHECKPOINT,,2409.9
142,09:54:35,104,INT-504,38,ARRIVAL,,2276.94
142,10:22:50,106,INT-506,20.075,CHECKPOINT,,2393.28
142,10:33:05,105,INT-505,38,ARRIVAL,,2310.18
142,11:12:58,106,INT-506,38,ARRIVAL,,2393.28
143,05:59:58,101,INT-501,0,DEPARTURE,,
143,06:39:51,102,INT-502,0,DEPARTURE,,
143,07:02:51,101,INT-501,20.075,CHECKPOINT,,
143,07:19:44,103,INT-503,0,DEPARTURE,,
143,07:42:44,102,INT-502,20.075,CHECKPOINT,,2393.28
143,07:52:59,101,INT-501,38,ARRIVAL,,
143,07:59:54,104,INT-504,0,DEPARTURE,,
143,08:22:37,103,INT-503,20.075,CHECKPOINT,,2393.28
143,08:32:52,102,INT-502,38,ARRIVAL,,2393.28
143,08:39:48,105,INT-505,0,DEPARTURE,,
143,09:02:47,104,INT-504,20.075,CHECKPOINT,,2409.9
143,09:12:45,103,INT-503,38,ARRIVAL,,2393.28
143,09:19:57,106,INT-506,0,DEPARTURE,,
143,09:42:40,105,INT-505,20.075,CHECKPOINT,,2393.28
143,09:47:23,106,INT-506,8.101,BREAKDOWN,7,
143,09:47:23,106,INT-506,8.101,REPAIRED,7,
143,09:52:55,104,INT-504,38,ARRIVAL,,2409.9
143,10:22:50,106,INT-506,20.075,CHECKPOINT,,2409.9
143,10:32:49,105,INT-505,38,ARRIVAL,,2393.28
143,11:12:58,106,INT-506,38,ARRIVAL,,2409.9
144,05:59:58,101,INT-501,0,DEPARTURE,,
144,06:39:01,101,INT-501,11.35,BREAKDOWN,15,
144,06:39:51,102,INT-502,0,DEPARTURE,,
144,06:44:00,101,INT-501,11.35,REPAIRED,15,
144,07:07:50,101,INT-501,20.075,CHECKPOINT,,
144,07:19:44,103,INT-503,0,DEPARTURE,,
144,07:42:44,102,INT-502,20.075,CHECKPOINT,,2094.12
144,07:43:34,102,INT-502,20.36,BREAKDOWN,20,
144,07:43:34,102,INT-502,20.36,REPAIRED,20,
144,07:52:59,102,INT-502,24.181,BREAKDOWN,20,
144,07:57:58,101,INT-501,38,ARRIVAL,,
144,07:59:54,104,INT-504,0,DEPARTURE,,
144,08:00:44,102,INT-502,24.181,REPAIRED,20,
144,08:22:37,103,INT-503,20.075,CHECKPOINT,,2393.28
144,08:39:48,105,INT-505,0,DEPARTURE,,
144,08:40:37,102,INT-502,38,ARRIVAL,,2559.48
144,08:56:25,103,INT-503,33.082,BREAKDOWN,30,
144,09:00:34,103,INT-503,33.082,REPAIRED,30,
144,09:02:47,104,INT-504,20.075,CHECKPOINT,,2409.9
144,09:16:55,103,INT-503,38,ARRIVAL,,2177.22
144,09:19:57,106,INT-506,0,DEPARTURE,,
144,09:42:40,105,INT-505,20.075,CHECKPOINT,,2393.28
144,09:52:55,104,INT-504,38,ARRIVAL,,2160.6
144,10:22:50,106,INT-506,20.075,CHECKPOINT,,2409.9
144,10:32:49,105,INT-505,38,ARRIVAL,,2393.28
144,11:12:58,106,INT-506,38,ARRIVAL,,2409.9
145,05:59:58,101,INT-501,0,DEPARTURE,,
145,06:39:51,102,INT-502,0,DEPARTURE,,
145,07:02:51,101,INT-501,20.075,CHECKPOINT,,
145,07:19:44,103,INT-503,0,DEPARTURE,,
145,07:42:44,102,INT-502,20.075,CHECKPOINT,,2393.28
145,07:52:59,101,INT-501,38,ARRIVAL,,
145,07:59:54,104,INT-504,0,DEPARTURE,,
145,08:22:37,103,INT-503,20.075,CHECKPOINT,,2393.28
145,08:32:52,102,INT-502,38,ARRIVAL,,2393.28
145,08:39:48,105,INT-505,0,DEPARTURE,,
145,09:02:47,104,INT-504,20.075,CHECKPOINT,,2409.9
145,09:12:45,103,INT-503,38,ARRIVAL,,2393.28
145,09:19:57,106,INT-506,0,DEPARTURE,,
145,09:42:40,105,INT-505,20.075,CHECKPOINT,,2393.28
145,09:52:55,104,INT-504,38,ARRIVAL,,2409.9
145,10:22:50,106,INT-506,20.075,CHECKPOINT,,2409.9
145,10:32:49,105,INT-505,38,ARRIVAL,,2393.28
145,11:12:58,106,INT-506,38,ARRIVAL,,2409.9
146,05:59:58,101,INT-501,0,DEPARTURE,,
146,06:39:51,102,INT-502,0,DEPARTURE,,
146,07:02:51,101,INT-501,20.075,CHECKPOINT,,
146,07:13:06,102,INT-502,9.661,BREAKDOWN,7,
146,07:18:21,102,INT-502,9.661,REPAIRED,7,
146,07:19:44,103,INT-503,0,DEPARTURE,,
146,07:31:06,102,INT-502,13.648,BREAKDOWN,15,
146,07:31:06,102,INT-502,13.648,REPAIRED,15,
146,07:48:00,102,INT-502,20.075,CHECKPOINT,,2709.06
146,07:52:59,101,INT-501,38,ARRIVAL,,
146,07:59:54,104,INT-504,0,DEPARTURE,,
146,08:22:37,103,INT-503,20.075,CHECKPOINT,,2077.5
146,08:38:08,102,INT-502,38,ARRIVAL,,2709.06
146,08:39:48,105,INT-505,0,DEPARTURE,,
146,09:02:47,104,INT-504,20.075,CHECKPOINT,,2409.9
146,09:12:45,103,INT-503,38,ARRIVAL,,2077.5
146,09:19:57,106,INT-506,0,DEPARTURE,,
146,09:42:40,105,INT-505,20.075,CHECKPOINT,,2393.28
146,09:52:55,104,INT-504,38,ARRIVAL,,2409.9
146,10:22:50,106,INT-506,20.075,CHECKPOINT,,2409.9
146,10:32:49,105,INT-505,38,ARRIVAL,,2393.28
146,11:12:58,106,INT-506,38,ARRIVAL,,2409.9
147,05:59:58,101,INT-501,0,DEPARTURE,,
147,06:39:51,102,INT-502,0,DEPARTURE,,
147,07:02:51,101,INT-501,20.075,CHECKPOINT,,
147,07:13:39,102,INT-502,9.772,BREAKDOWN,7,
147,07:19:11,102,INT-502,9.772,REPAIRED,7,
147,07:19:44,103,INT-503,0,DEPARTURE,,
147,07:48:16,102,INT-502,20.075,CHECKPOINT,,2725.68
147,07:52:59,101,INT-501,38,ARRIVAL,,
147,07:59:54,104,INT-504,0,DEPARTURE,,
147,08:22:37,103,INT-503,20.075,CHECKPOINT,,2060.88
147,08:38:24,102,INT-502,38,ARRIVAL,,2725.68
147,08:39:48,105,INT-505,0,DEPARTURE,,
147,09:00:01,105,INT-505,6.226,BREAKDOWN,7,
147,09:00:01,105,INT-505,6.226,REPAIRED,7,
147,09:02:47,104,INT-504,20.075,CHECKPOINT,,2409.9
147,09:12:45,103,INT-503,38,ARRIVAL,,2060.88
147,09:19:57,106,INT-506,0,DEPARTURE,,
147,09:42:40,105,INT-505,20.075,CHECKPOINT,,2393.28
147,09:52:55,104,INT-504,38,ARRIVAL,,2409.9
147,10:05:56,106,INT-506,13.648,BREAKDOWN,15,
147,10:05:56,106,INT-506,13.648,REPAIRED,15,
147,10:17:51,106,INT-506,18.367,BREAKDOWN,20,
147,10:18:41,106,INT-506,18.367,REPAIRED,20,
147,10:23:40,106,INT-506,20.075,CHECKPOINT,,2459.76
147,10:32:49,105,INT-505,38,ARRIVAL,,2393.28
147,11:13:48,106,INT-506,38,ARRIVAL,,2459.76
148,05:59:58,101,INT-501,0,DEPARTURE,,
148,06:14:05,101,INT-501,4.872,BREAKDOWN,7,
148,06:16:35,101,INT-501,4.872,REPAIRED,7,
148,06:39:51,102,INT-502,0,DEPARTURE,,
148,07:05:20,101,INT-501,20.075,CHECKPOINT,,
148,07:19:44,103,INT-503,0,DEPARTURE,,
148,07:42:44,102,INT-502,20.075,CHECKPOINT,,2243.7
148,07:55:28,101,INT-501,38,ARRIVAL,,
148,07:59:54,104,INT-504,0,DEPARTURE,,
148,08:22:37,103,INT-503,20.075,CHECKPOINT,,2393.28
148,08:32:52,102,INT-502,38,ARRIVAL,,2243.7
148,08:39:48,105,INT-505,0,DEPARTURE,,
148,08:46:26,103,INT-503,30.809,BREAKDOWN,30,
148,08:46:26,103,INT-503,30.809,REPAIRED,30,
148,09:02:47,104,INT-504,20.075,CHECKPOINT,,2409.9
148,09:12:45,103,INT-503,38,ARRIVAL,,2393.28
148,09:19:57,106,INT-506,0,DEPARTURE,,
148,09:42:40,105,INT-505,20.075,CHECKPOINT,,2393.28
148,09:52:55,104,INT-504,38,ARRIVAL,,2409.9
148,10:22:50,106,INT-506,20.075,CHECKPOINT,,2409.9
148,10:32:49,105,INT-505,38,ARRIVAL,,2393.28
148,11:12:58,106,INT-506,38,ARRIVAL,,2409.9
149,05:59:58,101,INT-501,0,DEPARTURE,,
149,06:39:51,102,INT-502,0,DEPARTURE,,
149,07:02:51,101,INT-501,20.075,CHECKPOINT,,
149,07:19:44,103,INT-503,0,DEPARTURE,,
149,07:42:44,102,INT-502,20.075,CHECKPOINT,,2393.28
149,07:52:59,101,INT-501,38,ARRIVAL,,
149,07:59:54,104,INT-504,0,DEPARTURE,,
149,08:20:08,103,INT-503,19.188,BREAKDOWN,20,
149,08:20:08,103,INT-503,19.188,REPAIRED,20,
149,08:22:37,103,INT-503,20.075,CHECKPOINT,,2393.28
149,08:32:52,102,INT-502,38,ARRIVAL,,2393.28
149,08:39:48,105,INT-505,0,DEPARTURE,,
149,08:40:04,105,INT-505,0.238,BREAKDOWN,0,
149,08:40:04,105,INT-505,0.238,REPAIRED,0,
149,08:40:21,104,INT-504,11.705,BREAKDOWN,15,
149,08:44:47,104,INT-504,11.705,REPAIRED,15,
149,09:07:13,104,INT-504,20.075,CHECKPOINT,,2675.82
149,09:10:16,103,INT-503,37.492,BREAKDOWN,30,
149,09:19:57,106,INT-506,0,DEPARTURE,,
149,09:31:36,103,INT-503,37.492,REPAIRED,30,
149,09:34:05,103,INT-503,38,ARRIVAL,,3673.02
149,09:42:40,105,INT-505,20.075,CHECKPOINT,,2127.36
149,09:57:21,104,INT-504,38,ARRIVAL,,1396.08
149,10:22:50,106,INT-506,20.075,CHECKPOINT,,2409.9
149,10:32:49,105,INT-505,38,ARRIVAL,,2127.36
149,11:12:58,106,INT-506,38,ARRIVAL,,2409.9
150,05:59:58,101,INT-501,0,DEPARTURE,,
150,06:39:51,102,INT-502,0,DEPARTURE,,
150,07:02:51,101,INT-501,20.075,CHECKPOINT,,
150,07:19:44,103,INT-503,0,DEPARTURE,,
150,07:42:44,102,INT-502,20.075,CHECKPOINT,,2393.28
150,07:52:59,101,INT-501,38,ARRIVAL,,
150,07:59:54,104,INT-504,0,DEPARTURE,,
150,08:00:11,103,INT-503,11.705,BREAKDOWN,15,
150,08:04:37,103,INT-503,11.705,REPAIRED,15,
150,08:27:03,103,INT-503,20.075,CHECKPOINT,,2659.2
150,08:32:52,102,INT-502,38,ARRIVAL,,2393.28
150,08:39:48,105,INT-505,0,DEPARTURE,,
150,09:02:47,104,INT-504,20.075,CHECKPOINT,,2143.98
150,09:17:11,103,INT-503,38,ARRIVAL,,2659.2
150,09:19:57,106,INT-506,0,DEPARTURE,,
150,09:42:40,105,INT-505,20.075,CHECKPOINT,,2393.28
150,09:50:59,104,INT-504,37.665,BREAKDOWN,30,
150,10:12:35,104,INT-504,37.665,REPAIRED,30,
150,10:14:32,104,INT-504,38,ARRIVAL,,3440.34
150,10:22:50,106,INT-506,20.075,CHECKPOINT,,2409.9
150,10:32:49,105,INT-505,38,ARRIVAL,,1096.92
150,11:12:58,106,INT-506,38,ARRIVAL,,2409.9
151,05:59:58,101,INT-501,0,DEPARTURE,,
151,06:39:51,102,INT-502,0,DEPARTURE,,
151,07:02:51,101,INT-501,20.075,CHECKPOINT,,
151,07:19:44,103,INT-503,0,DEPARTURE,,
151,07:42:44,102,INT-502,20.075,CHECKPOINT,,2393.28
151,07:51:52,103,INT-503,9.237,BREAKDOWN,7,
151,07:52:59,101,INT-501,38,ARRIVAL,,
151,07:55:28,103,INT-503,9.237,REPAIRED,7,
151,07:56:02,103,INT-503,9.44,BREAKDOWN,7,
151,07:59:21,102,INT-502,26.978,BREAKDOWN,30,
151,07:59:54,104,INT-504,0,DEPARTURE,,
151,08:00:28,103,INT-503,9.44,REPAIRED,7,
151,08:01:01,102,INT-502,26.978,REPAIRED,30,
151,08:28:10,104,INT-504,8.202,BREAKDOWN,7,
151,08:28:10,104,INT-504,8.202,REPAIRED,7,
151,08:30:39,103,INT-503,20.075,CHECKPOINT,,2875.26
151,08:34:32,102,INT-502,38,ARRIVAL,,2493
151,08:39:48,105,INT-505,0,DEPARTURE,,
151,09:02:47,104,INT-504,20.075,CHECKPOINT,,1927.92
151,09:19:57,106,INT-506,0,DEPARTURE,,
151,09:20:47,103,INT-503,38,ARRIVAL,,2775.54
151,09:42:40,105,INT-505,20.075,CHECKPOINT,,2393.28
151,09:52:55,104,INT-504,38,ARRIVAL,,1927.92
151,09:57:38,106,INT-506,10.865,BREAKDOWN,7,
151,10:07:19,106,INT-506,10.865,REPAIRED,7,
151,10:32:32,106,INT-506,20.075,CHECKPOINT,,2991.6
151,10:32:49,105,INT-505,38,ARRIVAL,,2393.28
151,11:12:09,106,INT-506,34.763,BREAKDOWN,30,
151,11:24:03,106,INT-506,34.763,REPAIRED,30,
151,11:34:35,106,INT-506,38,ARRIVAL,,3706.26
152,05:59:58,101,INT-501,0,DEPARTURE,,
152,06:26:33,101,INT-501,7.888,BREAKDOWN,7,
152,06:26:33,101,INT-501,7.888,REPAIRED,7,
152,06:39:51,102,INT-502,0,DEPARTURE,,
152,07:02:51,101,INT-501,20.075,CHECKPOINT,,
152,07:19:44,103,INT-503,0,DEPARTURE,,
152,07:38:18,102,INT-502,18.513,BREAKDOWN,20,
152,07:38:35,102,INT-502,18.513,REPAIRED,20,
152,07:43:00,102,INT-502,20.075,CHECKPOINT,,2409.9
152,07:52:26,101,INT-501,37.906,BREAKDOWN,30,
152,07:59:54,104,INT-504,0,DEPARTURE,,
152,08:10:26,102,INT-502,31.717,BREAKDOWN,30,
152,08:10:26,102,INT-502,31.717,REPAIRED,30,
152,08:14:35,101,INT-501,37.906,REPAIRED,30,
152,08:15:08,101,INT-501,38,ARRIVAL,,
152,08:22:37,103,INT-503,20.075,CHECKPOINT,,2376.66
152,08:33:09,102,INT-502,38,ARRIVAL,,1080.3
152,08:39:48,105,INT-505,0,DEPARTURE,,
152,09:02:47,104,INT-504,20.075,CHECKPOINT,,2409.9
152,09:12:45,103,INT-503,38,ARRIVAL,,2376.66
152,09:19:57,106,INT-506,0,DEPARTURE,,
152,09:42:40,105,INT-505,20.075,CHECKPOINT,,2393.28
152,09:52:55,104,INT-504,38,ARRIVAL,,2409.9
152,10:22:50,106,INT-506,20.075,CHECKPOINT,,2409.9
152,10:32:49,105,INT-505,38,ARRIVAL,,2393.28
152,11:12:58,106,INT-506,38,ARRIVAL,,2409.9
153,05:59:58,101,INT-501,0,DEPARTURE,,
153,06:39:51,102,INT-502,0,DEPARTURE,,
153,07:02:51,101,INT-501,20.075,CHECKPOINT,,
153,07:19:44,103,INT-503,0,DEPARTURE,,
153,07:42:44,102,INT-502,20.075,CHECKPOINT,,2393.28
153,07:52:59,101,INT-501,38,ARRIVAL,,
153,07:59:54,104,INT-504,0,DEPARTURE,,
153,08:07:06,103,INT-503,14.296,BREAKDOWN,15,
153,08:07:06,103,INT-503,14.296,REPAIRED,15,
153,08:22:37,103,INT-503,20.075,CHECKPOINT,,2393.28
153,08:32:52,102,INT-502,38,ARRIVAL,,2393.28
153,08:39:48,105,INT-505,0,DEPARTURE,,
153,08:58:04,105,INT-505,5.781,BREAKDOWN,7,
153,08:58:04,105,INT-505,5.781,REPAIRED,7,
153,09:02:47,104,INT-504,20.075,CHECKPOINT,,2409.9
153,09:12:45,103,INT-503,38,ARRIVAL,,2393.28
153,09:19:57,106,INT-506,0,DEPARTURE,,
153,09:42:40,105,INT-505,20.075,CHECKPOINT,,2393.28
153,09:52:55,104,INT-504,38,ARRIVAL,,2409.9
153,10:01:30,105,INT-505,27.82,BREAKDOWN,30,
153,10:02:37,105,INT-505,27.82,REPAIRED,30,
153,10:22:50,106,INT-506,20.075,CHECKPOINT,,2409.9
153,10:33:55,105,INT-505,38,ARRIVAL,,2459.76
153,11:12:58,106,INT-506,38,ARRIVAL,,2343.42
154,05:59:58,101,INT-501,0,DEPARTURE,,
154,06:39:51,102,INT-502,0,DEPARTURE,,
154,07:02:51,101,INT-501,20.075,CHECKPOINT,,
154,07:19:44,103,INT-503,0,DEPARTURE,,
154,07:42:44,102,INT-502,20.075,CHECKPOINT,,2393.28
154,07:52:59,101,INT-501,38,ARRIVAL,,
154,07:56:18,103,INT-503,10.632,BREAKDOWN,7,
154,07:59:54,104,INT-504,0,DEPARTURE,,
154,08:05:27,103,INT-503,10.632,REPAIRED,7,
154,08:31:46,103,INT-503,20.075,CHECKPOINT,,2941.74
154,08:32:52,102,INT-502,38,ARRIVAL,,2393.28
154,08:39:48,105,INT-505,0,DEPARTURE,,
154,09:02:47,104,INT-504,20.075,CHECKPOINT,,1861.44
154,09:04:27,104,INT-504,20.599,BREAKDOWN,20,
154,09:04:27,104,INT-504,20.599,REPAIRED,20,
154,09:19:57,106,INT-506,0,DEPARTURE,,
154,09:21:54,103,INT-503,38,ARRIVAL,,2941.74
154,09:42:40,105,INT-505,20.075,CHECKPOINT,,2393.28
154,09:52:55,104,INT-504,38,ARRIVAL,,1861.44
154,10:22:50,106,INT-506,20.075,CHECKPOINT,,2409.9
154,10:31:59,105,INT-505,37.858,BREAKDOWN,30,
154,10:54:08,105,INT-505,37.858,REPAIRED,30,
154,10:54:58,105,INT-505,38,ARRIVAL,,3722.88
154,11:12:58,106,INT-506,38,ARRIVAL,,1080.3
155,05:59:58,101,INT-501,0,DEPARTURE,,
155,06:39:51,102,INT-502,0,DEPARTURE,,
155,07:02:51,101,INT-501,20.075,CHECKPOINT,,
155,07:19:44,103,INT-503,0,DEPARTURE,,
155,07:29:43,101,INT-501,31.635,BREAKDOWN,30,
155,07:29:43,101,INT-501,31.635,REPAIRED,30,
155,07:42:44,102,INT-502,20.075,CHECKPOINT,,2393.28
155,07:52:59,101,INT-501,38,ARRIVAL,,
155,07:59:54,104,INT-504,0,DEPARTURE,,
155,08:08:46,103,INT-503,15.05,BREAKDOWN,15,
155,08:08:46,103,INT-503,15.05,REPAIRED,15,
155,08:22:37,103,INT-503,20.075,CHECKPOINT,,2393.28
155,08:32:52,102,INT-502,38,ARRIVAL,,2393.28
155,08:39:48,105,INT-505,0,DEPARTURE,,
155,09:02:47,104,INT-504,20.075,CHECKPOINT,,2409.9
155,09:12:45,103,INT-503,38,ARRIVAL,,2393.28
155,09:19:57,106,INT-506,0,DEPARTURE,,
155,09:42:40,105,INT-505,20.075,CHECKPOINT,,2393.28
155,09:52:55,104,INT-504,38,ARRIVAL,,2409.9
155,10:04:17,106,INT-506,12.9,BREAKDOWN,15,
155,10:05:56,106,INT-506,12.9,REPAIRED,15,
155,10:24:30,106,INT-506,20.075,CHECKPOINT,,2509.62
155,10:32:49,105,INT-505,38,ARRIVAL,,2393.28
155,11:14:38,106,INT-506,38,ARRIVAL,,2509.62
156,05:59:58,101,INT-501,0,DEPARTURE,,
156,06:09:40,101,INT-501,3.967,BREAKDOWN,7,
156,06:15:29,101,INT-501,3.967,REPAIRED,7,
156,06:39:51,102,INT-502,0,DEPARTURE,,
156,07:08:40,101,INT-501,20.075,CHECKPOINT,,
156,07:19:44,103,INT-503,0,DEPARTURE,,
156,07:42:44,102,INT-502,20.075,CHECKPOINT,,2044.26
156,07:53:32,102,INT-502,24.334,BREAKDOWN,20,
156,07:58:48,101,INT-501,38,ARRIVAL,,
156,07:59:54,104,INT-504,0,DEPARTURE,,
156,08:01:34,102,INT-502,24.334,REPAIRED,20,
156,08:22:37,103,INT-503,20.075,CHECKPOINT,,2393.28
156,08:39:48,105,INT-505,0,DEPARTURE,,
156,08:40:54,102,INT-502,38,ARRIVAL,,2526.24
156,09:02:47,104,INT-504,20.075,CHECKPOINT,,2409.9
156,09:12:45,103,INT-503,38,ARRIVAL,,1911.3
156,09:19:57,106,INT-506,0,DEPARTURE,,
156,09:42:40,105,INT-505,20.075,CHECKPOINT,,2393.28
156,09:52:55,104,INT-504,38,ARRIVAL,,2409.9
156,10:22:50,106,INT-506,20.075,CHECKPOINT,,2409.9
156,10:32:49,105,INT-505,38,ARRIVAL,,2393.28
156,11:12:58,106,INT-506,38,ARRIVAL,,2409.9
157,05:59:58,101,INT-501,0,DEPARTURE,,
157,06:04:40,101,INT-501,2.174,BREAKDOWN,0,
157,06:05:14,101,INT-501,2.174,REPAIRED,0,
157,06:39:51,102,INT-502,0,DEPARTURE,,
157,07:03:24,101,INT-501,20.075,CHECKPOINT,,
157,07:19:44,103,INT-503,0,DEPARTURE,,
157,07:20:18,102,INT-502,11.705,BREAKDOWN,15,
157,07:24:44,102,INT-502,11.705,REPAIRED,15,
157,07:40:48,102,INT-502,17.881,BREAKDOWN,20,
157,07:42:44,102,INT-502,17.881,REPAIRED,20,
157,07:49:06,102,INT-502,20.075,CHECKPOINT,,2742.3
157,07:53:32,101,INT-501,38,ARRIVAL,,
157,07:59:54,104,INT-504,0,DEPARTURE,,
157,08:22:37,103,INT-503,20.075,CHECKPOINT,,2011.02
157,08:22:54,102,INT-502,33.082,BREAKDOWN,30,
157,08:27:03,102,INT-502,33.082,REPAIRED,30,
157,08:39:48,105,INT-505,0,DEPARTURE,,
157,08:43:24,102,INT-502,38,ARRIVAL,,2991.6
157,08:45:20,104,INT-504,13.392,BREAKDOWN,15,
157,08:45:53,104,INT-504,13.392,REPAIRED,15,
157,08:47:33,103,INT-503,31.033,BREAKDOWN,30,
157,08:47:33,103,INT-503,31.033,REPAIRED,30,
157,09:03:20,104,INT-504,20.075,CHECKPOINT,,2443.14
157,09:12:45,103,INT-503,38,ARRIVAL,,1761.72
157,09:19:57,106,INT-506,0,DEPARTURE,,
157,09:29:23,105,INT-505,15.303,BREAKDOWN,15,
157,09:29:23,105,INT-505,15.303,REPAIRED,15,
157,09:42:40,105,INT-505,20.075,CHECKPOINT,,2360.04
157,09:53:28,104,INT-504,38,ARRIVAL,,2443.14
157,10:22:50,106,INT-506,20.075,CHECKPOINT,,2409.9
157,10:32:49,105,INT-505,38,ARRIVAL,,2360.04
157,11:12:58,106,INT-506,38,ARRIVAL,,2409.9
158,05:59:58,101,INT-501,0,DEPARTURE,,
158,06:39:51,102,INT-502,0,DEPARTURE,,
158,07:02:51,101,INT-501,20.075,CHECKPOINT,,
158,07:19:44,103,INT-503,0,DEPARTURE,,
158,07:42:44,102,INT-502,20.075,CHECKPOINT,,2393.28
158,07:52:59,101,INT-501,38,ARRIVAL,,
158,07:59:54,104,INT-504,0,DEPARTURE,,
158,08:22:37,103,INT-503,20.075,CHECKPOINT,,2393.28
158,08:32:52,102,INT-502,38,ARRIVAL,,2393.28
158,08:39:48,105,INT-505,0,DEPARTURE,,
158,09:02:47,104,INT-504,20.075,CHECKPOINT,,2409.9
158,09:12:45,103,INT-503,38,ARRIVAL,,2393.28
158,09:13:02,104,INT-504,24.181,BREAKDOWN,20,
158,09:19:57,106,INT-506,0,DEPARTURE,,
158,09:20:47,104,INT-504,24.181,REPAIRED,20,
158,09:40:44,104,INT-504,32.233,BREAKDOWN,30,
158,09:40:44,104,INT-504,32.233,REPAIRED,30,
158,09:42:40,105,INT-505,20.075,CHECKPOINT,,2393.28
158,10:00:41,104,INT-504,38,ARRIVAL,,2875.26
158,10:22:50,106,INT-506,20.075,CHECKPOINT,,2409.9
158,10:28:06,106,INT-506,22.44,BREAKDOWN,20,
158,10:30:36,106,INT-506,22.44,REPAIRED,20,
158,10:32:49,105,INT-505,38,ARRIVAL,,1927.92
158,11:15:28,106,INT-506,38,ARRIVAL,,2559.48
159,05:59:58,101,INT-501,0,DEPARTURE,,
159,06:39:51,102,INT-502,0,DEPARTURE,,
159,07:02:51,101,INT-501,20.075,CHECKPOINT,,
159,07:19:44,103,INT-503,0,DEPARTURE,,
159,07:42:44,102,INT-502,20.075,CHECKPOINT,,2393.28
159,07:52:59,101,INT-501,38,ARRIVAL,,
159,07:59:54,104,INT-504,0,DEPARTURE,,
159,08:19:01,104,INT-504,6.046,BREAKDOWN,7,
159,08:19:01,104,INT-504,6.046,REPAIRED,7,
159,08:22:37,103,INT-503,20.075,CHECKPOINT,,2393.28
159,08:32:52,102,INT-502,38,ARRIVAL,,2393.28
159,08:39:48,105,INT-505,0,DEPARTURE,,
159,08:43:57,103,INT-503,28.934,BREAKDOWN,30,
159,08:43:57,103,INT-503,28.934,REPAIRED,30,
159,09:02:47,104,INT-504,20.075,CHECKPOINT,,2409.9
159,09:12:45,103,INT-503,38,ARRIVAL,,2393.28
159,09:19:57,106,INT-506,0,DEPARTURE,,
159,09:42:40,105,INT-505,20.075,CHECKPOINT,,2393.28
159,09:52:55,104,INT-504,38,ARRIVAL,,2409.9
159,10:22:50,106,INT-506,20.075,CHECKPOINT,,2409.9
159,10:32:49,105,INT-505,38,ARRIVAL,,2393.28
159,11:12:58,106,INT-506,38,ARRIVAL,,2409.9
160,05:59:58,101,INT-501,0,DEPARTURE,,
160,06:39:51,102,INT-502,0,DEPARTURE,,
160,06:54:15,101,INT-501,17.226,BREAKDOWN,15,
160,06:55:55,101,INT-501,17.226,REPAIRED,15,
160,07:04:30,101,INT-501,20.075,CHECKPOINT,,
160,07:19:44,103,INT-503,0,DEPARTURE,,
160,07:42:44,102,INT-502,20.075,CHECKPOINT,,2293.56
160,07:50:13,103,INT-503,8.756,BREAKDOWN,7,
160,07:51:19,103,INT-503,8.756,REPAIRED,7,
160,07:54:39,101,INT-501,38,ARRIVAL,,
160,07:59:54,104,INT-504,0,DEPARTURE,,
160,08:23:44,103,INT-503,20.075,CHECKPOINT,,2459.76
160,08:32:52,102,INT-502,38,ARRIVAL,,2293.56
160,08:39:48,105,INT-505,0,DEPARTURE,,
160,09:02:47,104,INT-504,20.075,CHECKPOINT,,2343.42
160,09:13:52,103,INT-503,38,ARRIVAL,,2459.76
160,09:19:57,106,INT-506,0,DEPARTURE,,
160,09:29:56,104,INT-504,31.677,BREAKDOWN,30,
160,09:29:56,104,INT-504,31.677,REPAIRED,30,
160,09:42:40,105,INT-505,20.075,CHECKPOINT,,2393.28
160,09:52:55,104,INT-504,38,ARRIVAL,,2343.42
160,10:22:50,106,INT-506,20.075,CHECKPOINT,,2409.9
160,10:32:49,105,INT-505,38,ARRIVAL,,2393.28
160,11:12:58,106,INT-506,38,ARRIVAL,,2409.9
161,05:59:58,101,INT-501,0,DEPARTURE,,
161,06:39:51,102,INT-502,0,DEPARTURE,,
161,07:02:51,101,INT-501,20.075,CHECKPOINT,,
161,07:19:44,103,INT-503,0,DEPARTURE,,
161,07:42:44,102,INT-502,20.075,CHECKPOINT,,2393.28
161,07:52:59,101,INT-501,38,ARRIVAL,,
161,07:59:54,104,INT-504,0,DEPARTURE,,
161,08:22:37,103,INT-503,20.075,CHECKPOINT,,2393.28
161,08:32:52,102,INT-502,38,ARRIVAL,,2393.28
161,08:39:48,105,INT-505,0,DEPARTURE,,
161,08:55:18,103,INT-503,32.901,BREAKDOWN,30,
161,08:59:11,103,INT-503,32.901,REPAIRED,30,
161,09:02:47,104,INT-504,20.075,CHECKPOINT,,2409.9
161,09:16:38,103,INT-503,38,ARRIVAL,,2625.96
161,09:19:57,106,INT-506,0,DEPARTURE,,
161,09:42:40,105,INT-505,20.075,CHECKPOINT,,2393.28
161,09:52:55,104,INT-504,38,ARRIVAL,,2177.22
161,10:02:04,106,INT-506,12.252,BREAKDOWN,15,
161,10:05:07,106,INT-506,12.252,REPAIRED,15,
161,10:25:53,106,INT-506,20.075,CHECKPOINT,,2592.72
161,10:32:49,105,INT-505,38,ARRIVAL,,2393.28
161,11:16:01,106,INT-506,38,ARRIVAL,,2592.72
162,05:59:58,101,INT-501,0,DEPARTURE,,
162,06:33:29,101,INT-501,9.672,BREAKDOWN,7,
162,06:39:01,101,INT-501,9.672,REPAIRED,7,
162,06:39:51,102,INT-502,0,DEPARTURE,,
162,07:08:23,101,INT-501,20.075,CHECKPOINT,,
162,07:19:44,103,INT-503,0,DEPARTURE,,
162,07:42:44,102,INT-502,20.075,CHECKPOINT,,2060.88
162,07:58:31,101,INT-501,38,ARRIVAL,,
162,07:59:54,104,INT-504,0,DEPARTURE,,
162,08:22:37,103,INT-503,20.075,CHECKPOINT,,2393.28
162,08:32:52,102,INT-502,38,ARRIVAL,,2060.88
162,08:39:48,105,INT-505,0,DEPARTURE,,
162,09:02:47,104,INT-504,20.075,CHECKPOINT,,2409.9
162,09:12:45,103,INT-503,38,ARRIVAL,,2393.28
162,09:19:57,106,INT-506,0,DEPARTURE,,
162,09:30:46,104,INT-504,31.852,BREAKDOWN,30,
162,09:30:46,104,INT-504,31.852,REPAIRED,30,
162,09:42:40,105,INT-505,20.075,CHECKPOINT,,2393.28
162,09:52:55,104,INT-504,38,ARRIVAL,,2409.9
162,09:54:52,106,INT-506,10,BREAKDOWN,7,
162,10:01:30,106,INT-506,10,REPAIRED,7,
162,10:29:29,106,INT-506,20.075,CHECKPOINT,,2808.78
162,10:32:49,105,INT-505,38,ARRIVAL,,2393.28
162,11:19:37,106,INT-506,38,ARRIVAL,,2808.78
163,05:59:58,101,INT-501,0,DEPARTURE,,
163,06:39:51,102,INT-502,0,DEPARTURE,,
163,07:02:51,101,INT-501,20.075,CHECKPOINT,,
163,07:19:44,103,INT-503,0,DEPARTURE,,
163,07:42:44,102,INT-502,20.075,CHECKPOINT,,2393.28
163,07:52:59,101,INT-501,38,ARRIVAL,,
163,07:59:54,104,INT-504,0,DEPARTURE,,
163,08:22:37,103,INT-503,20.075,CHECKPOINT,,2393.28
163,08:32:52,102,INT-502,38,ARRIVAL,,2393.28
163,08:39:48,105,INT-505,0,DEPARTURE,,
163,09:00:51,103,INT-503,34.569,BREAKDOWN,30,
163,09:02:47,104,INT-504,20.075,CHECKPOINT,,2409.9
163,09:11:55,103,INT-503,34.569,REPAIRED,30,
163,09:19:57,106,INT-506,0,DEPARTURE,,
163,09:23:50,103,INT-503,38,ARRIVAL,,3058.08
163,09:42:40,105,INT-505,20.075,CHECKPOINT,,2393.28
163,09:52:55,104,INT-504,38,ARRIVAL,,1745.1
163,09:56:48,105,INT-505,25.827,BREAKDOWN,30,
163,10:02:20,105,INT-505,25.827,REPAIRED,30,
163,10:07:53,105,INT-505,27.857,BREAKDOWN,30,
163,10:08:59,105,INT-505,27.857,REPAIRED,30,
163,10:22:50,106,INT-506,20.075,CHECKPOINT,,2409.9
163,10:39:27,105,INT-505,38,ARRIVAL,,2792.16
163,11:12:58,106,INT-506,38,ARRIVAL,,2011.02
164,05:59:58,101,INT-501,0,DEPARTURE,,
164,06:32:56,101,INT-501,9.552,BREAKDOWN,7,
164,06:37:22,101,INT-501,9.552,REPAIRED,7,
164,06:39:51,102,INT-502,0,DEPARTURE,,
164,07:04:14,102,INT-502,7.409,BREAKDOWN,7,
164,07:04:14,102,INT-502,7.409,REPAIRED,7,
164,07:07:16,101,INT-501,20.075,CHECKPOINT,,
164,07:19:44,103,INT-503,0,DEPARTURE,,
164,07:42:44,102,INT-502,20.075,CHECKPOINT,,2127.36
164,07:50:29,102,INT-502,22.865,BREAKDOWN,20,
164,07:53:32,102,INT-502,22.865,REPAIRED,20,
164,07:57:25,101,INT-501,38,ARRIVAL,,
164,07:59:54,104,INT-504,0,DEPARTURE,,
164,08:22:37,103,INT-503,20.075,CHECKPOINT,,2393.28
164,08:35:55,102,INT-502,38,ARRIVAL,,2310.18
164,08:39:48,105,INT-505,0,DEPARTURE,,
164,09:02:47,104,INT-504,20.075,CHECKPOINT,,2409.9
164,09:12:45,103,INT-503,38,ARRIVAL,,2210.46
164,09:19:57,106,INT-506,0,DEPARTURE,,
164,09:42:40,105,INT-505,20.075,CHECKPOINT,,2393.28
164,09:46:33,105,INT-505,21.892,BREAKDOWN,20,
164,09:47:56,105,INT-505,21.892,REPAIRED,20,
164,09:52:55,104,INT-504,38,ARRIVAL,,2409.9
164,10:22:50,106,INT-506,20.075,CHECKPOINT,,2409.9
164,10:34:12,105,INT-505,38,ARRIVAL,,2476.38
164,11:12:58,106,INT-506,38,ARRIVAL,,2326.8
165,05:59:58,101,INT-501,0,DEPARTURE,,
165,06:39:51,102,INT-502,0,DEPARTURE,,
165,07:02:51,101,INT-501,20.075,CHECKPOINT,,
165,07:19:44,103,INT-503,0,DEPARTURE,,
165,07:42:44,102,INT-502,20.075,CHECKPOINT,,2393.28
165,07:52:59,101,INT-501,38,ARRIVAL,,
165,07:59:54,104,INT-504,0,DEPARTURE,,
165,08:22:37,103,INT-503,20.075,CHECKPOINT,,2393.28
165,08:32:52,102,INT-502,38,ARRIVAL,,2393.28
165,08:39:48,105,INT-505,0,DEPARTURE,,
165,08:58:54,104,INT-504,18.691,BREAKDOWN,20,
165,08:58:54,104,INT-504,18.691,REPAIRED,20,
165,09:02:47,104,INT-504,20.075,CHECKPOINT,,2409.9
165,09:04:10,104,INT-504,20.539,BREAKDOWN,20,
165,09:04:10,104,INT-504,20.539,REPAIRED,20,
165,09:12:45,103,INT-503,38,ARRIVAL,,2393.28
165,09:19:57,106,INT-506,0,DEPARTURE,,
165,09:41:17,106,INT-506,6.564,BREAKDOWN,7,
165,09:41:17,106,INT-506,6.564,REPAIRED,7,
165,09:42:40,105,INT-505,20.075,CHECKPOINT,,2393.28
165,09:52:55,104,INT-504,38,ARRIVAL,,2409.9
165,10:09:16,106,INT-506,15.17,BREAKDOWN,15,
165,10:09:16,106,INT-506,15.17,REPAIRED,15,
165,10:22:50,106,INT-506,20.075,CHECKPOINT,,2409.9
165,10:32:49,105,INT-505,38,ARRIVAL,,2393.28
165,11:12:58,106,INT-506,38,ARRIVAL,,2409.9
166,05:59:58,101,INT-501,0,DEPARTURE,,
166,06:03:34,101,INT-501,1.519,BREAKDOWN,0,
166,06:03:34,101,INT-501,1.519,REPAIRED,0,
166,06:39:51,102,INT-502,0,DEPARTURE,,
166,07:02:51,101,INT-501,20.075,CHECKPOINT,,
166,07:19:44,103,INT-503,0,DEPARTURE,,
166,07:42:44,102,INT-502,20.075,CHECKPOINT,,2393.28
166,07:52:59,101,INT-501,38,ARRIVAL,,
166,07:59:54,104,INT-504,0,DEPARTURE,,
166,08:22:37,103,INT-503,20.075,CHECKPOINT,,2393.28
166,08:25:07,104,INT-504,7.578,BREAKDOWN,7,
166,08:25:07,104,INT-504,7.578,REPAIRED,7,
166,08:32:52,102,INT-502,38,ARRIVAL,,2393.28
166,08:39:48,105,INT-505,0,DEPARTURE,,
166,09:02:47,104,INT-504,20.075,CHECKPOINT,,2409.9
166,09:12:45,103,INT-503,38,ARRIVAL,,2393.28
166,09:19:57,106,INT-506,0,DEPARTURE,,
166,09:42:40,105,INT-505,20.075,CHECKPOINT,,2393.28
166,09:52:55,104,INT-504,38,ARRIVAL,,2409.9
166,10:22:50,106,INT-506,20.075,CHECKPOINT,,2409.9
166,10:32:49,105,INT-505,38,ARRIVAL,,2393.28
166,11:12:58,106,INT-506,38,ARRIVAL,,2409.9
167,05:59:58,101,INT-501,0,DEPARTURE,,
167,06:39:51,102,INT-502,0,DEPARTURE,,
167,07:02:51,101,INT-501,20.075,CHECKPOINT,,
167,07:19:44,103,INT-503,0,DEPARTURE,,
167,07:42:44,102,INT-502,20.075,CHECKPOINT,,2393.28
167,07:51:19,103,INT-503,9.051,BREAKDOWN,7,
167,07:52:59,101,INT-501,38,ARRIVAL,,
167,07:53:49,103,INT-503,9.051,REPAIRED,7,
167,07:55:28,102,INT-502,25.214,BREAKDOWN,30,
167,07:59:54,104,INT-504,0,DEPARTURE,,
167,08:02:24,102,INT-502,25.214,REPAIRED,30,
167,08:21:31,104,INT-504,6.692,BREAKDOWN,7,
167,08:21:31,104,INT-504,6.692,REPAIRED,7,
167,08:25:07,103,INT-503,20.075,CHECKPOINT,,2542.86
167,08:39:48,105,INT-505,0,DEPARTURE,,
167,08:39:48,102,INT-502,38,ARRIVAL,,2808.78
167,09:02:47,104,INT-504,20.075,CHECKPOINT,,2260.32
167,09:15:15,103,INT-503,38,ARRIVAL,,2127.36
167,09:16:05,104,INT-504,25.502,BREAKDOWN,30,
167,09:19:57,106,INT-506,0,DEPARTURE,,
167,09:22:10,104,INT-504,25.502,REPAIRED,30,
167,09:42:40,105,INT-505,20.075,CHECKPOINT,,2393.28
167,09:59:01,104,INT-504,38,ARRIVAL,,2625.96
167,10:22:50,106,INT-506,20.075,CHECKPOINT,,2409.9
167,10:32:49,105,INT-505,38,ARRIVAL,,2027.64
167,10:43:20,106,INT-506,28.124,BREAKDOWN,30,
167,10:44:10,106,INT-506,28.124,REPAIRED,30,
167,11:13:48,106,INT-506,38,ARRIVAL,,2459.76
168,05:59:58,101,INT-501,0,DEPARTURE,,
168,06:16:18,101,INT-501,5.36,BREAKDOWN,7,
168,06:17:42,101,INT-501,5.36,REPAIRED,7,
168,06:39:51,102,INT-502,0,DEPARTURE,,
168,07:04:14,101,INT-501,20.075,CHECKPOINT,,
168,07:19:44,103,INT-503,0,DEPARTURE,,
168,07:42:44,102,INT-502,20.075,CHECKPOINT,,2310.18
168,07:54:22,101,INT-501,38,ARRIVAL,,
168,07:59:54,104,INT-504,0,DEPARTURE,,
168,08:22:37,103,INT-503,20.075,CHECKPOINT,,2393.28
168,08:32:52,102,INT-502,38,ARRIVAL,,2310.18
168,08:39:48,105,INT-505,0,DEPARTURE,,
168,09:02:47,104,INT-504,20.075,CHECKPOINT,,2409.9
168,09:12:45,104,INT-504,24.037,BREAKDOWN,20,
168,09:12:45,103,INT-503,38,ARRIVAL,,2393.28
168,09:19:41,104,INT-504,24.037,REPAIRED,20,
168,09:19:57,106,INT-506,0,DEPARTURE,,
168,09:29:56,104,INT-504,27.967,BREAKDOWN,30,
168,09:31:02,104,INT-504,27.967,REPAIRED,30,
168,09:42:40,105,INT-505,20.075,CHECKPOINT,,2393.28
168,10:00:57,104,INT-504,38,ARRIVAL,,2891.88
168,10:22:50,106,INT-506,20.075,CHECKPOINT,,2409.9
168,10:32:49,105,INT-505,38,ARRIVAL,,1911.3
168,11:03:17,106,INT-506,34.813,BREAKDOWN,30,
168,11:15:28,106,INT-506,34.813,REPAIRED,30,
168,11:25:10,106,INT-506,38,ARRIVAL,,3141.18
169,05:59:58,101,INT-501,0,DEPARTURE,,
169,06:39:51,102,INT-502,0,DEPARTURE,,
169,07:02:51,101,INT-501,20.075,CHECKPOINT,,
169,07:19:44,103,INT-503,0,DEPARTURE,,
169,07:33:35,101,INT-501,32.372,BREAKDOWN,30,
169,07:33:35,101,INT-501,32.372,REPAIRED,30,
169,07:42:44,102,INT-502,20.075,CHECKPOINT,,2393.28
169,07:45:13,101,INT-501,35.415,BREAKDOWN,30,
169,07:58:31,101,INT-501,35.415,REPAIRED,30,
169,07:59:54,104,INT-504,0,DEPARTURE,,
169,08:06:17,101,INT-501,38,ARRIVAL,,
169,08:22:37,103,INT-503,20.075,CHECKPOINT,,2393.28
169,08:32:52,102,INT-502,38,ARRIVAL,,1595.52
169,08:39:48,105,INT-505,0,DEPARTURE,,
169,09:02:47,104,INT-504,20.075,CHECKPOINT,,2409.9
169,09:12:45,103,INT-503,38,ARRIVAL,,2393.28
169,09:19:57,106,INT-506,0,DEPARTURE,,
169,09:33:15,106,INT-506,4.723,BREAKDOWN,7,
169,09:36:35,106,INT-506,4.723,REPAIRED,7,
169,09:42:40,105,INT-505,20.075,CHECKPOINT,,2393.28
169,09:52:55,104,INT-504,38,ARRIVAL,,2409.9
169,10:26:10,106,INT-506,20.075,CHECKPOINT,,2609.34
169,10:32:49,105,INT-505,38,ARRIVAL,,2393.28
169,11:16:18,106,INT-506,38,ARRIVAL,,2609.34
170,05:59:58,101,INT-501,0,DEPARTURE,,
170,06:29:36,101,INT-501,8.556,BREAKDOWN,7,
170,06:30:09,101,INT-501,8.556,REPAIRED,7,
170,06:39:51,102,INT-502,0,DEPARTURE,,
170,06:44:00,101,INT-501,12.632,BREAKDOWN,15,
170,06:46:13,101,INT-501,12.632,REPAIRED,15,
170,07:05:37,101,INT-501,20.075,CHECKPOINT,,
170,07:19:44,103,INT-503,0,DEPARTURE,,
170,07:42:44,102,INT-502,20.075,CHECKPOINT,,2227.08
170,07:55:45,101,INT-501,38,ARRIVAL,,
170,07:59:54,104,INT-504,0,DEPARTURE,,
170,08:22:37,103,INT-503,20.075,CHECKPOINT,,2393.28
170,08:32:52,102,INT-502,38,ARRIVAL,,2227.08
170,08:39:48,105,INT-505,0,DEPARTURE,,
170,09:02:47,104,INT-504,20.075,CHECKPOINT,,2409.9
170,09:12:45,103,INT-503,38,ARRIVAL,,2393.28
170,09:19:57,106,INT-506,0,DEPARTURE,,
170,09:34:55,105,INT-505,17.417,BREAKDOWN,15,
170,09:37:08,105,INT-505,17.417,REPAIRED,15,
170,09:44:53,105,INT-505,20.075,CHECKPOINT,,2526.24
170,09:52:55,104,INT-504,38,ARRIVAL,,2409.9
170,09:54:18,106,INT-506,9.899,BREAKDOWN,7,
170,10:00:24,106,INT-506,9.899,REPAIRED,7,
170,10:23:07,105,INT-505,34.569,BREAKDOWN,30,
170,10:28:56,106,INT-506,20.075,CHECKPOINT,,2642.58
170,10:34:12,105,INT-505,34.569,REPAIRED,30,
170,10:36:58,105,INT-505,34.918,BREAKDOWN,30,
170,10:48:52,105,INT-505,34.918,REPAIRED,30,
170,10:58:01,105,INT-505,38,ARRIVAL,,3905.7
170,11:11:02,106,INT-506,35.244,BREAKDOWN,30,
170,11:23:47,106,INT-506,35.244,REPAIRED,30,
170,11:31:49,106,INT-506,38,ARRIVAL,,2027.64
171,05:59:58,101,INT-501,0,DEPARTURE,,
171,06:39:51,102,INT-502,0,DEPARTURE,,
171,07:02:51,101,INT-501,20.075,CHECKPOINT,,
171,07:19:44,103,INT-503,0,DEPARTURE,,
171,07:42:44,102,INT-502,20.075,CHECKPOINT,,2393.28
171,07:52:59,101,INT-501,38,ARRIVAL,,
171,07:59:54,104,INT-504,0,DEPARTURE,,
171,08:17:55,104,INT-504,5.718,BREAKDOWN,7,
171,08:17:55,104,INT-504,5.718,REPAIRED,7,
171,08:22:37,103,INT-503,20.075,CHECKPOINT,,2393.28
171,08:32:52,102,INT-502,38,ARRIVAL,,2393.28
171,08:39:48,105,INT-505,0,DEPARTURE,,
171,09:02:47,104,INT-504,20.075,CHECKPOINT,,2409.9
171,09:12:45,103,INT-503,38,ARRIVAL,,2393.28
171,09:19:57,106,INT-506,0,DEPARTURE,,
171,09:42:40,105,INT-505,20.075,CHECKPOINT,,2393.28
171,09:52:55,104,INT-504,38,ARRIVAL,,2409.9
171,10:22:50,106,INT-506,20.075,CHECKPOINT,,2409.9
171,10:32:49,105,INT-505,38,ARRIVAL,,2393.28
171,11:12:58,106,INT-506,38,ARRIVAL,,2409.9
172,05:59:58,101,INT-501,0,DEPARTURE,,
172,06:39:51,102,INT-502,0,DEPARTURE,,
172,07:02:51,101,INT-501,20.075,CHECKPOINT,,
172,07:19:44,103,INT-503,0,DEPARTURE,,
172,07:42:44,102,INT-502,20.075,CHECKPOINT,,2393.28
172,07:50:29,102,INT-502,22.865,BREAKDOWN,20,
172,07:52:59,101,INT-501,38,ARRIVAL,,
172,07:53:32,102,INT-502,22.865,REPAIRED,20,
172,07:59:54,104,INT-504,0,DEPARTURE,,
172,08:22:37,103,INT-503,20.075,CHECKPOINT,,2393.28
172,08:35:55,102,INT-502,38,ARRIVAL,,2576.1
172,08:39:48,105,INT-505,0,DEPARTURE,,
172,09:02:47,104,INT-504,20.075,CHECKPOINT,,2409.9
172,09:12:45,103,INT-503,38,ARRIVAL,,2210.46
172,09:18:18,104,INT-504,26.468,BREAKDOWN,30,
172,09:19:57,106,INT-506,0,DEPARTURE,,
172,09:20:31,104,INT-504,26.468,REPAIRED,30,
172,09:27:43,105,INT-505,14.545,BREAKDOWN,15,
172,09:27:43,105,INT-505,14.545,REPAIRED,15,
172,09:32:42,105,INT-505,16.688,BREAKDOWN,15,
172,09:33:15,105,INT-505,16.688,REPAIRED,15,
172,09:34:55,105,INT-505,17.358,BREAKDOWN,15,
172,09:36:51,105,INT-505,17.358,REPAIRED,15,
172,09:45:10,105,INT-505,20.075,CHECKPOINT,,2542.86
172,09:55:08,104,INT-504,38,ARRIVAL,,2542.86
172,10:22:50,106,INT-506,20.075,CHECKPOINT,,2260.32
172,10:35:18,105,INT-505,38,ARRIVAL,,2409.9
172,10:46:40,106,INT-506,30.809,BREAKDOWN,30,
172,10:46:40,106,INT-506,30.809,REPAIRED,30,
172,11:12:58,106,INT-506,38,ARRIVAL,,2260.32
173,05:59:58,101,INT-501,0,DEPARTURE,,
173,06:39:51,102,INT-502,0,DEPARTURE,,
173,07:02:51,101,INT-501,20.075,CHECKPOINT,,
173,07:19:44,103,INT-503,0,DEPARTURE,,
173,07:42:44,102,INT-502,20.075,CHECKPOINT,,2393.28
173,07:52:59,101,INT-501,38,ARRIVAL,,
173,07:59:54,104,INT-504,0,DEPARTURE,,
173,08:22:37,103,INT-503,20.075,CHECKPOINT,,2393.28
173,08:31:46,102,INT-502,37.813,BREAKDOWN,30,
173,08:39:48,105,INT-505,0,DEPARTURE,,
173,08:43:57,104,INT-504,12.768,BREAKDOWN,15,
173,08:45:53,104,INT-504,12.768,REPAIRED,15,
173,08:53:39,102,INT-502,37.813,REPAIRED,30,
173,08:54:45,102,INT-502,38,ARRIVAL,,3706.26
173,09:04:43,104,INT-504,20.075,CHECKPOINT,,2526.24
173,09:12:45,103,INT-503,38,ARRIVAL,,1080.3
173,09:19:57,106,INT-506,0,DEPARTURE,,
173,09:23:34,106,INT-506,1.519,BREAKDOWN,0,
173,09:23:34,106,INT-506,1.519,REPAIRED,0,
173,09:29:56,105,INT-505,15.547,BREAKDOWN,15,
173,09:29:56,105,INT-505,15.547,REPAIRED,15,
173,09:42:40,105,INT-505,20.075,CHECKPOINT,,2276.94
173,09:54:52,104,INT-504,38,ARRIVAL,,2526.24
173,10:22:50,106,INT-506,20.075,CHECKPOINT,,2409.9
173,10:32:49,105,INT-505,38,ARRIVAL,,2276.94
173,11:12:58,106,INT-506,38,ARRIVAL,,2409.9
174,05:59:58,101,INT-501,0,DEPARTURE,,
174,06:39:51,102,INT-502,0,DEPARTURE,,
174,07:02:51,101,INT-501,20.075,CHECKPOINT,,
174,07:19:44,103,INT-503,0,DEPARTURE,,
174,07:31:22,103,INT-503,4.375,BREAKDOWN,7,
174,07:36:05,103,INT-503,4.375,REPAIRED,7,
174,07:42:44,102,INT-502,20.075,CHECKPOINT,,2393.28
174,07:52:59,101,INT-501,38,ARRIVAL,,
174,07:59:54,104,INT-504,0,DEPARTURE,,
174,08:27:20,103,INT-503,20.075,CHECKPOINT,,2675.82
174,08:32:52,102,INT-502,38,ARRIVAL,,2393.28
174,08:39:48,105,INT-505,0,DEPARTURE,,
174,09:02:47,104,INT-504,20.075,CHECKPOINT,,2127.36
174,09:17:28,103,INT-503,38,ARRIVAL,,2675.82
174,09:19:57,106,INT-506,0,DEPARTURE,,
174,09:42:40,105,INT-505,20.075,CHECKPOINT,,2393.28
174,09:49:03,105,INT-505,22.53,BREAKDOWN,20,
174,09:51:49,105,INT-505,22.53,REPAIRED,20,
174,09:52:55,104,INT-504,38,ARRIVAL,,2127.36
174,10:19:14,106,INT-506,18.782,BREAKDOWN,20,
174,10:19:14,106,INT-506,18.782,REPAIRED,20,
174,10:22:50,106,INT-506,20.075,CHECKPOINT,,2409.9
174,10:35:35,105,INT-505,38,ARRIVAL,,2559.48
174,10:51:55,106,INT-506,31.976,BREAKDOWN,30,
174,10:51:55,106,INT-506,31.976,REPAIRED,30,
174,11:12:58,106,INT-506,38,ARRIVAL,,2243.7
175,05:59:58,101,INT-501,0,DEPARTURE,,
175,06:39:51,102,INT-502,0,DEPARTURE,,
175,06:39:51,102,INT-502,0.14,BREAKDOWN,0,
175,06:39:51,102,INT-502,0.14,REPAIRED,0,
175,07:02:51,101,INT-501,20.075,CHECKPOINT,,
175,07:19:44,103,INT-503,0,DEPARTURE,,
175,07:42:44,102,INT-502,20.075,CHECKPOINT,,2393.28
175,07:52:59,101,INT-501,38,ARRIVAL,,
175,07:59:54,104,INT-504,0,DEPARTURE,,
175,08:22:37,103,INT-503,20.075,CHECKPOINT,,2393.28
175,08:32:52,102,INT-502,38,ARRIVAL,,2393.28
175,08:39:48,105,INT-505,0,DEPARTURE,,
175,08:47:16,103,INT-503,31.019,BREAKDOWN,30,
175,08:47:16,103,INT-503,31.019,REPAIRED,30,
175,09:02:47,104,INT-504,20.075,CHECKPOINT,,2409.9
175,09:12:45,103,INT-503,38,ARRIVAL,,2393.28
175,09:19:57,106,INT-506,0,DEPARTURE,,
175,09:42:40,105,INT-505,20.075,CHECKPOINT,,2393.28
175,09:52:55,104,INT-504,38,ARRIVAL,,2409.9
175,10:17:51,106,INT-506,18.367,BREAKDOWN,20,
175,10:18:41,106,INT-506,18.367,REPAIRED,20,
175,10:22:00,106,INT-506,19.494,BREAKDOWN,20,
175,10:22:00,106,INT-506,19.494,REPAIRED,20,
175,10:23:40,106,INT-506,20.075,CHECKPOINT,,2459.76
175,10:32:49,105,INT-505,38,ARRIVAL,,2393.28
175,11:13:48,106,INT-506,38,ARRIVAL,,2459.76
176,05:59:58,101,INT-501,0,DEPARTURE,,
176,06:39:51,102,INT-502,0,DEPARTURE,,
176,06:59:31,102,INT-502,6.126,BREAKDOWN,7,
176,06:59:31,102,INT-502,6.126,REPAIRED,7,
176,07:02:51,101,INT-501,20.075,CHECKPOINT,,
176,07:19:44,103,INT-503,0,DEPARTURE,,
176,07:42:44,102,INT-502,20.075,CHECKPOINT,,2393.28
176,07:51:36,103,INT-503,9.148,BREAKDOWN,7,
176,07:52:59,101,INT-501,38,ARRIVAL,,
176,07:54:22,103,INT-503,9.148,REPAIRED,7,
176,07:59:54,104,INT-504,0,DEPARTURE,,
176,08:11:49,103,INT-503,15.17,BREAKDOWN,15,
176,08:11:49,103,INT-503,15.17,REPAIRED,15,
176,08:25:23,103,INT-503,20.075,CHECKPOINT,,2559.48
176,08:32:52,102,INT-502,38,ARRIVAL,,2393.28
176,08:39:48,105,INT-505,0,DEPARTURE,,
176,08:54:28,105,INT-505,4.967,BREAKDOWN,7,
176,08:56:41,105,INT-505,4.967,REPAIRED,7,
176,09:02:47,104,INT-504,20.075,CHECKPOINT,,2243.7
176,09:15:32,103,INT-503,38,ARRIVAL,,2559.48
176,09:19:57,106,INT-506,0,DEPARTURE,,
176,09:44:53,105,INT-505,20.075,CHECKPOINT,,2526.24
176,09:52:55,104,INT-504,38,ARRIVAL,,2243.7
176,10:22:50,106,INT-506,20.075,CHECKPOINT,,2276.94
176,10:35:01,105,INT-505,38,ARRIVAL,,2526.24
176,11:12:58,106,INT-506,38,ARRIVAL,,2276.94
177,05:59:58,101,INT-501,0,DEPARTURE,,
177,06:39:51,102,INT-502,0,DEPARTURE,,
177,07:02:51,101,INT-501,20.075,CHECKPOINT,,
177,07:19:44,103,INT-503,0,DEPARTURE,,
177,07:42:44,102,INT-502,20.075,CHECKPOINT,,2393.28
177,07:52:59,101,INT-501,38,ARRIVAL,,
177,07:59:54,104,INT-504,0,DEPARTURE,,
177,08:22:37,103,INT-503,20.075,CHECKPOINT,,2393.28
177,08:32:52,102,INT-502,38,ARRIVAL,,2393.28
177,08:37:51,104,INT-504,10.942,BREAKDOWN,7,
177,08:39:48,105,INT-505,0,DEPARTURE,,
177,08:47:50,104,INT-504,10.942,REPAIRED,7,
177,08:55:02,103,INT-503,32.849,BREAKDOWN,30,
177,08:58:54,103,INT-503,32.849,REPAIRED,30,
177,09:12:45,104,INT-504,20.075,CHECKPOINT,,3008.22
177,09:16:38,103,INT-503,38,ARRIVAL,,2625.96
177,09:19:57,106,INT-506,0,DEPARTURE,,
177,09:29:06,106,INT-506,3.668,BREAKDOWN,7,
177,09:35:45,106,INT-506,3.668,REPAIRED,7,
177,09:42:40,105,INT-505,20.075,CHECKPOINT,,1794.96
177,10:02:54,104,INT-504,38,ARRIVAL,,2775.54
177,10:06:46,106,INT-506,11.694,BREAKDOWN,15,
177,10:11:12,106,INT-506,11.694,REPAIRED,15,
177,10:32:49,105,INT-505,38,ARRIVAL,,1794.96
177,10:33:55,106,INT-506,20.075,CHECKPOINT,,3074.7
177,10:38:21,106,INT-506,22.255,BREAKDOWN,20,
177,10:40:34,106,INT-506,22.255,REPAIRED,20,
177,11:26:16,106,INT-506,38,ARRIVAL,,3207.66
178,05:59:58,101,INT-501,0,DEPARTURE,,
178,06:39:51,102,INT-502,0,DEPARTURE,,
178,06:44:34,102,INT-502,2.174,BREAKDOWN,0,
178,06:45:07,102,INT-502,2.174,REPAIRED,0,
178,07:02:51,101,INT-501,20.075,CHECKPOINT,,
178,07:19:44,103,INT-503,0,DEPARTURE,,
178,07:43:17,102,INT-502,20.075,CHECKPOINT,,2426.52
178,07:52:59,101,INT-501,38,ARRIVAL,,
178,07:59:54,104,INT-504,0,DEPARTURE,,
178,08:22:37,103,INT-503,20.075,CHECKPOINT,,2360.04
178,08:33:25,102,INT-502,38,ARRIVAL,,2426.52
178,08:39:48,105,INT-505,0,DEPARTURE,,
178,08:54:45,105,INT-505,5.091,BREAKDOWN,7,
178,08:56:41,105,INT-505,5.091,REPAIRED,7,
178,09:02:47,104,INT-504,20.075,CHECKPOINT,,2409.9
178,09:03:20,103,INT-503,34.909,BREAKDOWN,30,
178,09:15:15,103,INT-503,34.909,REPAIRED,30,
178,09:19:57,106,INT-506,0,DEPARTURE,,
178,09:24:40,103,INT-503,38,ARRIVAL,,3074.7
178,09:44:37,105,INT-505,20.075,CHECKPOINT,,2509.62
178,09:52:55,104,INT-504,38,ARRIVAL,,1695.24
178,10:22:50,106,INT-506,20.075,CHECKPOINT,,2293.56
178,10:32:49,105,INT-505,37.665,BREAKDOWN,30,
178,10:54:25,105,INT-505,37.665,REPAIRED,30,
178,10:56:21,105,INT-505,38,ARRIVAL,,3805.98
178,11:12:58,106,INT-506,38,ARRIVAL,,997.2
179,05:59:58,101,INT-501,0,DEPARTURE,,
179,06:39:51,102,INT-502,0,DEPARTURE,,
179,07:02:51,101,INT-501,20.075,CHECKPOINT,,
179,07:19:44,103,INT-503,0,DEPARTURE,,
179,07:42:44,102,INT-502,20.075,CHECKPOINT,,2393.28
179,07:52:59,101,INT-501,38,ARRIVAL,,
179,07:59:54,104,INT-504,0,DEPARTURE,,
179,08:03:30,104,INT-504,1.519,BREAKDOWN,0,
179,08:03:30,104,INT-504,1.519,REPAIRED,0,
179,08:22:37,103,INT-503,20.075,CHECKPOINT,,2393.28
179,08:32:52,102,INT-502,38,ARRIVAL,,2393.28
179,08:39:48,105,INT-505,0,DEPARTURE,,
179,08:39:48,104,INT-504,11.624,BREAKDOWN,15,
179,08:42:34,103,INT-503,27.874,BREAKDOWN,30,
179,08:43:40,103,INT-503,27.874,REPAIRED,30,
179,08:44:13,104,INT-504,11.624,REPAIRED,15,
179,09:07:13,104,INT-504,20.075,CHECKPOINT,,2675.82
179,09:13:52,103,INT-503,38,ARRIVAL,,2459.76
179,09:19:57,106,INT-506,0,DEPARTURE,,
179,09:21:54,104,INT-504,26.02,BREAKDOWN,30,
179,09:26:36,104,INT-504,26.02,REPAIRED,30,
179,09:38:14,106,INT-506,5.781,BREAKDOWN,7,
179,09:38:14,106,INT-506,5.781,REPAIRED,7,
179,09:42:40,105,INT-505,20.075,CHECKPOINT,,2127.36
179,10:02:04,104,INT-504,38,ARRIVAL,,2891.88
179,10:22:50,106,INT-506,20.075,CHECKPOINT,,2409.9
179,10:30:52,105,INT-505,37.665,BREAKDOWN,30,
179,10:52:29,105,INT-505,37.665,REPAIRED,30,
179,10:54:25,105,INT-505,38,ARRIVAL,,3141.18
179,11:12:58,106,INT-506,38,ARRIVAL,,1113.54
180,05:59:58,101,INT-501,0,DEPARTURE,,
180,06:39:51,102,INT-502,0,DEPARTURE,,
180,07:02:51,101,INT-501,20.075,CHECKPOINT,,
180,07:13:22,102,INT-502,9.672,BREAKDOWN,7,
180,07:18:55,102,INT-502,9.672,REPAIRED,7,
180,07:19:44,103,INT-503,0,DEPARTURE,,
180,07:34:09,101,INT-501,32.475,BREAKDOWN,30,
180,07:34:09,101,INT-501,32.475,REPAIRED,30,
180,07:48:16,102,INT-502,20.075,CHECKPOINT,,2725.68
180,07:52:59,101,INT-501,38,ARRIVAL,,
180,07:59:54,104,INT-504,0,DEPARTURE,,
180,08:07:40,104,INT-504,3.26,BREAKDOWN,0,
180,08:12:22,104,INT-504,3.26,REPAIRED,0,
180,08:22:37,103,INT-503,20.075,CHECKPOINT,,2060.88
180,08:38:24,102,INT-502,38,ARRIVAL,,2725.68
180,08:38:41,104,INT-504,9.826,BREAKDOWN,7,
180,08:39:48,105,INT-505,0,DEPARTURE,,
180,08:44:30,104,INT-504,9.826,REPAIRED,7,
180,09:12:45,103,INT-503,38,ARRIVAL,,2060.88
180,09:13:19,104,INT-504,20.075,CHECKPOINT,,3041.46
180,09:19:57,106,INT-506,0,DEPARTURE,,
180,09:42:40,105,INT-505,20.075,CHECKPOINT,,1761.72
180,10:03:27,104,INT-504,38,ARRIVAL,,3041.46
180,10:22:50,106,INT-506,20.075,CHECKPOINT,,2409.9
180,10:32:49,105,INT-505,38,ARRIVAL,,1761.72
180,11:12:58,106,INT-506,38,ARRIVAL,,2409.9
181,05:59:58,101,INT-501,0,DEPARTURE,,
181,06:39:51,102,INT-502,0,DEPARTURE,,
181,07:02:51,101,INT-501,20.075,CHECKPOINT,,
181,07:19:44,103,INT-503,0,DEPARTURE,,
181,07:35:48,103,INT-503,5.246,BREAKDOWN,7,
181,07:37:28,103,INT-503,5.246,REPAIRED,7,
181,07:42:44,102,INT-502,20.075,CHECKPOINT,,2393.28
181,07:46:53,101,INT-501,36.189,BREAKDOWN,30,
181,07:59:54,104,INT-504,0,DEPARTURE,,
181,08:02:07,101,INT-501,36.189,REPAIRED,30,
181,08:08:13,101,INT-501,38,ARRIVAL,,
181,08:24:17,103,INT-503,20.075,CHECKPOINT,,2493
181,08:32:52,102,INT-502,38,ARRIVAL,,1479.18
181,08:39:48,105,INT-505,0,DEPARTURE,,
181,09:02:47,104,INT-504,20.075,CHECKPOINT,,2310.18
181,09:14:25,103,INT-503,38,ARRIVAL,,2493
181,09:19:57,106,INT-506,0,DEPARTURE,,
181,09:42:40,105,INT-505,20.075,CHECKPOINT,,2393.28
181,09:44:53,106,INT-506,7.54,BREAKDOWN,7,
181,09:44:53,106,INT-506,7.54,REPAIRED,7,
181,09:46:50,104,INT-504,36.189,BREAKDOWN,30,
181,10:02:04,104,INT-504,36.189,REPAIRED,30,
181,10:08:09,104,INT-504,38,ARRIVAL,,3224.28
181,10:22:50,106,INT-506,20.075,CHECKPOINT,,2409.9
181,10:32:49,105,INT-505,38,ARRIVAL,,1479.18
181,10:48:19,106,INT-506,31.159,BREAKDOWN,30,
181,10:48:19,106,INT-506,31.159,REPAIRED,30,
181,11:12:58,106,INT-506,38,ARRIVAL,,2409.9
182,05:59:58,101,INT-501,0,DEPARTURE,,
182,06:39:51,102,INT-502,0,DEPARTURE,,
182,07:02:51,101,INT-501,20.075,CHECKPOINT,,
182,07:19:44,103,INT-503,0,DEPARTURE,,
182,07:42:44,102,INT-502,20.075,CHECKPOINT,,2393.28
182,07:52:59,101,INT-501,38,ARRIVAL,,
182,07:59:54,104,INT-504,0,DEPARTURE,,
182,08:22:37,103,INT-503,20.075,CHECKPOINT,,2393.28
182,08:28:26,103,INT-503,22.482,BREAKDOWN,20,
182,08:30:56,103,INT-503,22.482,REPAIRED,20,
182,08:32:52,102,INT-502,38,ARRIVAL,,2393.28
182,08:39:48,105,INT-505,0,DEPARTURE,,
182,09:02:47,104,INT-504,20.075,CHECKPOINT,,2409.9
182,09:15:15,103,INT-503,38,ARRIVAL,,2542.86
182,09:19:57,106,INT-506,0,DEPARTURE,,
182,09:42:40,105,INT-505,20.075,CHECKPOINT,,2393.28
182,09:52:55,104,INT-504,38,ARRIVAL,,2260.32
182,10:21:27,105,INT-505,34.71,BREAKDOWN,30,
182,10:22:50,106,INT-506,20.075,CHECKPOINT,,2409.9
182,10:32:49,105,INT-505,34.71,REPAIRED,30,
182,10:44:10,105,INT-505,38,ARRIVAL,,3074.7
182,11:12:58,106,INT-506,38,ARRIVAL,,1728.48
183,05:59:58,101,INT-501,0,DEPARTURE,,
183,06:39:51,102,INT-502,0,DEPARTURE,,
183,07:02:51,101,INT-501,20.075,CHECKPOINT,,
183,07:10:19,101,INT-501,22.722,BREAKDOWN,20,
183,07:13:22,101,INT-501,22.722,REPAIRED,20,
183,07:19:44,103,INT-503,0,DEPARTURE,,
183,07:42:44,102,INT-502,20.075,CHECKPOINT,,2393.28
183,07:50:46,102,INT-502,23.011,BREAKDOWN,20,
183,07:51:52,103,INT-503,9.237,BREAKDOWN,7,
183,07:54:05,102,INT-502,23.011,REPAIRED,20,
183,07:55:28,103,INT-503,9.237,REPAIRED,7,
183,07:56:02,101,INT-501,38,ARRIVAL,,
183,07:57:25,102,INT-502,24.474,BREAKDOWN,20,
183,07:59:54,104,INT-504,0,DEPARTURE,,
183,08:00:28,104,INT-504,0.381,BREAKDOWN,0,
183,08:00:28,104,INT-504,0.381,REPAIRED,0,
183,08:05:43,102,INT-502,24.474,REPAIRED,20,
183,08:26:13,103,INT-503,20.075,CHECKPOINT,,2609.34
183,08:39:48,105,INT-505,0,DEPARTURE,,
183,08:44:30,102,INT-502,38,ARRIVAL,,2908.5
183,09:02:47,104,INT-504,20.075,CHECKPOINT,,2193.84
183,09:16:21,103,INT-503,38,ARRIVAL,,1911.3
183,09:19:57,106,INT-506,0,DEPARTURE,,
183,09:42:40,105,INT-505,20.075,CHECKPOINT,,2393.28
183,09:52:55,104,INT-504,38,ARRIVAL,,2193.84
183,10:22:50,106,INT-506,20.075,CHECKPOINT,,2409.9
183,10:32:49,105,INT-505,38,ARRIVAL,,2393.28
183,11:12:58,106,INT-506,38,ARRIVAL,,2409.9
184,05:59:58,101,INT-501,0,DEPARTURE,,
184,06:39:51,102,INT-502,0,DEPARTURE,,
184,07:02:51,101,INT-501,20.075,CHECKPOINT,,
184,07:09:13,102,INT-502,8.531,BREAKDOWN,7,
184,07:09:46,102,INT-502,8.531,REPAIRED,7,
184,07:19:44,103,INT-503,0,DEPARTURE,,
184,07:34:42,102,INT-502,17.226,BREAKDOWN,15,
184,07:36:22,102,INT-502,17.226,REPAIRED,15,
184,07:44:57,102,INT-502,20.075,CHECKPOINT,,2526.24
184,07:52:59,101,INT-501,38,ARRIVAL,,
184,07:59:54,104,INT-504,0,DEPARTURE,,
184,08:22:37,103,INT-503,20.075,CHECKPOINT,,2260.32
184,08:35:05,102,INT-502,38,ARRIVAL,,2526.24
184,08:39:31,104,INT-504,11.61,BREAKDOWN,15,
184,08:39:48,105,INT-505,0,DEPARTURE,,
184,08:43:57,104,INT-504,11.61,REPAIRED,15,
184,09:07:13,104,INT-504,20.075,CHECKPOINT,,2675.82
184,09:12:45,103,INT-503,38,ARRIVAL,,2260.32
184,09:19:57,106,INT-506,0,DEPARTURE,,
184,09:42:40,105,INT-505,20.075,CHECKPOINT,,2127.36
184,09:57:21,104,INT-504,38,ARRIVAL,,2675.82
184,09:57:38,106,INT-506,10.865,BREAKDOWN,7,
184,09:57:54,105,INT-505,26.319,BREAKDOWN,30,
184,10:00:24,105,INT-505,26.319,REPAIRED,30,
184,10:07:19,106,INT-506,10.865,REPAIRED,7,
184,10:32:32,106,INT-506,20.075,CHECKPOINT,,2991.6
184,10:35:18,105,INT-505,38,ARRIVAL,,2276.94
184,11:22:40,106,INT-506,38,ARRIVAL,,2842.02
185,05:59:58,101,INT-501,0,DEPARTURE,,
185,06:39:51,102,INT-502,0,DEPARTURE,,
185,07:02:51,101,INT-501,20.075,CHECKPOINT,,
185,07:19:44,103,INT-503,0,DEPARTURE,,
185,07:42:44,102,INT-502,20.075,CHECKPOINT,,2393.28
185,07:52:59,101,INT-501,38,ARRIVAL,,
185,07:59:54,104,INT-504,0,DEPARTURE,,
185,08:05:27,103,INT-503,13.519,BREAKDOWN,15,
185,08:05:43,103,INT-503,13.519,REPAIRED,15,
185,08:22:54,103,INT-503,20.075,CHECKPOINT,,2409.9
185,08:32:52,102,INT-502,38,ARRIVAL,,2393.28
185,08:39:48,105,INT-505,0,DEPARTURE,,
185,09:02:47,104,INT-504,20.075,CHECKPOINT,,2393.28
185,09:13:02,103,INT-503,38,ARRIVAL,,2409.9
185,09:19:57,106,INT-506,0,DEPARTURE,,
185,09:42:40,105,INT-505,20.075,CHECKPOINT,,2393.28
185,09:52:55,104,INT-504,38,ARRIVAL,,2393.28
185,10:22:50,106,INT-506,20.075,CHECKPOINT,,2409.9
185,10:32:49,105,INT-505,38,ARRIVAL,,2393.28
185,11:12:58,106,INT-506,38,ARRIVAL,,2409.9
186,05:59:58,101,INT-501,0,DEPARTURE,,
186,06:39:51,102,INT-502,0,DEPARTURE,,
186,07:02:51,101,INT-501,20.075,CHECKPOINT,,
186,07:19:44,103,INT-503,0,DEPARTURE,,
186,07:42:44,102,INT-502,20.075,CHECKPOINT,,2393.28
186,07:52:59,101,INT-501,38,ARRIVAL,,
186,07:59:54,104,INT-504,0,DEPARTURE,,
186,08:22:37,103,INT-503,20.075,CHECKPOINT,,2393.28
186,08:32:52,102,INT-502,38,ARRIVAL,,2393.28
186,08:39:48,105,INT-505,0,DEPARTURE,,
186,09:02:47,104,INT-504,20.075,CHECKPOINT,,2409.9
186,09:12:45,103,INT-503,38,ARRIVAL,,2393.28
186,09:19:57,106,INT-506,0,DEPARTURE,,
186,09:42:40,105,INT-505,20.075,CHECKPOINT,,2393.28
186,09:52:55,104,INT-504,38,ARRIVAL,,2409.9
186,10:14:48,105,INT-505,32.793,BREAKDOWN,30,
186,10:18:24,105,INT-505,32.793,REPAIRED,30,
186,10:22:50,106,INT-506,20.075,CHECKPOINT,,2409.9
186,10:36:25,105,INT-505,38,ARRIVAL,,2609.34
186,11:12:58,106,INT-506,38,ARRIVAL,,2193.84
187,05:59:58,101,INT-501,0,DEPARTURE,,
187,06:39:51,102,INT-502,0,DEPARTURE,,
187,07:02:51,101,INT-501,20.075,CHECKPOINT,,
187,07:19:44,103,INT-503,0,DEPARTURE,,
187,07:22:14,103,INT-503,1.261,BREAKDOWN,0,
187,07:22:14,103,INT-503,1.261,REPAIRED,0,
187,07:42:44,102,INT-502,20.075,CHECKPOINT,,2393.28
187,07:52:59,101,INT-501,38,ARRIVAL,,
187,07:59:54,104,INT-504,0,DEPARTURE,,
187,08:22:37,103,INT-503,20.075,CHECKPOINT,,2393.28
187,08:32:52,102,INT-502,38,ARRIVAL,,2393.28
187,08:39:48,105,INT-505,0,DEPARTURE,,
187,09:02:47,104,INT-504,20.075,CHECKPOINT,,2409.9
187,09:04:43,104,INT-504,20.754,BREAKDOWN,20,
187,09:04:43,104,INT-504,20.754,REPAIRED,20,
187,09:09:59,105,INT-505,8.674,BREAKDOWN,7,
187,09:11:06,105,INT-505,8.674,REPAIRED,7,
187,09:12:45,103,INT-503,38,ARRIVAL,,2393.28
187,09:19:57,106,INT-506,0,DEPARTURE,,
187,09:43:47,105,INT-505,20.075,CHECKPOINT,,2459.76
187,09:52:55,104,INT-504,38,ARRIVAL,,2409.9
187,10:22:50,106,INT-506,20.075,CHECKPOINT,,2343.42
187,10:33:55,105,INT-505,38,ARRIVAL,,2459.76
187,11:12:58,106,INT-506,38,ARRIVAL,,2343.42
188,05:59:58,101,INT-501,0,DEPARTURE,,
188,06:34:02,101,INT-501,9.826,BREAKDOWN,7,
188,06:39:51,102,INT-502,0,DEPARTURE,,
188,06:39:51,101,INT-501,9.826,REPAIRED,7,
188,07:08:40,101,INT-501,20.075,CHECKPOINT,,
188,07:19:44,103,INT-503,0,DEPARTURE,,
188,07:38:01,103,INT-503,5.781,BREAKDOWN,7,
188,07:38:01,103,INT-503,5.781,REPAIRED,7,
188,07:42:44,102,INT-502,20.075,CHECKPOINT,,2044.26
188,07:58:48,101,INT-501,38,ARRIVAL,,
188,07:59:54,104,INT-504,0,DEPARTURE,,
188,08:22:37,103,INT-503,20.075,CHECKPOINT,,2393.28
188,08:32:52,102,INT-502,38,ARRIVAL,,2044.26
188,08:39:48,105,INT-505,0,DEPARTURE,,
188,08:42:50,105,INT-505,1.412,BREAKDOWN,0,
188,08:42:50,105,INT-505,1.412,REPAIRED,0,
188,09:02:47,104,INT-504,20.075,CHECKPOINT,,2409.9
188,09:12:45,103,INT-503,38,ARRIVAL,,2393.28
188,09:19:57,106,INT-506,0,DEPARTURE,,
188,09:42:40,105,INT-505,20.075,CHECKPOINT,,2393.28
188,09:52:55,104,INT-504,38,ARRIVAL,,2409.9
188,10:22:50,106,INT-506,20.075,CHECKPOINT,,2409.9
188,10:32:49,105,INT-505,38,ARRIVAL,,2393.28
188,11:12:58,106,INT-506,38,ARRIVAL,,2409.9
189,05:59:58,101,INT-501,0,DEPARTURE,,
189,06:39:51,102,INT-502,0,DEPARTURE,,
189,07:02:51,101,INT-501,20.075,CHECKPOINT,,
189,07:19:44,103,INT-503,0,DEPARTURE,,
189,07:23:20,102,INT-502,12.632,BREAKDOWN,15,
189,07:25:33,103,INT-503,2.605,BREAKDOWN,0,
189,07:25:33,102,INT-502,12.632,REPAIRED,15,
189,07:28:03,103,INT-503,2.605,REPAIRED,0,
189,07:44:57,102,INT-502,20.075,CHECKPOINT,,2526.24
189,07:52:59,101,INT-501,38,ARRIVAL,,
189,07:59:54,104,INT-504,0,DEPARTURE,,
189,08:25:07,103,INT-503,20.075,CHECKPOINT,,2409.9
189,08:35:05,102,INT-502,38,ARRIVAL,,2526.24
189,08:39:48,105,INT-505,0,DEPARTURE,,
189,08:47:50,105,INT-505,3.302,BREAKDOWN,0,
189,08:52:32,105,INT-505,3.302,REPAIRED,0,
189,08:54:45,104,INT-504,17.372,BREAKDOWN,15,
189,08:56:58,104,INT-504,17.372,REPAIRED,15,
189,09:05:00,104,INT-504,20.075,CHECKPOINT,,2393.28
189,09:06:23,105,INT-505,6.816,BREAKDOWN,7,
189,09:06:23,105,INT-505,6.816,REPAIRED,7,
189,09:15:15,103,INT-503,38,ARRIVAL,,2409.9
189,09:19:57,106,INT-506,0,DEPARTURE,,
189,09:31:02,104,INT-504,31.223,BREAKDOWN,30,
189,09:31:02,104,INT-504,31.223,REPAIRED,30,
189,09:47:23,105,INT-505,20.075,CHECKPOINT,,2542.86
189,09:49:03,105,INT-505,20.599,BREAKDOWN,20,
189,09:49:03,105,INT-505,20.599,REPAIRED,20,
189,09:55:08,104,INT-504,38,ARRIVAL,,2393.28
189,10:22:50,106,INT-506,20.075,CHECKPOINT,,2127.36
189,10:37:31,105,INT-505,38,ARRIVAL,,2542.86
189,10:44:27,106,INT-506,29.189,BREAKDOWN,30,
189,10:44:27,106,INT-506,29.189,REPAIRED,30,
189,11:12:58,106,INT-506,38,ARRIVAL,,2127.36
190,05:59:58,101,INT-501,0,DEPARTURE,,
190,06:11:03,101,INT-501,4.306,BREAKDOWN,7,
190,06:15:45,101,INT-501,4.306,REPAIRED,7,
190,06:39:51,102,INT-502,0,DEPARTURE,,
190,06:44:50,101,INT-501,11.694,BREAKDOWN,15,
190,06:49:16,101,INT-501,11.694,REPAIRED,15,
190,07:11:59,101,INT-501,20.075,CHECKPOINT,,
190,07:19:44,103,INT-503,0,DEPARTURE,,
190,07:42:44,102,INT-502,20.075,CHECKPOINT,,1844.82
190,07:59:54,104,INT-504,0,DEPARTURE,,
190,08:02:07,101,INT-501,38,ARRIVAL,,
190,08:22:37,103,INT-503,20.075,CHECKPOINT,,2393.28
190,08:24:00,104,INT-504,7.388,BREAKDOWN,7,
190,08:24:00,104,INT-504,7.388,REPAIRED,7,
190,08:24:50,104,INT-504,7.54,BREAKDOWN,7,
190,08:24:50,104,INT-504,7.54,REPAIRED,7,
190,08:32:52,102,INT-502,38,ARRIVAL,,1844.82
190,08:39:48,105,INT-505,0,DEPARTURE,,
190,09:00:01,103,INT-503,34.246,BREAKDOWN,30,
190,09:02:47,104,INT-504,20.075,CHECKPOINT,,2409.9
190,09:09:09,103,INT-503,34.246,REPAIRED,30,
190,09:19:57,106,INT-506,0,DEPARTURE,,
190,09:21:54,103,INT-503,38,ARRIVAL,,2941.74
190,09:42:40,105,INT-505,20.075,CHECKPOINT,,2393.28
190,09:52:55,104,INT-504,38,ARRIVAL,,1861.44
190,09:55:25,105,INT-505,25.214,BREAKDOWN,30,
190,10:02:20,105,INT-505,25.214,REPAIRED,30,
190,10:09:49,106,INT-506,15.426,BREAKDOWN,15,
190,10:09:49,106,INT-506,15.426,REPAIRED,15,
190,10:22:50,106,INT-506,20.075,CHECKPOINT,,2409.9
190,10:39:44,105,INT-505,38,ARRIVAL,,2808.78
190,10:54:42,106,INT-506,32.671,BREAKDOWN,30,
190,10:54:42,106,INT-506,32.671,REPAIRED,30,
190,11:12:58,106,INT-506,38,ARRIVAL,,1994.4
191,05:59:58,101,INT-501,0,DEPARTURE,,
191,06:17:58,101,INT-501,5.718,BREAKDOWN,7,
191,06:17:58,101,INT-501,5.718,REPAIRED,7,
191,06:39:51,102,INT-502,0,DEPARTURE,,
191,06:50:06,101,INT-501,15.547,BREAKDOWN,15,
191,06:50:06,101,INT-501,15.547,REPAIRED,15,
191,07:02:51,101,INT-501,20.075,CHECKPOINT,,
191,07:19:44,103,INT-503,0,DEPARTURE,,
191,07:42:44,102,INT-502,20.075,CHECKPOINT,,2393.28
191,07:52:59,101,INT-501,38,ARRIVAL,,
191,07:59:54,104,INT-504,0,DEPARTURE,,
191,08:22:37,103,INT-503,20.075,CHECKPOINT,,2393.28
191,08:32:52,102,INT-502,38,ARRIVAL,,2393.28
191,08:35:55,103,INT-503,25.502,BREAKDOWN,30,
191,08:39:48,105,INT-505,0,DEPARTURE,,
191,08:42:01,103,INT-503,25.502,REPAIRED,30,
191,08:51:09,104,INT-504,16.055,BREAKDOWN,15,
191,08:51:09,104,INT-504,16.055,REPAIRED,15,
191,09:02:47,104,INT-504,20.075,CHECKPOINT,,2409.9
191,09:18:51,103,INT-503,38,ARRIVAL,,2758.92
191,09:19:57,106,INT-506,0,DEPARTURE,,
191,09:42:40,105,INT-505,20.075,CHECKPOINT,,2393.28
191,09:52:55,104,INT-504,38,ARRIVAL,,2044.26
191,10:22:50,106,INT-506,20.075,CHECKPOINT,,2409.9
191,10:32:49,105,INT-505,38,ARRIVAL,,2393.28
191,10:44:27,106,INT-506,29.189,BREAKDOWN,30,
191,10:44:27,106,INT-506,29.189,REPAIRED,30,
191,11:12:58,106,INT-506,38,ARRIVAL,,2409.9
192,05:59:58,101,INT-501,0,DEPARTURE,,
192,06:09:23,101,INT-501,3.739,BREAKDOWN,7,
192,06:15:45,101,INT-501,3.739,REPAIRED,7,
192,06:39:51,102,INT-502,0,DEPARTURE,,
192,07:05:53,102,INT-502,7.789,BREAKDOWN,7,
192,07:05:53,102,INT-502,7.789,REPAIRED,7,
192,07:09:13,101,INT-501,20.075,CHECKPOINT,,
192,07:19:44,103,INT-503,0,DEPARTURE,,
192,07:32:46,103,INT-503,4.659,BREAKDOWN,7,
192,07:36:22,103,INT-503,4.659,REPAIRED,7,
192,07:42:44,102,INT-502,20.075,CHECKPOINT,,2011.02
192,07:59:21,101,INT-501,38,ARRIVAL,,
192,07:59:54,104,INT-504,0,DEPARTURE,,
192,08:26:13,103,INT-503,20.075,CHECKPOINT,,2609.34
192,08:32:52,102,INT-502,38,ARRIVAL,,2011.02
192,08:39:48,105,INT-505,0,DEPARTURE,,
192,09:02:47,104,INT-504,20.075,CHECKPOINT,,2193.84
192,09:16:21,103,INT-503,38,ARRIVAL,,2609.34
192,09:19:57,106,INT-506,0,DEPARTURE,,
192,09:42:40,105,INT-505,20.075,CHECKPOINT,,2393.28
192,09:52:55,104,INT-504,38,ARRIVAL,,2193.84
192,10:03:10,105,INT-505,28.124,BREAKDOWN,30,
192,10:04:00,105,INT-505,28.124,REPAIRED,30,
192,10:22:50,106,INT-506,20.075,CHECKPOINT,,2409.9
192,10:33:38,105,INT-505,38,ARRIVAL,,2443.14
192,11:12:58,106,INT-506,38,ARRIVAL,,2360.04
193,05:59:58,101,INT-501,0,DEPARTURE,,
193,06:39:51,102,INT-502,0,DEPARTURE,,
193,07:02:51,101,INT-501,20.075,CHECKPOINT,,
193,07:19:44,103,INT-503,0,DEPARTURE,,
193,07:42:44,102,INT-502,20.075,CHECKPOINT,,2393.28
193,07:52:59,101,INT-501,38,ARRIVAL,,
193,07:59:54,104,INT-504,0,DEPARTURE,,
193,08:22:37,103,INT-503,20.075,CHECKPOINT,,2393.28
193,08:25:40,102,INT-502,35.746,BREAKDOWN,30,
193,08:39:48,105,INT-505,0,DEPARTURE,,
193,08:40:21,102,INT-502,35.746,REPAIRED,30,
193,08:42:34,102,INT-502,36.661,BREAKDOWN,30,
193,09:01:57,102,INT-502,36.661,REPAIRED,30,
193,09:02:47,104,INT-504,20.075,CHECKPOINT,,2409.9
193,09:06:56,102,INT-502,38,ARRIVAL,,4437.54
193,09:12:45,103,INT-503,38,ARRIVAL,,349.02
193,09:19:57,106,INT-506,0,DEPARTURE,,
193,09:37:08,106,INT-506,5.546,BREAKDOWN,7,
193,09:37:25,106,INT-506,5.546,REPAIRED,7,
193,09:42:40,105,INT-505,20.075,CHECKPOINT,,2393.28
193,09:52:55,104,INT-504,38,ARRIVAL,,2409.9
193,10:23:07,106,INT-506,20.075,CHECKPOINT,,2426.52
193,10:32:49,105,INT-505,38,ARRIVAL,,2393.28
193,11:13:15,106,INT-506,38,ARRIVAL,,2426.52
194,05:59:58,101,INT-501,0,DEPARTURE,,
194,06:30:43,101,INT-501,8.761,BREAKDOWN,7,
194,06:31:49,101,INT-501,8.761,REPAIRED,7,
194,06:39:51,102,INT-502,0,DEPARTURE,,
194,07:03:57,101,INT-501,20.075,CHECKPOINT,,
194,07:05:20,101,INT-501,20.539,BREAKDOWN,20,
194,07:05:20,101,INT-501,20.539,REPAIRED,20,
194,07:19:44,103,INT-503,0,DEPARTURE,,
194,07:35:15,103,INT-503,5.18,BREAKDOWN,7,
194,07:35:48,102,INT-502,17.702,BREAKDOWN,20,
194,07:36:55,103,INT-503,5.18,REPAIRED,7,
194,07:38:18,102,INT-502,17.702,REPAIRED,20,
194,07:45:13,102,INT-502,20.075,CHECKPOINT,,2476.38
194,07:54:05,101,INT-501,38,ARRIVAL,,
194,07:59:54,104,INT-504,0,DEPARTURE,,
194,08:24:17,103,INT-503,20.075,CHECKPOINT,,2343.42
194,08:35:22,102,INT-502,38,ARRIVAL,,2476.38
194,08:39:48,105,INT-505,0,DEPARTURE,,
194,09:02:47,104,INT-504,20.075,CHECKPOINT,,2310.18
194,09:14:25,103,INT-503,38,ARRIVAL,,2343.42
194,09:19:57,106,INT-506,0,DEPARTURE,,
194,09:42:40,105,INT-505,20.075,CHECKPOINT,,2393.28
194,09:44:20,104,INT-504,34.955,BREAKDOWN,30,
194,09:56:48,104,INT-504,34.955,REPAIRED,30,
194,10:05:23,104,INT-504,38,ARRIVAL,,3058.08
194,10:22:50,106,INT-506,20.075,CHECKPOINT,,2409.9
194,10:32:49,105,INT-505,38,ARRIVAL,,1645.38
194,11:12:58,106,INT-506,38,ARRIVAL,,2409.9
195,05:59:58,101,INT-501,0,DEPARTURE,,
195,06:19:54,101,INT-501,6.194,BREAKDOWN,7,
195,06:19:54,101,INT-501,6.194,REPAIRED,7,
195,06:39:51,102,INT-502,0,DEPARTURE,,
195,07:02:51,101,INT-501,20.075,CHECKPOINT,,
195,07:19:44,103,INT-503,0,DEPARTURE,,
195,07:42:44,102,INT-502,20.075,CHECKPOINT,,2393.28
195,07:52:59,101,INT-501,38,ARRIVAL,,
195,07:59:54,104,INT-504,0,DEPARTURE,,
195,08:02:57,102,INT-502,27.967,BREAKDOWN,30,
195,08:04:04,102,INT-502,27.967,REPAIRED,30,
195,08:22:37,103,INT-503,20.075,CHECKPOINT,,2393.28
195,08:33:59,102,INT-502,38,ARRIVAL,,2459.76
195,08:39:48,105,INT-505,0,DEPARTURE,,
195,08:55:02,104,INT-504,17.417,BREAKDOWN,15,
195,08:57:15,104,INT-504,17.417,REPAIRED,15,
195,08:58:54,105,INT-505,6.046,BREAKDOWN,7,
195,08:58:54,105,INT-505,6.046,REPAIRED,7,
195,09:05:00,104,INT-504,20.075,CHECKPOINT,,2542.86
195,09:12:45,103,INT-503,38,ARRIVAL,,2326.8
195,09:19:57,106,INT-506,0,DEPARTURE,,
195,09:42:40,105,INT-505,20.075,CHECKPOINT,,2260.32
195,09:55:08,104,INT-504,38,ARRIVAL,,2542.86
195,10:09:32,105,INT-505,31.635,BREAKDOWN,30,
195,10:09:32,105,INT-505,31.635,REPAIRED,30,
195,10:17:18,106,INT-506,18.063,BREAKDOWN,20,
195,10:18:41,106,INT-506,18.063,REPAIRED,20,
195,10:24:13,106,INT-506,20.075,CHECKPOINT,,2493
195,10:32:49,105,INT-505,38,ARRIVAL,,2260.32
195,11:14:22,106,INT-506,38,ARRIVAL,,2493
196,05:59:58,101,INT-501,0,DEPARTURE,,
196,06:39:51,102,INT-502,0,DEPARTURE,,
196,07:02:51,101,INT-501,20.075,CHECKPOINT,,
196,07:19:44,103,INT-503,0,DEPARTURE,,
196,07:42:44,102,INT-502,20.075,CHECKPOINT,,2393.28
196,07:52:59,101,INT-501,38,ARRIVAL,,
196,07:59:54,104,INT-504,0,DEPARTURE,,
196,08:22:37,103,INT-503,20.075,CHECKPOINT,,2393.28
196,08:32:52,102,INT-502,38,ARRIVAL,,2393.28
196,08:39:48,105,INT-505,0,DEPARTURE,,
196,09:02:47,104,INT-504,20.075,CHECKPOINT,,2409.9
196,09:12:45,103,INT-503,38,ARRIVAL,,2393.28
196,09:19:57,106,INT-506,0,DEPARTURE,,
196,09:42:40,105,INT-505,20.075,CHECKPOINT,,2393.28
196,09:52:55,104,INT-504,38,ARRIVAL,,2409.9
196,10:22:50,106,INT-506,20.075,CHECKPOINT,,2409.9
196,10:32:49,105,INT-505,38,ARRIVAL,,2393.28
196,11:12:58,106,INT-506,38,ARRIVAL,,2409.9
197,05:59:58,101,INT-501,0,DEPARTURE,,
197,06:39:51,102,INT-502,0,DEPARTURE,,
197,07:02:51,101,INT-501,20.075,CHECKPOINT,,
197,07:19:44,103,INT-503,0,DEPARTURE,,
197,07:42:44,102,INT-502,20.075,CHECKPOINT,,2393.28
197,07:52:59,101,INT-501,38,ARRIVAL,,
197,07:59:54,104,INT-504,0,DEPARTURE,,
197,08:22:37,103,INT-503,20.075,CHECKPOINT,,2393.28
197,08:32:52,102,INT-502,38,ARRIVAL,,2393.28
197,08:39:48,105,INT-505,0,DEPARTURE,,
197,09:02:47,104,INT-504,20.075,CHECKPOINT,,2409.9
197,09:12:45,103,INT-503,38,ARRIVAL,,2393.28
197,09:19:57,106,INT-506,0,DEPARTURE,,
197,09:42:40,105,INT-505,20.075,CHECKPOINT,,2393.28
197,09:45:10,106,INT-506,7.578,BREAKDOWN,7,
197,09:45:10,106,INT-506,7.578,REPAIRED,7,
197,09:52:55,104,INT-504,38,ARRIVAL,,2409.9
197,10:22:50,106,INT-506,20.075,CHECKPOINT,,2409.9
197,10:32:49,105,INT-505,38,ARRIVAL,,2393.28
197,10:38:54,106,INT-506,26.759,BREAKDOWN,30,
197,10:40:51,106,INT-506,26.759,REPAIRED,30,
197,11:14:55,106,INT-506,38,ARRIVAL,,2526.24
198,05:59:58,101,INT-501,0,DEPARTURE,,
198,06:39:51,102,INT-502,0,DEPARTURE,,
198,07:02:51,101,INT-501,20.075,CHECKPOINT,,
198,07:19:44,103,INT-503,0,DEPARTURE,,
198,07:42:44,102,INT-502,20.075,CHECKPOINT,,2393.28
198,07:52:59,101,INT-501,38,ARRIVAL,,
198,07:59:54,104,INT-504,0,DEPARTURE,,
198,08:15:42,103,INT-503,17.702,BREAKDOWN,20,
198,08:18:11,103,INT-503,17.702,REPAIRED,20,
198,08:25:07,103,INT-503,20.075,CHECKPOINT,,2542.86
198,08:32:52,102,INT-502,38,ARRIVAL,,2393.28
198,08:39:48,105,INT-505,0,DEPARTURE,,
198,09:02:47,104,INT-504,20.075,CHECKPOINT,,2260.32
198,09:11:06,104,INT-504,23.159,BREAKDOWN,20,
198,09:14:42,104,INT-504,23.159,REPAIRED,20,
198,09:15:15,103,INT-503,38,ARRIVAL,,2542.86
198,09:19:57,106,INT-506,0,DEPARTURE,,
198,09:25:46,105,INT-505,13.648,BREAKDOWN,15,
198,09:25:46,105,INT-505,13.648,REPAIRED,15,
198,09:42:40,105,INT-505,20.075,CHECKPOINT,,2393.28
198,09:56:31,104,INT-504,38,ARRIVAL,,2476.38
198,10:22:50,106,INT-506,20.075,CHECKPOINT,,2409.9
198,10:32:49,105,INT-505,38,ARRIVAL,,2177.22
198,11:12:58,106,INT-506,38,ARRIVAL,,2409.9
199,05:59:58,101,INT-501,0,DEPARTURE,,
199,06:39:51,102,INT-502,0,DEPARTURE,,
199,07:02:51,101,INT-501,20.075,CHECKPOINT,,
199,07:19:44,103,INT-503,0,DEPARTURE,,
199,07:42:44,102,INT-502,20.075,CHECKPOINT,,2393.28
199,07:52:59,101,INT-501,38,ARRIVAL,,
199,07:59:54,104,INT-504,0,DEPARTURE,,
199,08:22:37,103,INT-503,20.075,CHECKPOINT,,2393.28
199,08:32:52,102,INT-502,38,ARRIVAL,,2393.28
199,08:39:48,105,INT-505,0,DEPARTURE,,
199,08:59:44,105,INT-505,6.194,BREAKDOWN,7,
199,08:59:44,105,INT-505,6.194,REPAIRED,7,
199,09:02:47,104,INT-504,20.075,CHECKPOINT,,2409.9
199,09:12:45,103,INT-503,38,ARRIVAL,,2393.28
199,09:13:02,104,INT-504,24.181,BREAKDOWN,20,
199,09:19:57,106,INT-506,0,DEPARTURE,,
199,09:20:47,104,INT-504,24.181,REPAIRED,20,
199,09:42:40,105,INT-505,20.075,CHECKPOINT,,2393.28
199,09:44:03,105,INT-505,20.539,BREAKDOWN,20,
199,09:44:03,105,INT-505,20.539,REPAIRED,20,
199,10:00:41,104,INT-504,38,ARRIVAL,,2875.26
199,10:22:50,106,INT-506,20.075,CHECKPOINT,,2409.9
199,10:32:15,106,INT-506,23.739,BREAKDOWN,20,
199,10:32:49,105,INT-505,38,ARRIVAL,,1927.92
199,10:36:58,106,INT-506,23.739,REPAIRED,20,
199,11:17:41,106,INT-506,38,ARRIVAL,,2692.44
200,05:59:58,101,INT-501,0,DEPARTURE,,
200,06:39:51,102,INT-502,0,DEPARTURE,,
200,07:02:51,101,INT-501,20.075,CHECKPOINT,,
200,07:19:44,103,INT-503,0,DEPARTURE,,
200,07:42:44,102,INT-502,20.075,CHECKPOINT,,2393.28
200,07:51:52,102,INT-502,23.598,BREAKDOWN,20,
200,07:52:59,101,INT-501,38,ARRIVAL,,
200,07:56:18,102,INT-502,23.598,REPAIRED,20,
200,07:59:54,104,INT-504,0,DEPARTURE,,
200,08:22:37,103,INT-503,20.075,CHECKPOINT,,2393.28
200,08:37:18,102,INT-502,38,ARRIVAL,,2659.2
200,08:39:48,105,INT-505,0,DEPARTURE,,
200,09:02:47,104,INT-504,20.075,CHECKPOINT,,2409.9
200,09:12:45,103,INT-503,38,ARRIVAL,,2127.36
200,09:19:57,106,INT-506,0,DEPARTURE,,
200,09:36:35,105,INT-505,17.934,BREAKDOWN,20,
200,09:38:14,105,INT-505,17.934,REPAIRED,20,
200,09:44:20,105,INT-505,20.075,CHECKPOINT,,2493
200,09:52:55,104,INT-504,38,ARRIVAL,,2409.9
200,10:20:04,106,INT-506,19.082,BREAKDOWN,20,
200,10:20:04,106,INT-506,19.082,REPAIRED,20,
200,10:22:50,106,INT-506,20.075,CHECKPOINT,,2310.18
200,10:34:28,105,INT-505,38,ARRIVAL,,2493
200,11:12:58,106,INT-506,38,ARRIVAL,,2310.18
