run_id,timestamp,trip_id,bus_id,distance_km,event,aux_km,headway_sec
1,05:59:58,101,INT-501,0,DEPARTURE,,
1,06:39:51,102,INT-502,0,DEPARTURE,,
1,06:42:21,101,INT-501,12.286,BREAKDOWN,0,
1,07:19:44,103,INT-503,0,DEPARTURE,,
1,07:20:18,101,INT-501,12.286,REPAIRED,0,
1,07:37:28,103,INT-503,5.653,BREAKDOWN,0,
1,07:40:48,101,INT-501,20.075,CHECKPOINT,,
1,07:42:44,102,INT-502,20.075,CHECKPOINT,,116.34
1,07:47:43,103,INT-503,5.653,REPAIRED,0,
1,07:59:54,104,INT-504,0,DEPARTURE,,
1,08:29:49,104,INT-504,8.659,BREAKDOWN,0,
1,08:30:56,101,INT-501,38,ARRIVAL,,
1,08:32:52,103,INT-503,20.075,CHECKPOINT,,3008.22
1,08:32:52,102,INT-502,38,ARRIVAL,,116.34
1,08:39:48,105,INT-505,0,DEPARTURE,,
1,08:53:55,104,INT-504,8.659,REPAIRED,0,
1,09:19:57,106,INT-506,0,DEPARTURE,,
1,09:23:00,103,INT-503,38,ARRIVAL,,3008.22
1,09:26:53,104,INT-504,20.075,CHECKPOINT,,3240.9
1,09:42:40,105,INT-505,20.075,CHECKPOINT,,947.34
1,09:55:41,105,INT-505,25.357,BREAKDOWN,0,
1,10:17:01,104,INT-504,38,ARRIVAL,,3240.9
1,10:22:50,106,INT-506,20.075,CHECKPOINT,,2409.9
1,10:40:51,106,INT-506,27.643,BREAKDOWN,0,
1,11:08:49,105,INT-505,25.357,REPAIRED,0,
1,11:21:17,105,INT-505,31.159,BREAKDOWN,0,
1,11:58:41,106,INT-506,27.643,REPAIRED,0,
1,12:30:49,106,INT-506,38,ARRIVAL,,8027.46
1,12:46:19,105,INT-505,31.159,REPAIRED,0,
1,13:10:25,105,INT-505,37.906,BREAKDOWN,0,
1,14:58:27,105,INT-505,37.906,REPAIRED,0,
1,14:59:00,105,INT-505,38,ARRIVAL,,8891.7
2,05:59:58,101,INT-501,0,DEPARTURE,,
2,06:39:51,102,INT-502,0,DEPARTURE,,
2,07:02:51,102,INT-502,7.034,BREAKDOWN,0,
2,07:02:51,101,INT-501,20.075,CHECKPOINT,,
2,07:14:29,101,INT-501,24.624,BREAKDOWN,0,
2,07:19:44,103,INT-503,0,DEPARTURE,,
2,07:20:34,102,INT-502,7.034,REPAIRED,0,
2,07:31:39,102,INT-502,9.826,BREAKDOWN,0,
2,07:59:54,104,INT-504,0,DEPARTURE,,
2,08:00:44,102,INT-502,9.826,REPAIRED,0,
2,08:22:37,103,INT-503,20.075,CHECKPOINT,,4786.56
2,08:24:50,104,INT-504,7.54,BREAKDOWN,0,
2,08:26:13,101,INT-501,24.624,REPAIRED,0,
2,08:29:33,102,INT-502,20.075,CHECKPOINT,,415.5
2,08:39:48,105,INT-505,0,DEPARTURE,,
2,08:44:47,104,INT-504,7.54,REPAIRED,0,
2,09:04:43,101,INT-501,38,ARRIVAL,,
2,09:12:45,103,INT-503,38,ARRIVAL,,481.98
2,09:19:41,102,INT-502,38,ARRIVAL,,415.5
2,09:19:57,106,INT-506,0,DEPARTURE,,
2,09:22:44,104,INT-504,20.075,CHECKPOINT,,3191.04
2,09:42:40,105,INT-505,20.075,CHECKPOINT,,1196.64
2,10:11:12,106,INT-506,16.055,BREAKDOWN,0,
2,10:12:52,104,INT-504,38,ARRIVAL,,3191.04
2,10:17:01,105,INT-505,33.194,BREAKDOWN,0,
2,10:59:41,106,INT-506,16.055,REPAIRED,0,
2,11:11:19,106,INT-506,20.075,CHECKPOINT,,5318.4
2,11:47:03,105,INT-505,33.194,REPAIRED,0,
2,12:01:27,106,INT-506,38,ARRIVAL,,6515.04
2,12:02:50,105,INT-505,38,ARRIVAL,,83.1
3,05:59:58,101,INT-501,0,DEPARTURE,,
3,06:39:51,102,INT-502,0,DEPARTURE,,
3,07:02:51,101,INT-501,20.075,CHECKPOINT,,
3,07:19:44,103,INT-503,0,DEPARTURE,,
3,07:42:44,102,INT-502,20.075,CHECKPOINT,,2393.28
3,07:52:59,101,INT-501,38,ARRIVAL,,
3,07:59:54,104,INT-504,0,DEPARTURE,,
3,08:22:37,103,INT-503,20.075,CHECKPOINT,,2393.28
3,08:32:52,102,INT-502,38,ARRIVAL,,2393.28
3,08:39:48,105,INT-505,0,DEPARTURE,,
3,09:02:47,104,INT-504,20.075,CHECKPOINT,,2409.9
3,09:12:45,103,INT-503,38,ARRIVAL,,2393.28
3,09:19:57,106,INT-506,0,DEPARTURE,,
3,09:42:40,105,INT-505,20.075,CHECKPOINT,,2393.28
3,09:52:55,104,INT-504,38,ARRIVAL,,2409.9
3,10:02:37,106,INT-506,12.409,BREAKDOWN,0,
3,10:32:49,105,INT-505,38,ARRIVAL,,2393.28
3,10:41:07,106,INT-506,12.409,REPAIRED,0,
3,11:01:20,106,INT-506,20.075,CHECKPOINT,,4720.08
3,11:51:29,106,INT-506,38,ARRIVAL,,4720.08
4,05:59:58,101,INT-501,0,DEPARTURE,,
4,06:39:51,102,INT-502,0,DEPARTURE,,
4,07:02:51,101,INT-501,20.075,CHECKPOINT,,
4,07:19:44,103,INT-503,0,DEPARTURE,,
4,07:42:44,102,INT-502,20.075,CHECKPOINT,,2393.28
4,07:52:59,101,INT-501,38,ARRIVAL,,
4,07:59:54,104,INT-504,0,DEPARTURE,,
4,08:22:37,103,INT-503,20.075,CHECKPOINT,,2393.28
4,08:32:52,102,INT-502,38,ARRIVAL,,2393.28
4,08:39:48,105,INT-505,0,DEPARTURE,,
4,08:42:34,103,INT-503,27.874,BREAKDOWN,0,
4,09:02:47,104,INT-504,20.075,CHECKPOINT,,2409.9
4,09:16:38,105,INT-505,10.71,BREAKDOWN,0,
4,09:19:57,106,INT-506,0,DEPARTURE,,
4,09:49:19,105,INT-505,10.71,REPAIRED,0,
4,09:52:55,104,INT-504,38,ARRIVAL,,4803.18
4,10:00:41,103,INT-503,27.874,REPAIRED,0,
4,10:15:21,105,INT-505,20.075,CHECKPOINT,,4354.44
4,10:22:50,106,INT-506,20.075,CHECKPOINT,,448.74
4,10:30:52,103,INT-503,38,ARRIVAL,,2276.94
4,11:05:30,105,INT-505,38,ARRIVAL,,2077.5
4,11:12:58,106,INT-506,38,ARRIVAL,,448.74
5,05:59:58,101,INT-501,0,DEPARTURE,,
5,06:39:51,102,INT-502,0,DEPARTURE,,
5,06:53:59,101,INT-501,17.187,BREAKDOWN,0,
5,07:19:44,103,INT-503,0,DEPARTURE,,
5,07:42:44,102,INT-502,20.075,CHECKPOINT,,
5,07:44:57,101,INT-501,17.187,REPAIRED,0,
5,07:53:49,101,INT-501,20.075,CHECKPOINT,,664.8
5,07:59:54,104,INT-504,0,DEPARTURE,,
5,08:06:50,101,INT-501,25.357,BREAKDOWN,0,
5,08:22:37,103,INT-503,20.075,CHECKPOINT,,1728.48
5,08:32:52,102,INT-502,38,ARRIVAL,,
5,08:39:48,105,INT-505,0,DEPARTURE,,
5,09:02:47,104,INT-504,20.075,CHECKPOINT,,2409.9
5,09:12:45,103,INT-503,38,ARRIVAL,,2393.28
5,09:19:57,106,INT-506,0,DEPARTURE,,
5,09:19:57,101,INT-501,25.357,REPAIRED,0,
5,09:25:30,104,INT-504,30.116,BREAKDOWN,0,
5,09:39:54,105,INT-505,19.082,BREAKDOWN,0,
5,09:57:05,101,INT-501,38,ARRIVAL,,2659.2
5,10:22:50,106,INT-506,20.075,CHECKPOINT,,4803.18
5,10:35:51,105,INT-505,19.082,REPAIRED,0,
5,10:38:38,105,INT-505,20.075,CHECKPOINT,,947.34
5,10:44:10,105,INT-505,22.458,BREAKDOWN,0,
5,10:49:59,104,INT-504,30.116,REPAIRED,0,
5,11:03:50,104,INT-504,33.928,BREAKDOWN,0,
5,11:12:58,106,INT-506,38,ARRIVAL,,4553.88
5,11:49:49,105,INT-505,22.458,REPAIRED,0,
5,12:34:25,105,INT-505,38,ARRIVAL,,4886.28
5,12:37:44,104,INT-504,33.928,REPAIRED,0,
5,12:51:19,104,INT-504,38,ARRIVAL,,1013.82
6,05:59:58,101,INT-501,0,DEPARTURE,,
6,06:39:51,102,INT-502,0,DEPARTURE,,
6,07:02:51,101,INT-501,20.075,CHECKPOINT,,
6,07:19:44,103,INT-503,0,DEPARTURE,,
6,07:42:44,102,INT-502,20.075,CHECKPOINT,,2393.28
6,07:52:59,101,INT-501,38,ARRIVAL,,
6,07:59:54,104,INT-504,0,DEPARTURE,,
6,08:22:37,103,INT-503,20.075,CHECKPOINT,,2393.28
6,08:32:52,102,INT-502,38,ARRIVAL,,2393.28
6,08:39:48,105,INT-505,0,DEPARTURE,,
6,09:02:47,104,INT-504,20.075,CHECKPOINT,,2409.9
6,09:12:45,103,INT-503,38,ARRIVAL,,2393.28
6,09:19:57,106,INT-506,0,DEPARTURE,,
6,09:42:40,105,INT-505,20.075,CHECKPOINT,,2393.28
6,09:52:55,104,INT-504,38,ARRIVAL,,2409.9
6,10:22:50,106,INT-506,20.075,CHECKPOINT,,2409.9
6,10:32:49,105,INT-505,38,ARRIVAL,,2393.28
6,11:12:58,106,INT-506,38,ARRIVAL,,2409.9
7,05:59:58,101,INT-501,0,DEPARTURE,,
7,06:31:33,101,INT-501,9.051,BREAKDOWN,0,
7,06:39:51,102,INT-502,0,DEPARTURE,,
7,06:57:18,101,INT-501,9.051,REPAIRED,0,
7,07:19:44,103,INT-503,0,DEPARTURE,,
7,07:28:36,101,INT-501,20.075,CHECKPOINT,,
7,07:42:44,102,INT-502,20.075,CHECKPOINT,,847.62
7,07:43:50,103,INT-503,7.388,BREAKDOWN,0,
7,07:59:54,104,INT-504,0,DEPARTURE,,
7,08:03:14,103,INT-503,7.388,REPAIRED,0,
7,08:18:44,101,INT-501,38,ARRIVAL,,
7,08:29:16,104,INT-504,8.531,BREAKDOWN,0,
7,08:32:52,102,INT-502,38,ARRIVAL,,847.62
7,08:39:48,105,INT-505,0,DEPARTURE,,
7,08:42:01,103,INT-503,20.075,CHECKPOINT,,3556.68
7,08:53:05,104,INT-504,8.531,REPAIRED,0,
7,09:19:57,106,INT-506,0,DEPARTURE,,
7,09:26:36,104,INT-504,20.075,CHECKPOINT,,2675.82
7,09:32:09,103,INT-503,38,ARRIVAL,,3556.68
7,09:42:40,105,INT-505,20.075,CHECKPOINT,,963.96
7,10:16:45,104,INT-504,38,ARRIVAL,,2675.82
7,10:22:50,106,INT-506,20.075,CHECKPOINT,,2409.9
7,10:32:49,105,INT-505,38,ARRIVAL,,963.96
7,10:39:11,106,INT-506,26.906,BREAKDOWN,0,
7,11:55:38,106,INT-506,26.906,REPAIRED,0,
7,12:27:29,106,INT-506,37.665,BREAKDOWN,0,
7,14:14:58,106,INT-506,37.665,REPAIRED,0,
7,14:16:54,106,INT-506,38,ARRIVAL,,13445.58
8,05:59:58,101,INT-501,0,DEPARTURE,,
8,06:39:51,102,INT-502,0,DEPARTURE,,
8,07:02:51,101,INT-501,20.075,CHECKPOINT,,
8,07:19:44,103,INT-503,0,DEPARTURE,,
8,07:42:44,102,INT-502,20.075,CHECKPOINT,,2393.28
8,07:52:59,101,INT-501,38,ARRIVAL,,
8,07:59:54,104,INT-504,0,DEPARTURE,,
8,08:22:37,103,INT-503,20.075,CHECKPOINT,,2393.28
8,08:32:52,102,INT-502,38,ARRIVAL,,2393.28
8,08:39:48,105,INT-505,0,DEPARTURE,,
8,08:43:07,103,INT-503,28.124,BREAKDOWN,0,
8,09:02:47,104,INT-504,20.075,CHECKPOINT,,2409.9
8,09:19:57,106,INT-506,0,DEPARTURE,,
8,09:42:40,105,INT-505,20.075,CHECKPOINT,,2393.28
8,09:52:55,104,INT-504,38,ARRIVAL,,4803.18
8,09:55:41,105,INT-505,25.357,BREAKDOWN,0,
8,10:01:47,103,INT-503,28.124,REPAIRED,0,
8,10:22:50,106,INT-506,20.075,CHECKPOINT,,2409.9
8,10:31:25,103,INT-503,38,ARRIVAL,,2310.18
8,10:43:20,106,INT-506,28.124,BREAKDOWN,0,
8,11:08:49,105,INT-505,25.357,REPAIRED,0,
8,11:45:56,105,INT-505,38,ARRIVAL,,4470.78
8,12:02:00,106,INT-506,28.124,REPAIRED,0,
8,12:31:39,106,INT-506,38,ARRIVAL,,2742.3
9,05:59:58,101,INT-501,0,DEPARTURE,,
9,06:39:51,102,INT-502,0,DEPARTURE,,
9,07:02:51,101,INT-501,20.075,CHECKPOINT,,
9,07:19:44,103,INT-503,0,DEPARTURE,,
9,07:27:46,101,INT-501,31.033,BREAKDOWN,0,
9,07:42:44,102,INT-502,20.075,CHECKPOINT,,2393.28
9,07:59:54,104,INT-504,0,DEPARTURE,,
9,08:22:37,103,INT-503,20.075,CHECKPOINT,,2393.28
9,08:32:52,102,INT-502,38,ARRIVAL,,
9,08:34:32,103,INT-503,24.765,BREAKDOWN,0,
9,08:39:48,105,INT-505,0,DEPARTURE,,
9,08:53:05,101,INT-501,31.033,REPAIRED,0,
9,09:02:47,104,INT-504,20.075,CHECKPOINT,,2409.9
9,09:18:18,101,INT-501,38,ARRIVAL,,2725.68
9,09:19:57,106,INT-506,0,DEPARTURE,,
9,09:39:21,106,INT-506,6.084,BREAKDOWN,0,
9,09:42:40,105,INT-505,20.075,CHECKPOINT,,2393.28
9,09:46:33,103,INT-503,24.765,REPAIRED,0,
9,09:52:39,106,INT-506,6.084,REPAIRED,0,
9,09:52:55,104,INT-504,38,ARRIVAL,,2077.5
9,10:07:53,103,INT-503,33.036,BREAKDOWN,0,
9,10:32:49,105,INT-505,38,ARRIVAL,,2393.28
9,10:36:08,106,INT-506,20.075,CHECKPOINT,,3207.66
9,11:01:54,106,INT-506,31.167,BREAKDOWN,0,
9,11:37:54,103,INT-503,33.036,REPAIRED,0,
9,11:54:48,103,INT-503,38,ARRIVAL,,4919.52
9,12:26:56,106,INT-506,31.167,REPAIRED,0,
9,12:51:19,106,INT-506,38,ARRIVAL,,3390.48
10,05:59:58,101,INT-501,0,DEPARTURE,,
10,06:39:51,102,INT-502,0,DEPARTURE,,
10,07:02:51,101,INT-501,20.075,CHECKPOINT,,
10,07:08:56,102,INT-502,8.527,BREAKDOWN,0,
10,07:19:44,103,INT-503,0,DEPARTURE,,
10,07:32:46,102,INT-502,8.527,REPAIRED,0,
10,07:52:59,101,INT-501,38,ARRIVAL,,
10,07:59:54,104,INT-504,0,DEPARTURE,,
10,08:06:33,102,INT-502,20.075,CHECKPOINT,,3822.6
10,08:22:37,103,INT-503,20.075,CHECKPOINT,,963.96
10,08:31:12,104,INT-504,8.956,BREAKDOWN,0,
10,08:39:48,105,INT-505,0,DEPARTURE,,
10,08:56:25,104,INT-504,8.956,REPAIRED,0,
10,08:56:41,102,INT-502,38,ARRIVAL,,3822.6
10,09:12:45,103,INT-503,38,ARRIVAL,,963.96
10,09:19:57,106,INT-506,0,DEPARTURE,,
10,09:27:59,104,INT-504,20.075,CHECKPOINT,,3922.32
10,09:42:40,105,INT-505,20.075,CHECKPOINT,,880.86
10,10:18:08,104,INT-504,38,ARRIVAL,,3922.32
10,10:22:50,106,INT-506,20.075,CHECKPOINT,,2409.9
10,10:32:49,105,INT-505,38,ARRIVAL,,880.86
10,11:12:58,106,INT-506,38,ARRIVAL,,2409.9
11,05:59:58,101,INT-501,0,DEPARTURE,,
11,06:39:51,102,INT-502,0,DEPARTURE,,
11,07:02:51,101,INT-501,20.075,CHECKPOINT,,
11,07:19:44,103,INT-503,0,DEPARTURE,,
11,07:29:26,101,INT-501,31.445,BREAKDOWN,0,
11,07:42:44,102,INT-502,20.075,CHECKPOINT,,2393.28
11,07:59:54,104,INT-504,0,DEPARTURE,,
11,08:22:37,103,INT-503,20.075,CHECKPOINT,,2393.28
11,08:32:52,102,INT-502,38,ARRIVAL,,
11,08:39:48,105,INT-505,0,DEPARTURE,,
11,08:54:28,101,INT-501,31.445,REPAIRED,0,
11,09:02:47,104,INT-504,20.075,CHECKPOINT,,2409.9
11,09:12:45,103,INT-503,38,ARRIVAL,,2393.28
11,09:18:01,101,INT-501,38,ARRIVAL,,315.78
11,09:19:57,106,INT-506,0,DEPARTURE,,
11,09:42:40,105,INT-505,20.075,CHECKPOINT,,2393.28
11,09:52:55,104,INT-504,38,ARRIVAL,,2094.12
11,09:59:34,106,INT-506,11.61,BREAKDOWN,0,
11,10:32:49,105,INT-505,38,ARRIVAL,,2393.28
11,10:35:35,106,INT-506,11.61,REPAIRED,0,
11,10:58:51,106,INT-506,20.075,CHECKPOINT,,4570.5
11,11:48:59,106,INT-506,38,ARRIVAL,,4570.5
12,05:59:58,101,INT-501,0,DEPARTURE,,
12,06:39:51,102,INT-502,0,DEPARTURE,,
12,07:02:51,101,INT-501,20.075,CHECKPOINT,,
12,07:05:53,102,INT-502,7.789,BREAKDOWN,0,
12,07:19:44,103,INT-503,0,DEPARTURE,,
12,07:26:57,102,INT-502,7.789,REPAIRED,0,
12,07:52:59,101,INT-501,38,ARRIVAL,,
12,07:59:54,104,INT-504,0,DEPARTURE,,
12,08:03:47,102,INT-502,20.075,CHECKPOINT,,3656.4
12,08:22:37,103,INT-503,20.075,CHECKPOINT,,1130.16
12,08:39:48,105,INT-505,0,DEPARTURE,,
12,08:53:55,102,INT-502,38,ARRIVAL,,3656.4
12,09:02:47,104,INT-504,20.075,CHECKPOINT,,2409.9
12,09:12:45,103,INT-503,38,ARRIVAL,,1130.16
12,09:19:57,106,INT-506,0,DEPARTURE,,
12,09:42:40,105,INT-505,20.075,CHECKPOINT,,2393.28
12,09:52:55,104,INT-504,38,ARRIVAL,,2409.9
12,10:22:50,106,INT-506,20.075,CHECKPOINT,,2409.9
12,10:32:49,105,INT-505,38,ARRIVAL,,2393.28
12,11:12:58,106,INT-506,38,ARRIVAL,,2409.9
13,05:59:58,101,INT-501,0,DEPARTURE,,
13,06:39:51,102,INT-502,0,DEPARTURE,,
13,07:02:51,101,INT-501,20.075,CHECKPOINT,,
13,07:19:44,103,INT-503,0,DEPARTURE,,
13,07:22:31,102,INT-502,12.409,BREAKDOWN,0,
13,07:46:03,101,INT-501,35.823,BREAKDOWN,0,
13,07:59:54,104,INT-504,0,DEPARTURE,,
13,08:01:01,102,INT-502,12.409,REPAIRED,0,
13,08:21:14,102,INT-502,20.075,CHECKPOINT,,4703.46
13,08:22:37,103,INT-503,20.075,CHECKPOINT,,83.1
13,08:39:48,105,INT-505,0,DEPARTURE,,
13,09:02:47,104,INT-504,20.075,CHECKPOINT,,2409.9
13,09:11:22,102,INT-502,38,ARRIVAL,,
13,09:12:45,103,INT-503,38,ARRIVAL,,83.1
13,09:19:57,106,INT-506,0,DEPARTURE,,
13,09:26:36,101,INT-501,35.823,REPAIRED,0,
13,09:33:32,101,INT-501,38,ARRIVAL,,1246.5
13,09:42:40,105,INT-505,20.075,CHECKPOINT,,2393.28
13,09:52:55,104,INT-504,38,ARRIVAL,,1163.4
13,09:56:31,105,INT-505,25.702,BREAKDOWN,0,
13,10:22:50,106,INT-506,20.075,CHECKPOINT,,2409.9
13,10:44:27,106,INT-506,29.189,BREAKDOWN,0,
13,11:10:12,105,INT-505,25.702,REPAIRED,0,
13,11:46:29,105,INT-505,38,ARRIVAL,,6814.2
13,12:05:03,106,INT-506,29.189,REPAIRED,0,
13,12:08:39,106,INT-506,31.086,BREAKDOWN,0,
13,13:33:41,106,INT-506,31.086,REPAIRED,0,
13,13:58:37,106,INT-506,38,ARRIVAL,,7927.74
14,05:59:58,101,INT-501,0,DEPARTURE,,
14,06:39:51,102,INT-502,0,DEPARTURE,,
14,07:02:51,101,INT-501,20.075,CHECKPOINT,,
14,07:03:24,101,INT-501,20.3,BREAKDOWN,0,
14,07:19:44,103,INT-503,0,DEPARTURE,,
14,07:42:44,102,INT-502,20.075,CHECKPOINT,,2393.28
14,07:59:54,104,INT-504,0,DEPARTURE,,
14,08:03:30,101,INT-501,20.3,REPAIRED,0,
14,08:22:37,103,INT-503,20.075,CHECKPOINT,,2393.28
14,08:32:52,102,INT-502,38,ARRIVAL,,
14,08:39:31,101,INT-501,33.928,BREAKDOWN,0,
14,08:39:48,105,INT-505,0,DEPARTURE,,
14,09:02:47,104,INT-504,20.075,CHECKPOINT,,2409.9
14,09:12:45,103,INT-503,38,ARRIVAL,,2393.28
14,09:19:57,106,INT-506,0,DEPARTURE,,
14,09:42:40,105,INT-505,20.075,CHECKPOINT,,2393.28
14,09:52:55,104,INT-504,38,ARRIVAL,,2409.9
14,10:13:25,101,INT-501,33.928,REPAIRED,0,
14,10:22:50,106,INT-506,20.075,CHECKPOINT,,2409.9
14,10:27:00,101,INT-501,38,ARRIVAL,,2044.26
14,10:32:49,105,INT-505,38,ARRIVAL,,349.02
14,11:08:49,106,INT-506,36.885,BREAKDOWN,0,
14,12:54:38,106,INT-506,36.885,REPAIRED,0,
14,12:58:47,106,INT-506,38,ARRIVAL,,8758.74
15,05:59:58,101,INT-501,0,DEPARTURE,,
15,06:39:51,102,INT-502,0,DEPARTURE,,
15,06:45:40,101,INT-501,13.519,BREAKDOWN,0,
15,07:19:44,103,INT-503,0,DEPARTURE,,
15,07:27:46,101,INT-501,13.519,REPAIRED,0,
15,07:42:44,102,INT-502,20.075,CHECKPOINT,,
15,07:44:57,101,INT-501,20.075,CHECKPOINT,,132.96
15,07:59:54,104,INT-504,0,DEPARTURE,,
15,08:15:42,103,INT-503,17.702,BREAKDOWN,0,
15,08:32:52,102,INT-502,38,ARRIVAL,,
15,08:35:05,101,INT-501,38,ARRIVAL,,132.96
15,08:39:48,105,INT-505,0,DEPARTURE,,
15,09:02:47,104,INT-504,20.075,CHECKPOINT,,4670.22
15,09:08:03,103,INT-503,17.702,REPAIRED,0,
15,09:14:58,103,INT-503,20.075,CHECKPOINT,,731.28
15,09:19:57,106,INT-506,0,DEPARTURE,,
15,09:42:40,105,INT-505,20.075,CHECKPOINT,,1662
15,09:52:55,104,INT-504,38,ARRIVAL,,4670.22
15,10:05:07,103,INT-503,38,ARRIVAL,,731.28
15,10:22:50,106,INT-506,20.075,CHECKPOINT,,2409.9
15,10:32:49,105,INT-505,38,ARRIVAL,,1662
15,10:42:47,106,INT-506,27.874,BREAKDOWN,0,
15,12:00:54,106,INT-506,27.874,REPAIRED,0,
15,12:31:05,106,INT-506,38,ARRIVAL,,7096.74
16,05:59:58,101,INT-501,0,DEPARTURE,,
16,06:39:51,102,INT-502,0,DEPARTURE,,
16,07:02:51,101,INT-501,20.075,CHECKPOINT,,
16,07:19:44,103,INT-503,0,DEPARTURE,,
16,07:42:44,102,INT-502,20.075,CHECKPOINT,,2393.28
16,07:47:43,101,INT-501,36.523,BREAKDOWN,0,
16,07:59:54,104,INT-504,0,DEPARTURE,,
16,08:22:37,103,INT-503,20.075,CHECKPOINT,,2393.28
16,08:32:52,102,INT-502,38,ARRIVAL,,
16,08:39:48,105,INT-505,0,DEPARTURE,,
16,09:02:47,104,INT-504,20.075,CHECKPOINT,,2409.9
16,09:12:45,103,INT-503,38,ARRIVAL,,2393.28
16,09:19:57,106,INT-506,0,DEPARTURE,,
16,09:27:43,105,INT-505,14.545,BREAKDOWN,0,
16,09:32:42,101,INT-501,36.523,REPAIRED,0,
16,09:37:58,101,INT-501,38,ARRIVAL,,1512.42
16,09:52:55,104,INT-504,38,ARRIVAL,,897.48
16,10:12:52,105,INT-505,14.545,REPAIRED,0,
16,10:22:50,106,INT-506,20.075,CHECKPOINT,,4803.18
16,10:27:49,105,INT-505,20.075,CHECKPOINT,,299.16
16,10:44:10,106,INT-506,28.934,BREAKDOWN,0,
16,10:56:05,105,INT-505,31.875,BREAKDOWN,0,
16,12:04:30,106,INT-506,28.934,REPAIRED,0,
16,12:21:07,105,INT-505,31.875,REPAIRED,0,
16,12:33:18,106,INT-506,38,ARRIVAL,,9622.98
16,12:43:00,105,INT-505,38,ARRIVAL,,581.7
17,05:59:58,101,INT-501,0,DEPARTURE,,
17,06:39:51,102,INT-502,0,DEPARTURE,,
17,06:41:47,102,INT-502,1.022,BREAKDOWN,0,
17,06:41:47,102,INT-502,1.022,REPAIRED,0,
17,07:02:51,101,INT-501,20.075,CHECKPOINT,,
17,07:19:44,103,INT-503,0,DEPARTURE,,
17,07:42:44,102,INT-502,20.075,CHECKPOINT,,2393.28
17,07:52:59,101,INT-501,38,ARRIVAL,,
17,07:59:54,104,INT-504,0,DEPARTURE,,
17,08:22:37,103,INT-503,20.075,CHECKPOINT,,2393.28
17,08:23:27,103,INT-503,20.36,BREAKDOWN,0,
17,08:32:52,102,INT-502,38,ARRIVAL,,2393.28
17,08:39:48,105,INT-505,0,DEPARTURE,,
17,09:02:47,104,INT-504,20.075,CHECKPOINT,,2409.9
17,09:19:57,106,INT-506,0,DEPARTURE,,
17,09:23:34,103,INT-503,20.36,REPAIRED,0,
17,09:33:32,106,INT-506,4.752,BREAKDOWN,0,
17,09:41:01,106,INT-506,4.752,REPAIRED,0,
17,09:42:40,105,INT-505,20.075,CHECKPOINT,,2393.28
17,09:52:55,104,INT-504,38,ARRIVAL,,4803.18
17,10:04:00,106,INT-506,10.632,BREAKDOWN,0,
17,10:12:52,103,INT-503,38,ARRIVAL,,1196.64
17,10:32:49,105,INT-505,38,ARRIVAL,,1196.64
17,10:36:25,106,INT-506,10.632,REPAIRED,0,
17,11:02:43,106,INT-506,20.075,CHECKPOINT,,4803.18
17,11:52:52,106,INT-506,38,ARRIVAL,,4803.18
18,05:59:58,101,INT-501,0,DEPARTURE,,
18,06:39:51,102,INT-502,0,DEPARTURE,,
18,07:02:51,101,INT-501,20.075,CHECKPOINT,,
18,07:19:44,103,INT-503,0,DEPARTURE,,
18,07:42:44,102,INT-502,20.075,CHECKPOINT,,2393.28
18,07:52:59,101,INT-501,38,ARRIVAL,,
18,07:59:54,104,INT-504,0,DEPARTURE,,
18,08:11:16,104,INT-504,4.342,BREAKDOWN,0,
18,08:18:11,104,INT-504,4.342,REPAIRED,0,
18,08:22:37,103,INT-503,20.075,CHECKPOINT,,2393.28
18,08:32:52,102,INT-502,38,ARRIVAL,,2393.28
18,08:39:48,105,INT-505,0,DEPARTURE,,
18,09:08:19,104,INT-504,19.613,BREAKDOWN,0,
18,09:12:45,103,INT-503,38,ARRIVAL,,2393.28
18,09:19:57,106,INT-506,0,DEPARTURE,,
18,09:30:12,106,INT-506,4.127,BREAKDOWN,0,
18,09:36:35,106,INT-506,4.127,REPAIRED,0,
18,09:42:40,105,INT-505,20.075,CHECKPOINT,,4803.18
18,10:05:40,104,INT-504,19.613,REPAIRED,0,
18,10:07:03,104,INT-504,20.075,CHECKPOINT,,1462.56
18,10:29:12,106,INT-506,20.075,CHECKPOINT,,1329.6
18,10:32:49,105,INT-505,38,ARRIVAL,,4803.18
18,10:36:41,104,INT-504,32.046,BREAKDOWN,0,
18,11:19:21,106,INT-506,38,ARRIVAL,,2792.16
18,12:01:44,104,INT-504,32.046,REPAIRED,0,
18,12:22:13,104,INT-504,38,ARRIVAL,,3772.74
19,05:59:58,101,INT-501,0,DEPARTURE,,
19,06:39:51,102,INT-502,0,DEPARTURE,,
19,07:02:51,101,INT-501,20.075,CHECKPOINT,,
19,07:19:44,103,INT-503,0,DEPARTURE,,
19,07:42:44,102,INT-502,20.075,CHECKPOINT,,2393.28
19,07:52:59,101,INT-501,38,ARRIVAL,,
19,07:59:54,104,INT-504,0,DEPARTURE,,
19,08:22:37,103,INT-503,20.075,CHECKPOINT,,2393.28
19,08:32:52,102,INT-502,38,ARRIVAL,,2393.28
19,08:39:48,105,INT-505,0,DEPARTURE,,
19,09:02:47,104,INT-504,20.075,CHECKPOINT,,2409.9
19,09:12:45,103,INT-503,38,ARRIVAL,,2393.28
19,09:19:57,106,INT-506,0,DEPARTURE,,
19,09:29:06,105,INT-505,15.17,BREAKDOWN,0,
19,09:52:55,104,INT-504,38,ARRIVAL,,2409.9
19,10:15:38,105,INT-505,15.17,REPAIRED,0,
19,10:22:50,106,INT-506,20.075,CHECKPOINT,,4803.18
19,10:29:12,105,INT-505,20.075,CHECKPOINT,,382.26
19,11:12:58,106,INT-506,38,ARRIVAL,,4803.18
19,11:19:21,105,INT-505,38,ARRIVAL,,382.26
20,05:59:58,101,INT-501,0,DEPARTURE,,
20,06:39:51,102,INT-502,0,DEPARTURE,,
20,06:43:44,102,INT-502,1.6,BREAKDOWN,0,
20,06:43:44,102,INT-502,1.6,REPAIRED,0,
20,07:02:51,101,INT-501,20.075,CHECKPOINT,,
20,07:03:57,102,INT-502,7.388,BREAKDOWN,0,
20,07:19:44,103,INT-503,0,DEPARTURE,,
20,07:23:20,102,INT-502,7.388,REPAIRED,0,
20,07:52:59,101,INT-501,38,ARRIVAL,,
20,07:59:54,104,INT-504,0,DEPARTURE,,
20,08:02:07,102,INT-502,20.075,CHECKPOINT,,3556.68
20,08:22:37,103,INT-503,20.075,CHECKPOINT,,1229.88
20,08:39:48,105,INT-505,0,DEPARTURE,,
20,08:52:15,102,INT-502,38,ARRIVAL,,3556.68
20,09:02:47,104,INT-504,20.075,CHECKPOINT,,2409.9
20,09:02:47,103,INT-503,34.797,BREAKDOWN,0,
20,09:19:57,106,INT-506,0,DEPARTURE,,
20,09:21:54,106,INT-506,1.022,BREAKDOWN,0,
20,09:21:54,106,INT-506,1.022,REPAIRED,0,
20,09:42:40,105,INT-505,20.075,CHECKPOINT,,2393.28
20,09:52:55,104,INT-504,38,ARRIVAL,,3639.78
20,10:04:50,106,INT-506,13.139,BREAKDOWN,0,
20,10:32:49,105,INT-505,38,ARRIVAL,,2393.28
20,10:40:51,103,INT-503,34.797,REPAIRED,0,
20,10:45:50,106,INT-506,13.139,REPAIRED,0,
20,10:50:49,103,INT-503,38,ARRIVAL,,1080.3
20,11:03:50,106,INT-506,20.075,CHECKPOINT,,4869.66
20,11:53:58,106,INT-506,38,ARRIVAL,,3789.36
21,05:59:58,101,INT-501,0,DEPARTURE,,
21,06:39:51,102,INT-502,0,DEPARTURE,,
21,07:02:51,101,INT-501,20.075,CHECKPOINT,,
21,07:19:44,103,INT-503,0,DEPARTURE,,
21,07:21:41,101,INT-501,27.82,BREAKDOWN,0,
21,07:42:44,102,INT-502,20.075,CHECKPOINT,,2393.28
21,07:59:54,104,INT-504,0,DEPARTURE,,
21,08:22:37,103,INT-503,20.075,CHECKPOINT,,2393.28
21,08:32:52,102,INT-502,38,ARRIVAL,,
21,08:39:48,105,INT-505,0,DEPARTURE,,
21,08:39:48,101,INT-501,27.82,REPAIRED,0,
21,08:50:52,105,INT-505,4.306,BREAKDOWN,0,
21,08:57:48,105,INT-505,4.306,REPAIRED,0,
21,09:02:47,104,INT-504,20.075,CHECKPOINT,,2409.9
21,09:11:06,101,INT-501,38,ARRIVAL,,2293.56
21,09:12:45,103,INT-503,38,ARRIVAL,,99.72
21,09:19:57,106,INT-506,0,DEPARTURE,,
21,09:49:36,105,INT-505,20.075,CHECKPOINT,,2808.78
21,09:52:55,104,INT-504,38,ARRIVAL,,2409.9
21,10:22:50,106,INT-506,20.075,CHECKPOINT,,1994.4
21,10:25:36,106,INT-506,21.138,BREAKDOWN,0,
21,10:39:44,105,INT-505,38,ARRIVAL,,2808.78
21,11:27:39,106,INT-506,21.138,REPAIRED,0,
21,12:15:01,106,INT-506,38,ARRIVAL,,5717.28
22,05:59:58,101,INT-501,0,DEPARTURE,,
22,06:39:51,102,INT-502,0,DEPARTURE,,
22,07:02:51,101,INT-501,20.075,CHECKPOINT,,
22,07:19:44,103,INT-503,0,DEPARTURE,,
22,07:42:44,102,INT-502,20.075,CHECKPOINT,,2393.28
22,07:52:59,101,INT-501,38,ARRIVAL,,
22,07:59:54,104,INT-504,0,DEPARTURE,,
22,08:22:37,103,INT-503,20.075,CHECKPOINT,,2393.28
22,08:32:52,102,INT-502,38,ARRIVAL,,2393.28
22,08:39:48,105,INT-505,0,DEPARTURE,,
22,09:02:47,104,INT-504,20.075,CHECKPOINT,,2409.9
22,09:12:45,103,INT-503,38,ARRIVAL,,2393.28
22,09:19:57,106,INT-506,0,DEPARTURE,,
22,09:27:10,105,INT-505,14.296,BREAKDOWN,0,
22,09:43:14,106,INT-506,7.093,BREAKDOWN,0,
22,09:52:55,104,INT-504,38,ARRIVAL,,2409.9
22,10:01:30,106,INT-506,7.093,REPAIRED,0,
22,10:11:45,105,INT-505,14.296,REPAIRED,0,
22,10:27:16,105,INT-505,20.075,CHECKPOINT,,5069.1
22,10:41:07,106,INT-506,20.075,CHECKPOINT,,831
22,11:17:24,105,INT-505,38,ARRIVAL,,5069.1
22,11:31:15,106,INT-506,38,ARRIVAL,,831
23,05:59:58,101,INT-501,0,DEPARTURE,,
23,06:39:51,102,INT-502,0,DEPARTURE,,
23,07:02:51,101,INT-501,20.075,CHECKPOINT,,
23,07:19:44,103,INT-503,0,DEPARTURE,,
23,07:28:03,103,INT-503,3.377,BREAKDOWN,0,
23,07:32:46,103,INT-503,3.377,REPAIRED,0,
23,07:42:44,102,INT-502,20.075,CHECKPOINT,,2393.28
23,07:52:59,101,INT-501,38,ARRIVAL,,
23,07:59:54,104,INT-504,0,DEPARTURE,,
23,08:27:20,103,INT-503,20.075,CHECKPOINT,,2675.82
23,08:32:52,102,INT-502,38,ARRIVAL,,2393.28
23,08:39:48,105,INT-505,0,DEPARTURE,,
23,08:48:06,103,INT-503,28.271,BREAKDOWN,0,
23,09:02:47,104,INT-504,20.075,CHECKPOINT,,2127.36
23,09:19:57,106,INT-506,0,DEPARTURE,,
23,09:42:40,105,INT-505,20.075,CHECKPOINT,,2393.28
23,09:52:55,104,INT-504,38,ARRIVAL,,4803.18
23,10:07:03,103,INT-503,28.271,REPAIRED,0,
23,10:22:50,106,INT-506,20.075,CHECKPOINT,,2409.9
23,10:32:49,105,INT-505,38,ARRIVAL,,2393.28
23,10:36:25,103,INT-503,38,ARRIVAL,,216.06
23,11:12:58,106,INT-506,38,ARRIVAL,,2193.84
24,05:59:58,101,INT-501,0,DEPARTURE,,
24,06:39:51,102,INT-502,0,DEPARTURE,,
24,06:52:52,101,INT-501,16.688,BREAKDOWN,0,
24,07:19:44,103,INT-503,0,DEPARTURE,,
24,07:30:16,103,INT-503,4.204,BREAKDOWN,0,
24,07:36:55,103,INT-503,4.204,REPAIRED,0,
24,07:42:44,102,INT-502,20.075,CHECKPOINT,,
24,07:42:44,101,INT-501,16.688,REPAIRED,0,
24,07:52:42,101,INT-501,20.075,CHECKPOINT,,598.32
24,07:59:54,104,INT-504,0,DEPARTURE,,
24,08:08:46,104,INT-504,3.652,BREAKDOWN,0,
24,08:14:02,104,INT-504,3.652,REPAIRED,0,
24,08:20:41,101,INT-501,31.852,BREAKDOWN,0,
24,08:22:37,104,INT-504,5.645,BREAKDOWN,0,
24,08:29:16,103,INT-503,20.075,CHECKPOINT,,2193.84
24,08:32:52,102,INT-502,38,ARRIVAL,,
24,08:32:52,104,INT-504,5.645,REPAIRED,0,
24,08:38:58,104,INT-504,7.168,BREAKDOWN,0,
24,08:39:48,105,INT-505,0,DEPARTURE,,
24,08:57:31,104,INT-504,7.168,REPAIRED,0,
24,09:15:48,103,INT-503,37.105,BREAKDOWN,0,
24,09:19:57,106,INT-506,0,DEPARTURE,,
24,09:21:21,106,INT-506,0.757,BREAKDOWN,0,
24,09:21:21,106,INT-506,0.757,REPAIRED,0,
24,09:36:51,104,INT-504,20.075,CHECKPOINT,,4055.28
24,09:42:40,105,INT-505,20.075,CHECKPOINT,,349.02
24,09:45:43,101,INT-501,31.852,REPAIRED,0,
24,10:07:53,101,INT-501,38,ARRIVAL,,5700.66
24,10:17:34,104,INT-504,34.909,BREAKDOWN,0,
24,10:22:50,106,INT-506,20.075,CHECKPOINT,,2409.9
24,10:32:49,105,INT-505,38,ARRIVAL,,1495.8
24,11:01:54,103,INT-503,37.105,REPAIRED,0,
24,11:05:30,103,INT-503,38,ARRIVAL,,1961.16
24,11:12:58,106,INT-506,38,ARRIVAL,,448.74
24,11:55:21,104,INT-504,34.909,REPAIRED,0,
24,12:04:46,104,INT-504,38,ARRIVAL,,3107.94
25,05:59:58,101,INT-501,0,DEPARTURE,,
25,06:39:51,102,INT-502,0,DEPARTURE,,
25,06:51:46,101,INT-501,16.253,BREAKDOWN,0,
25,07:19:44,103,INT-503,0,DEPARTURE,,
25,07:40:48,101,INT-501,16.253,REPAIRED,0,
25,07:42:44,102,INT-502,20.075,CHECKPOINT,,
25,07:49:56,103,INT-503,8.674,BREAKDOWN,0,
25,07:50:46,101,INT-501,19.756,BREAKDOWN,0,
25,07:59:54,104,INT-504,0,DEPARTURE,,
25,08:14:19,103,INT-503,8.674,REPAIRED,0,
25,08:21:47,103,INT-503,10.865,BREAKDOWN,0,
25,08:32:52,102,INT-502,38,ARRIVAL,,
25,08:39:48,105,INT-505,0,DEPARTURE,,
25,08:48:39,101,INT-501,19.756,REPAIRED,0,
25,08:49:46,101,INT-501,20.075,CHECKPOINT,,4022.04
25,08:54:45,103,INT-503,10.865,REPAIRED,0,
25,09:02:47,104,INT-504,20.075,CHECKPOINT,,781.14
25,09:04:43,103,INT-503,14.423,BREAKDOWN,0,
25,09:19:57,106,INT-506,0,DEPARTURE,,
25,09:22:44,101,INT-501,33.019,BREAKDOWN,0,
25,09:42:40,105,INT-505,20.075,CHECKPOINT,,2393.28
25,09:49:36,103,INT-503,14.423,REPAIRED,0,
25,09:52:55,104,INT-504,38,ARRIVAL,,4803.18
25,10:04:50,103,INT-503,20.075,CHECKPOINT,,1329.6
25,10:22:50,106,INT-506,20.075,CHECKPOINT,,1080.3
25,10:32:49,105,INT-505,38,ARRIVAL,,2393.28
25,10:52:45,101,INT-501,33.019,REPAIRED,0,
25,10:54:58,103,INT-503,38,ARRIVAL,,1329.6
25,11:09:56,101,INT-501,38,ARRIVAL,,897.48
25,11:12:58,106,INT-506,38,ARRIVAL,,182.82
26,05:59:58,101,INT-501,0,DEPARTURE,,
26,06:39:51,102,INT-502,0,DEPARTURE,,
26,07:02:51,101,INT-501,20.075,CHECKPOINT,,
26,07:19:44,103,INT-503,0,DEPARTURE,,
26,07:23:54,102,INT-502,12.768,BREAKDOWN,0,
26,07:52:59,101,INT-501,38,ARRIVAL,,
26,07:59:54,104,INT-504,0,DEPARTURE,,
26,08:03:14,102,INT-502,12.768,REPAIRED,0,
26,08:22:04,102,INT-502,20.075,CHECKPOINT,,4753.32
26,08:22:37,103,INT-503,20.075,CHECKPOINT,,33.24
26,08:37:35,102,INT-502,26.468,BREAKDOWN,0,
26,08:39:48,105,INT-505,0,DEPARTURE,,
26,09:02:47,104,INT-504,20.075,CHECKPOINT,,2409.9
26,09:12:45,103,INT-503,38,ARRIVAL,,4786.56
26,09:19:57,106,INT-506,0,DEPARTURE,,
26,09:42:40,105,INT-505,20.075,CHECKPOINT,,2393.28
26,09:52:55,104,INT-504,38,ARRIVAL,,2409.9
26,09:53:12,102,INT-502,26.468,REPAIRED,0,
26,10:22:50,106,INT-506,20.075,CHECKPOINT,,2409.9
26,10:27:49,102,INT-502,38,ARRIVAL,,2094.12
26,10:32:49,105,INT-505,38,ARRIVAL,,299.16
26,11:12:58,106,INT-506,38,ARRIVAL,,2409.9
27,05:59:58,101,INT-501,0,DEPARTURE,,
27,06:39:51,102,INT-502,0,DEPARTURE,,
27,07:02:51,101,INT-501,20.075,CHECKPOINT,,
27,07:19:44,103,INT-503,0,DEPARTURE,,
27,07:42:44,102,INT-502,20.075,CHECKPOINT,,2393.28
27,07:52:59,101,INT-501,38,ARRIVAL,,
27,07:59:54,104,INT-504,0,DEPARTURE,,
27,08:15:58,103,INT-503,17.765,BREAKDOWN,0,
27,08:32:52,102,INT-502,38,ARRIVAL,,2393.28
27,08:34:32,104,INT-504,9.977,BREAKDOWN,0,
27,08:39:48,105,INT-505,0,DEPARTURE,,
27,09:03:54,104,INT-504,9.977,REPAIRED,0,
27,09:08:36,103,INT-503,17.765,REPAIRED,0,
27,09:15:15,103,INT-503,20.075,CHECKPOINT,,5551.08
27,09:19:57,106,INT-506,0,DEPARTURE,,
27,09:22:44,104,INT-504,16.936,BREAKDOWN,0,
27,09:42:40,105,INT-505,20.075,CHECKPOINT,,1645.38
27,10:05:23,103,INT-503,38,ARRIVAL,,5551.08
27,10:13:09,104,INT-504,16.936,REPAIRED,0,
27,10:22:34,104,INT-504,20.075,CHECKPOINT,,2393.28
27,10:22:50,106,INT-506,20.075,CHECKPOINT,,16.62
27,10:32:49,105,INT-505,38,ARRIVAL,,1645.38
27,11:12:42,104,INT-504,38,ARRIVAL,,2393.28
27,11:12:58,106,INT-506,38,ARRIVAL,,16.62
28,05:59:58,101,INT-501,0,DEPARTURE,,
28,06:39:51,102,INT-502,0,DEPARTURE,,
28,06:49:00,101,INT-501,15.05,BREAKDOWN,0,
28,07:19:44,103,INT-503,0,DEPARTURE,,
28,07:35:15,101,INT-501,15.05,REPAIRED,0,
28,07:41:37,102,INT-502,19.756,BREAKDOWN,0,
28,07:49:06,101,INT-501,20.075,CHECKPOINT,,
28,07:59:54,104,INT-504,0,DEPARTURE,,
28,08:22:37,103,INT-503,20.075,CHECKPOINT,,2011.02
28,08:34:15,101,INT-501,36.661,BREAKDOWN,0,
28,08:39:31,102,INT-502,19.756,REPAIRED,0,
28,08:39:48,105,INT-505,0,DEPARTURE,,
28,08:40:37,102,INT-502,20.075,CHECKPOINT,,1080.3
28,08:46:26,103,INT-503,30.809,BREAKDOWN,0,
28,09:02:47,104,INT-504,20.075,CHECKPOINT,,1329.6
28,09:19:57,106,INT-506,0,DEPARTURE,,
28,09:30:46,102,INT-502,38,ARRIVAL,,
28,09:42:40,105,INT-505,20.075,CHECKPOINT,,2393.28
28,09:52:55,104,INT-504,38,ARRIVAL,,1329.6
28,10:11:29,103,INT-503,30.809,REPAIRED,0,
28,10:12:52,103,INT-503,31.086,BREAKDOWN,0,
28,10:19:31,101,INT-501,36.661,REPAIRED,0,
28,10:22:50,106,INT-506,20.075,CHECKPOINT,,2409.9
28,10:24:30,101,INT-501,38,ARRIVAL,,1894.68
28,10:32:49,105,INT-505,38,ARRIVAL,,498.6
28,11:12:58,106,INT-506,38,ARRIVAL,,2409.9
28,11:37:54,103,INT-503,31.086,REPAIRED,0,
28,12:02:50,103,INT-503,38,ARRIVAL,,2991.6
29,05:59:58,101,INT-501,0,DEPARTURE,,
29,06:39:51,102,INT-502,0,DEPARTURE,,
29,06:54:49,102,INT-502,5.091,BREAKDOWN,0,
29,07:02:51,101,INT-501,20.075,CHECKPOINT,,
29,07:03:07,102,INT-502,5.091,REPAIRED,0,
29,07:19:44,103,INT-503,0,DEPARTURE,,
29,07:38:18,103,INT-503,5.865,BREAKDOWN,0,
29,07:50:29,103,INT-503,5.865,REPAIRED,0,
29,07:51:02,102,INT-502,20.075,CHECKPOINT,,2891.88
29,07:52:59,101,INT-501,38,ARRIVAL,,
29,07:59:54,104,INT-504,0,DEPARTURE,,
29,08:34:48,103,INT-503,20.075,CHECKPOINT,,2625.96
29,08:39:48,105,INT-505,0,DEPARTURE,,
29,08:41:11,102,INT-502,38,ARRIVAL,,2891.88
29,09:02:47,104,INT-504,20.075,CHECKPOINT,,1678.62
29,09:19:57,106,INT-506,0,DEPARTURE,,
29,09:23:50,103,INT-503,37.813,BREAKDOWN,0,
29,09:42:40,105,INT-505,20.075,CHECKPOINT,,2393.28
29,09:52:55,104,INT-504,38,ARRIVAL,,4304.58
29,10:09:16,105,INT-505,31.445,BREAKDOWN,0,
29,10:22:50,106,INT-506,20.075,CHECKPOINT,,2409.9
29,11:11:35,103,INT-503,37.813,REPAIRED,0,
29,11:12:42,103,INT-503,38,ARRIVAL,,4786.56
29,11:12:58,106,INT-506,38,ARRIVAL,,16.62
29,11:34:18,105,INT-505,31.445,REPAIRED,0,
29,11:57:51,105,INT-505,38,ARRIVAL,,2692.44
30,05:59:58,101,INT-501,0,DEPARTURE,,
30,06:39:51,102,INT-502,0,DEPARTURE,,
30,07:02:51,101,INT-501,20.075,CHECKPOINT,,
30,07:19:44,103,INT-503,0,DEPARTURE,,
30,07:42:44,102,INT-502,20.075,CHECKPOINT,,2393.28
30,07:52:59,101,INT-501,38,ARRIVAL,,
30,07:59:54,104,INT-504,0,DEPARTURE,,
30,08:22:37,103,INT-503,20.075,CHECKPOINT,,2393.28
30,08:32:52,102,INT-502,38,ARRIVAL,,2393.28
30,08:39:48,105,INT-505,0,DEPARTURE,,
30,08:44:47,104,INT-504,13.139,BREAKDOWN,0,
30,09:10:32,103,INT-503,37.621,BREAKDOWN,0,
30,09:19:57,106,INT-506,0,DEPARTURE,,
30,09:25:46,104,INT-504,13.139,REPAIRED,0,
30,09:42:40,105,INT-505,20.075,CHECKPOINT,,4803.18
30,09:43:47,104,INT-504,20.075,CHECKPOINT,,66.48
30,10:22:50,106,INT-506,20.075,CHECKPOINT,,2343.42
30,10:32:15,105,INT-505,37.906,BREAKDOWN,0,
30,10:33:55,104,INT-504,38,ARRIVAL,,7262.94
30,10:57:44,103,INT-503,37.621,REPAIRED,0,
30,10:59:57,103,INT-503,38,ARRIVAL,,1562.28
30,11:12:58,106,INT-506,38,ARRIVAL,,781.14
30,12:20:17,105,INT-505,37.906,REPAIRED,0,
30,12:20:50,105,INT-505,38,ARRIVAL,,4071.9
31,05:59:58,101,INT-501,0,DEPARTURE,,
31,06:39:51,102,INT-502,0,DEPARTURE,,
31,07:02:51,101,INT-501,20.075,CHECKPOINT,,
31,07:19:44,103,INT-503,0,DEPARTURE,,
31,07:42:44,102,INT-502,20.075,CHECKPOINT,,2393.28
31,07:52:59,101,INT-501,38,ARRIVAL,,
31,07:59:54,104,INT-504,0,DEPARTURE,,
31,08:19:34,102,INT-502,33.945,BREAKDOWN,0,
31,08:22:37,103,INT-503,20.075,CHECKPOINT,,2393.28
31,08:38:41,103,INT-503,26.759,BREAKDOWN,0,
31,08:39:48,105,INT-505,0,DEPARTURE,,
31,09:02:47,104,INT-504,20.075,CHECKPOINT,,2409.9
31,09:19:57,106,INT-506,0,DEPARTURE,,
31,09:42:40,105,INT-505,20.075,CHECKPOINT,,2393.28
31,09:52:55,104,INT-504,38,ARRIVAL,,7196.46
31,09:53:28,102,INT-502,33.945,REPAIRED,0,
31,09:54:52,103,INT-503,26.759,REPAIRED,0,
31,09:59:01,105,INT-505,26.906,BREAKDOWN,0,
31,10:06:46,102,INT-502,38,ARRIVAL,,831
31,10:22:50,106,INT-506,20.075,CHECKPOINT,,2409.9
31,10:28:56,103,INT-503,38,ARRIVAL,,1329.6
31,11:12:58,106,INT-506,38,ARRIVAL,,2642.58
31,11:15:28,105,INT-505,26.906,REPAIRED,0,
31,11:49:16,105,INT-505,38,ARRIVAL,,2177.22
32,05:59:58,101,INT-501,0,DEPARTURE,,
32,06:39:51,102,INT-502,0,DEPARTURE,,
32,07:02:51,101,INT-501,20.075,CHECKPOINT,,
32,07:19:44,103,INT-503,0,DEPARTURE,,
32,07:42:44,102,INT-502,20.075,CHECKPOINT,,2393.28
32,07:52:59,101,INT-501,38,ARRIVAL,,
32,07:59:54,104,INT-504,0,DEPARTURE,,
32,08:22:37,103,INT-503,20.075,CHECKPOINT,,2393.28
32,08:32:52,102,INT-502,38,ARRIVAL,,2393.28
32,08:39:48,105,INT-505,0,DEPARTURE,,
32,08:54:12,104,INT-504,17.226,BREAKDOWN,0,
32,09:12:45,103,INT-503,38,ARRIVAL,,2393.28
32,09:16:21,105,INT-505,10.632,BREAKDOWN,0,
32,09:19:57,106,INT-506,0,DEPARTURE,,
32,09:45:10,104,INT-504,17.226,REPAIRED,0,
32,09:48:29,104,INT-504,18.251,BREAKDOWN,0,
32,09:48:46,105,INT-505,10.632,REPAIRED,0,
32,10:15:05,105,INT-505,20.075,CHECKPOINT,,6747.72
32,10:20:37,105,INT-505,22.458,BREAKDOWN,0,
32,10:22:50,106,INT-506,20.075,CHECKPOINT,,465.36
32,10:42:14,104,INT-504,18.251,REPAIRED,0,
32,10:47:29,104,INT-504,20.075,CHECKPOINT,,1479.18
32,11:12:58,106,INT-506,38,ARRIVAL,,7213.08
32,11:26:16,105,INT-505,22.458,REPAIRED,0,
32,11:37:38,104,INT-504,38,ARRIVAL,,1479.18
32,12:10:52,105,INT-505,38,ARRIVAL,,1994.4
33,05:59:58,101,INT-501,0,DEPARTURE,,
33,06:27:23,101,INT-501,8.101,BREAKDOWN,0,
33,06:39:51,102,INT-502,0,DEPARTURE,,
33,06:45:24,102,INT-502,2.564,BREAKDOWN,0,
33,06:47:53,102,INT-502,2.564,REPAIRED,0,
33,06:49:16,101,INT-501,8.101,REPAIRED,0,
33,07:19:44,103,INT-503,0,DEPARTURE,,
33,07:24:44,101,INT-501,20.075,CHECKPOINT,,
33,07:45:13,102,INT-502,20.075,CHECKPOINT,,1229.88
33,07:59:54,104,INT-504,0,DEPARTURE,,
33,08:14:52,101,INT-501,38,ARRIVAL,,
33,08:22:37,103,INT-503,20.075,CHECKPOINT,,2243.7
33,08:30:22,102,INT-502,36.661,BREAKDOWN,0,
33,08:39:48,105,INT-505,0,DEPARTURE,,
33,09:02:47,104,INT-504,20.075,CHECKPOINT,,2409.9
33,09:12:45,103,INT-503,38,ARRIVAL,,3473.58
33,09:19:57,106,INT-506,0,DEPARTURE,,
33,09:42:40,105,INT-505,20.075,CHECKPOINT,,2393.28
33,09:52:55,104,INT-504,38,ARRIVAL,,2409.9
33,10:15:38,102,INT-502,36.661,REPAIRED,0,
33,10:20:37,102,INT-502,38,ARRIVAL,,1662
33,10:22:50,106,INT-506,20.075,CHECKPOINT,,2409.9
33,10:32:49,105,INT-505,38,ARRIVAL,,731.28
33,11:12:58,106,INT-506,38,ARRIVAL,,2409.9
34,05:59:58,101,INT-501,0,DEPARTURE,,
34,06:39:51,102,INT-502,0,DEPARTURE,,
34,07:02:51,101,INT-501,20.075,CHECKPOINT,,
34,07:19:44,103,INT-503,0,DEPARTURE,,
34,07:42:44,102,INT-502,20.075,CHECKPOINT,,2393.28
34,07:52:59,101,INT-501,38,ARRIVAL,,
34,07:59:54,104,INT-504,0,DEPARTURE,,
34,08:22:37,103,INT-503,20.075,CHECKPOINT,,2393.28
34,08:32:52,102,INT-502,38,ARRIVAL,,2393.28
34,08:39:48,105,INT-505,0,DEPARTURE,,
34,08:42:01,105,INT-505,1.196,BREAKDOWN,0,
34,08:42:01,105,INT-505,1.196,REPAIRED,0,
34,09:00:17,103,INT-503,34.394,BREAKDOWN,0,
34,09:02:47,104,INT-504,20.075,CHECKPOINT,,2409.9
34,09:19:57,106,INT-506,0,DEPARTURE,,
34,09:42:40,105,INT-505,20.075,CHECKPOINT,,2393.28
34,09:50:09,104,INT-504,37.421,BREAKDOWN,0,
34,10:22:50,106,INT-506,20.075,CHECKPOINT,,2409.9
34,10:32:49,105,INT-505,38,ARRIVAL,,7196.46
34,10:35:35,103,INT-503,34.394,REPAIRED,0,
34,10:48:03,103,INT-503,38,ARRIVAL,,914.1
34,11:12:58,106,INT-506,38,ARRIVAL,,1495.8
34,11:37:04,104,INT-504,37.421,REPAIRED,0,
34,11:39:51,104,INT-504,38,ARRIVAL,,1612.14
35,05:59:58,101,INT-501,0,DEPARTURE,,
35,06:39:51,102,INT-502,0,DEPARTURE,,
35,07:02:51,101,INT-501,20.075,CHECKPOINT,,
35,07:19:44,103,INT-503,0,DEPARTURE,,
35,07:42:44,102,INT-502,20.075,CHECKPOINT,,2393.28
35,07:52:59,101,INT-501,38,ARRIVAL,,
35,07:59:54,104,INT-504,0,DEPARTURE,,
35,08:04:37,102,INT-502,29.548,BREAKDOWN,0,
35,08:08:30,103,INT-503,14.922,BREAKDOWN,0,
35,08:39:48,105,INT-505,0,DEPARTURE,,
35,08:54:28,103,INT-503,14.922,REPAIRED,0,
35,09:02:47,104,INT-504,20.075,CHECKPOINT,,4803.18
35,09:08:36,103,INT-503,20.075,CHECKPOINT,,349.02
35,09:19:57,106,INT-506,0,DEPARTURE,,
35,09:27:26,106,INT-506,3.176,BREAKDOWN,0,
35,09:28:16,102,INT-502,29.548,REPAIRED,0,
35,09:30:29,103,INT-503,29.548,BREAKDOWN,0,
35,09:31:52,106,INT-506,3.176,REPAIRED,0,
35,09:42:40,105,INT-505,20.075,CHECKPOINT,,2044.26
35,09:52:55,104,INT-504,38,ARRIVAL,,7196.46
35,09:56:31,102,INT-502,38,ARRIVAL,,216.06
35,10:27:16,106,INT-506,20.075,CHECKPOINT,,2675.82
35,10:32:49,105,INT-505,38,ARRIVAL,,2177.22
35,10:54:08,103,INT-503,29.548,REPAIRED,0,
35,11:17:24,106,INT-506,38,ARRIVAL,,2675.82
35,11:22:24,103,INT-503,38,ARRIVAL,,299.16
36,05:59:58,101,INT-501,0,DEPARTURE,,
36,06:39:51,102,INT-502,0,DEPARTURE,,
36,07:02:51,101,INT-501,20.075,CHECKPOINT,,
36,07:16:08,102,INT-502,10.511,BREAKDOWN,0,
36,07:19:44,103,INT-503,0,DEPARTURE,,
36,07:48:16,102,INT-502,10.511,REPAIRED,0,
36,07:52:59,101,INT-501,38,ARRIVAL,,
36,07:59:54,104,INT-504,0,DEPARTURE,,
36,08:07:23,104,INT-504,3.176,BREAKDOWN,0,
36,08:11:49,104,INT-504,3.176,REPAIRED,0,
36,08:14:52,102,INT-502,20.075,CHECKPOINT,,4321.2
36,08:22:37,103,INT-503,20.075,CHECKPOINT,,465.36
36,08:39:48,105,INT-505,0,DEPARTURE,,
36,08:45:03,102,INT-502,32.233,BREAKDOWN,0,
36,09:07:13,104,INT-504,20.075,CHECKPOINT,,2675.82
36,09:12:45,103,INT-503,38,ARRIVAL,,4786.56
36,09:19:57,106,INT-506,0,DEPARTURE,,
36,09:42:40,105,INT-505,20.075,CHECKPOINT,,2127.36
36,09:46:33,106,INT-506,7.888,BREAKDOWN,0,
36,09:57:21,104,INT-504,38,ARRIVAL,,2675.82
36,10:08:09,106,INT-506,7.888,REPAIRED,0,
36,10:10:06,102,INT-502,32.233,REPAIRED,0,
36,10:30:02,102,INT-502,38,ARRIVAL,,1961.16
36,10:32:49,105,INT-505,38,ARRIVAL,,166.2
36,10:44:27,106,INT-506,20.075,CHECKPOINT,,3706.26
36,11:34:35,106,INT-506,38,ARRIVAL,,3706.26
37,05:59:58,101,INT-501,0,DEPARTURE,,
37,06:39:51,102,INT-502,0,DEPARTURE,,
37,07:02:51,101,INT-501,20.075,CHECKPOINT,,
37,07:19:44,103,INT-503,0,DEPARTURE,,
37,07:42:44,102,INT-502,20.075,CHECKPOINT,,2393.28
37,07:52:59,101,INT-501,38,ARRIVAL,,
37,07:59:54,104,INT-504,0,DEPARTURE,,
37,08:22:37,103,INT-503,20.075,CHECKPOINT,,2393.28
37,08:32:52,102,INT-502,38,ARRIVAL,,2393.28
37,08:38:58,103,INT-503,26.906,BREAKDOWN,0,
37,08:39:48,105,INT-505,0,DEPARTURE,,
37,08:55:35,105,INT-505,5.214,BREAKDOWN,0,
37,09:02:47,104,INT-504,20.075,CHECKPOINT,,2409.9
37,09:04:27,105,INT-505,5.214,REPAIRED,0,
37,09:19:57,106,INT-506,0,DEPARTURE,,
37,09:35:28,104,INT-504,32.901,BREAKDOWN,0,
37,09:51:32,105,INT-505,20.075,CHECKPOINT,,2925.12
37,09:55:25,103,INT-503,26.906,REPAIRED,0,
37,10:22:50,106,INT-506,20.075,CHECKPOINT,,1878.06
37,10:29:12,103,INT-503,38,ARRIVAL,,6980.4
37,10:41:40,105,INT-505,38,ARRIVAL,,747.9
37,11:05:13,104,INT-504,32.901,REPAIRED,0,
37,11:12:58,106,INT-506,38,ARRIVAL,,1878.06
37,11:22:40,104,INT-504,38,ARRIVAL,,581.7
38,05:59:58,101,INT-501,0,DEPARTURE,,
38,06:39:51,102,INT-502,0,DEPARTURE,,
38,07:02:51,101,INT-501,20.075,CHECKPOINT,,
38,07:19:44,103,INT-503,0,DEPARTURE,,
38,07:42:44,102,INT-502,20.075,CHECKPOINT,,2393.28
38,07:52:59,101,INT-501,38,ARRIVAL,,
38,07:59:54,104,INT-504,0,DEPARTURE,,
38,08:18:44,102,INT-502,33.81,BREAKDOWN,0,
38,08:22:37,103,INT-503,20.075,CHECKPOINT,,2393.28
38,08:33:42,104,INT-504,9.772,BREAKDOWN,0,
38,08:39:48,105,INT-505,0,DEPARTURE,,
38,09:02:30,104,INT-504,9.772,REPAIRED,0,
38,09:12:45,103,INT-503,38,ARRIVAL,,4786.56
38,09:19:57,106,INT-506,0,DEPARTURE,,
38,09:31:36,104,INT-504,20.075,CHECKPOINT,,4138.38
38,09:42:40,105,INT-505,20.075,CHECKPOINT,,664.8
38,09:52:05,102,INT-502,33.81,REPAIRED,0,
38,10:02:20,104,INT-504,32.372,BREAKDOWN,0,
38,10:06:13,102,INT-502,38,ARRIVAL,,3207.66
38,10:10:22,106,INT-506,15.675,BREAKDOWN,0,
38,10:30:36,105,INT-505,37.621,BREAKDOWN,0,
38,10:58:01,106,INT-506,15.675,REPAIRED,0,
38,11:06:03,106,INT-506,18.513,BREAKDOWN,0,
38,11:27:23,104,INT-504,32.372,REPAIRED,0,
38,11:46:46,104,INT-504,38,ARRIVAL,,6033.06
38,12:00:04,106,INT-506,18.513,REPAIRED,0,
38,12:04:30,106,INT-506,20.075,CHECKPOINT,,8509.44
38,12:17:48,105,INT-505,37.621,REPAIRED,0,
38,12:20:00,105,INT-505,38,ARRIVAL,,1994.4
38,12:54:38,106,INT-506,38,ARRIVAL,,2077.5
39,05:59:58,101,INT-501,0,DEPARTURE,,
39,06:34:19,101,INT-501,9.899,BREAKDOWN,0,
39,06:39:51,102,INT-502,0,DEPARTURE,,
39,06:59:31,102,INT-502,6.126,BREAKDOWN,0,
39,07:03:40,101,INT-501,9.899,REPAIRED,0,
39,07:13:06,102,INT-502,6.126,REPAIRED,0,
39,07:19:44,103,INT-503,0,DEPARTURE,,
39,07:32:12,101,INT-501,20.075,CHECKPOINT,,
39,07:39:58,103,INT-503,6.226,BREAKDOWN,0,
39,07:41:21,102,INT-502,14.545,BREAKDOWN,0,
39,07:54:22,103,INT-503,6.226,REPAIRED,0,
39,07:59:54,104,INT-504,0,DEPARTURE,,
39,08:22:21,101,INT-501,38,ARRIVAL,,
39,08:26:30,102,INT-502,14.545,REPAIRED,0,
39,08:32:02,103,INT-503,18.367,BREAKDOWN,0,
39,08:39:48,105,INT-505,0,DEPARTURE,,
39,08:41:27,102,INT-502,20.075,CHECKPOINT,,4155
39,08:53:55,104,INT-504,17.187,BREAKDOWN,0,
39,09:19:57,106,INT-506,0,DEPARTURE,,
39,09:25:46,103,INT-503,18.367,REPAIRED,0,
39,09:26:03,103,INT-503,18.497,BREAKDOWN,0,
39,09:31:36,102,INT-502,38,ARRIVAL,,4155
39,09:42:40,105,INT-505,20.075,CHECKPOINT,,3673.02
39,09:44:53,104,INT-504,17.187,REPAIRED,0,
39,09:53:45,104,INT-504,20.075,CHECKPOINT,,664.8
39,10:20:04,103,INT-503,18.497,REPAIRED,0,
39,10:22:50,106,INT-506,20.075,CHECKPOINT,,1745.1
39,10:24:47,103,INT-503,20.075,CHECKPOINT,,116.34
39,10:32:49,105,INT-505,38,ARRIVAL,,3673.02
39,10:43:53,104,INT-504,38,ARRIVAL,,664.8
39,11:12:58,106,INT-506,38,ARRIVAL,,1745.1
39,11:14:55,103,INT-503,38,ARRIVAL,,116.34
40,05:59:58,101,INT-501,0,DEPARTURE,,
40,06:39:51,102,INT-502,0,DEPARTURE,,
40,07:02:51,101,INT-501,20.075,CHECKPOINT,,
40,07:19:44,103,INT-503,0,DEPARTURE,,
40,07:42:44,102,INT-502,20.075,CHECKPOINT,,2393.28
40,07:52:59,101,INT-501,38,ARRIVAL,,
40,07:59:54,104,INT-504,0,DEPARTURE,,
40,08:04:37,102,INT-502,29.548,BREAKDOWN,0,
40,08:22:37,103,INT-503,20.075,CHECKPOINT,,2393.28
40,08:39:48,105,INT-505,0,DEPARTURE,,
40,09:02:47,104,INT-504,20.075,CHECKPOINT,,2409.9
40,09:04:27,105,INT-505,7.501,BREAKDOWN,0,
40,09:12:45,103,INT-503,38,ARRIVAL,,4786.56
40,09:19:57,106,INT-506,0,DEPARTURE,,
40,09:24:07,105,INT-505,7.501,REPAIRED,0,
40,09:28:16,102,INT-502,29.548,REPAIRED,0,
40,09:36:51,104,INT-504,33.092,BREAKDOWN,0,
40,09:56:31,102,INT-502,38,ARRIVAL,,2625.96
40,10:02:20,105,INT-505,20.075,CHECKPOINT,,3573.3
40,10:22:50,106,INT-506,20.075,CHECKPOINT,,1229.88
40,10:52:29,105,INT-505,38,ARRIVAL,,3357.24
40,11:06:53,104,INT-504,33.092,REPAIRED,0,
40,11:12:58,106,INT-506,38,ARRIVAL,,1229.88
40,11:22:57,104,INT-504,38,ARRIVAL,,598.32
41,05:59:58,101,INT-501,0,DEPARTURE,,
41,06:39:51,102,INT-502,0,DEPARTURE,,
41,07:02:51,101,INT-501,20.075,CHECKPOINT,,
41,07:05:53,101,INT-501,21.514,BREAKDOWN,0,
41,07:13:39,102,INT-502,9.772,BREAKDOWN,0,
41,07:19:44,103,INT-503,0,DEPARTURE,,
41,07:42:27,102,INT-502,9.772,REPAIRED,0,
41,07:59:54,104,INT-504,0,DEPARTURE,,
41,08:09:19,101,INT-501,21.514,REPAIRED,0,
41,08:11:32,102,INT-502,20.075,CHECKPOINT,,4121.76
41,08:22:37,103,INT-503,20.075,CHECKPOINT,,664.8
41,08:35:05,104,INT-504,10.107,BREAKDOWN,0,
41,08:39:48,105,INT-505,0,DEPARTURE,,
41,08:56:25,101,INT-501,38,ARRIVAL,,
41,08:57:15,105,INT-505,5.645,BREAKDOWN,0,
41,09:01:41,102,INT-502,38,ARRIVAL,,315.78
41,09:05:17,104,INT-504,10.107,REPAIRED,0,
41,09:07:30,105,INT-505,5.645,REPAIRED,0,
41,09:12:45,103,INT-503,38,ARRIVAL,,664.8
41,09:15:32,105,INT-505,7.683,BREAKDOWN,0,
41,09:19:57,106,INT-506,0,DEPARTURE,,
41,09:32:59,104,INT-504,20.075,CHECKPOINT,,4221.48
41,09:36:18,105,INT-505,7.683,REPAIRED,0,
41,10:13:42,105,INT-505,20.075,CHECKPOINT,,2443.14
41,10:22:50,106,INT-506,20.075,CHECKPOINT,,548.46
41,10:23:07,104,INT-504,38,ARRIVAL,,4221.48
41,11:03:50,105,INT-505,38,ARRIVAL,,2443.14
41,11:12:58,106,INT-506,38,ARRIVAL,,548.46
42,05:59:58,101,INT-501,0,DEPARTURE,,
42,06:39:51,102,INT-502,0,DEPARTURE,,
42,07:02:51,101,INT-501,20.075,CHECKPOINT,,
42,07:19:44,103,INT-503,0,DEPARTURE,,
42,07:42:44,102,INT-502,20.075,CHECKPOINT,,2393.28
42,07:52:59,101,INT-501,38,ARRIVAL,,
42,07:59:54,104,INT-504,0,DEPARTURE,,
42,08:22:37,103,INT-503,20.075,CHECKPOINT,,2393.28
42,08:30:39,102,INT-502,37.621,BREAKDOWN,0,
42,08:39:48,105,INT-505,0,DEPARTURE,,
42,09:02:47,104,INT-504,20.075,CHECKPOINT,,2409.9
42,09:12:45,103,INT-503,38,ARRIVAL,,4786.56
42,09:19:57,106,INT-506,0,DEPARTURE,,
42,09:42:40,105,INT-505,20.075,CHECKPOINT,,2393.28
42,09:52:55,104,INT-504,38,ARRIVAL,,2409.9
42,10:17:51,102,INT-502,37.621,REPAIRED,0,
42,10:20:04,102,INT-502,38,ARRIVAL,,1628.76
42,10:22:50,106,INT-506,20.075,CHECKPOINT,,2409.9
42,10:32:49,105,INT-505,38,ARRIVAL,,764.52
42,11:12:58,106,INT-506,38,ARRIVAL,,2409.9
43,05:59:58,101,INT-501,0,DEPARTURE,,
43,06:39:51,102,INT-502,0,DEPARTURE,,
43,07:02:51,101,INT-501,20.075,CHECKPOINT,,
43,07:03:57,102,INT-502,7.388,BREAKDOWN,0,
43,07:19:44,103,INT-503,0,DEPARTURE,,
43,07:23:20,102,INT-502,7.388,REPAIRED,0,
43,07:52:59,101,INT-501,38,ARRIVAL,,
43,07:59:54,104,INT-504,0,DEPARTURE,,
43,08:02:07,102,INT-502,20.075,CHECKPOINT,,3556.68
43,08:04:37,102,INT-502,21.045,BREAKDOWN,0,
43,08:22:37,103,INT-503,20.075,CHECKPOINT,,1229.88
43,08:39:48,105,INT-505,0,DEPARTURE,,
43,09:02:47,104,INT-504,20.075,CHECKPOINT,,2409.9
43,09:06:40,102,INT-502,21.045,REPAIRED,0,
43,09:12:45,103,INT-503,38,ARRIVAL,,4786.56
43,09:19:57,106,INT-506,0,DEPARTURE,,
43,09:42:40,105,INT-505,20.075,CHECKPOINT,,2393.28
43,09:52:55,104,INT-504,38,ARRIVAL,,2409.9
43,09:54:18,102,INT-502,38,ARRIVAL,,83.1
43,10:14:15,105,INT-505,32.589,BREAKDOWN,0,
43,10:22:50,106,INT-506,20.075,CHECKPOINT,,2409.9
43,10:55:15,106,INT-506,32.849,BREAKDOWN,0,
43,11:39:17,105,INT-505,32.589,REPAIRED,0,
43,11:57:51,105,INT-505,38,ARRIVAL,,7412.52
43,12:25:00,106,INT-506,32.849,REPAIRED,0,
43,12:42:43,106,INT-506,38,ARRIVAL,,2692.44
44,05:59:58,101,INT-501,0,DEPARTURE,,
44,06:39:51,102,INT-502,0,DEPARTURE,,
44,07:02:51,101,INT-501,20.075,CHECKPOINT,,
44,07:19:44,103,INT-503,0,DEPARTURE,,
44,07:42:44,102,INT-502,20.075,CHECKPOINT,,2393.28
44,07:52:59,101,INT-501,38,ARRIVAL,,
44,07:59:54,104,INT-504,0,DEPARTURE,,
44,08:22:37,103,INT-503,20.075,CHECKPOINT,,2393.28
44,08:32:52,102,INT-502,38,ARRIVAL,,2393.28
44,08:39:48,105,INT-505,0,DEPARTURE,,
44,09:02:47,104,INT-504,20.075,CHECKPOINT,,2409.9
44,09:12:45,103,INT-503,38,ARRIVAL,,2393.28
44,09:19:57,106,INT-506,0,DEPARTURE,,
44,09:28:16,104,INT-504,31.159,BREAKDOWN,0,
44,09:42:40,105,INT-505,20.075,CHECKPOINT,,2393.28
44,10:22:50,106,INT-506,20.075,CHECKPOINT,,2409.9
44,10:32:49,105,INT-505,38,ARRIVAL,,4803.18
44,10:53:18,104,INT-504,31.159,REPAIRED,0,
44,11:07:43,104,INT-504,34.788,BREAKDOWN,0,
44,11:12:58,106,INT-506,38,ARRIVAL,,2409.9
44,12:45:46,104,INT-504,34.788,REPAIRED,0,
44,12:56:01,104,INT-504,38,ARRIVAL,,6182.64
45,05:59:58,101,INT-501,0,DEPARTURE,,
45,06:39:51,102,INT-502,0,DEPARTURE,,
45,06:46:30,101,INT-501,13.905,BREAKDOWN,0,
45,06:57:35,102,INT-502,5.653,BREAKDOWN,0,
45,07:07:50,102,INT-502,5.653,REPAIRED,0,
45,07:19:44,103,INT-503,0,DEPARTURE,,
45,07:29:43,101,INT-501,13.905,REPAIRED,0,
45,07:46:03,101,INT-501,20.075,CHECKPOINT,,
45,07:52:59,102,INT-502,20.075,CHECKPOINT,,415.5
45,07:59:54,104,INT-504,0,DEPARTURE,,
45,08:22:37,103,INT-503,20.075,CHECKPOINT,,1778.34
45,08:36:12,101,INT-501,38,ARRIVAL,,
45,08:39:48,105,INT-505,0,DEPARTURE,,
45,08:40:37,105,INT-505,0.526,BREAKDOWN,0,
45,08:40:37,105,INT-505,0.526,REPAIRED,0,
45,08:43:07,102,INT-502,38,ARRIVAL,,415.5
45,09:02:47,104,INT-504,20.075,CHECKPOINT,,2409.9
45,09:09:43,104,INT-504,22.62,BREAKDOWN,0,
45,09:12:45,103,INT-503,38,ARRIVAL,,1778.34
45,09:19:57,106,INT-506,0,DEPARTURE,,
45,09:42:40,105,INT-505,20.075,CHECKPOINT,,2393.28
45,09:49:36,105,INT-505,22.62,BREAKDOWN,0,
45,10:15:55,104,INT-504,22.62,REPAIRED,0,
45,10:22:50,106,INT-506,20.075,CHECKPOINT,,2409.9
45,10:55:48,105,INT-505,22.62,REPAIRED,0,
45,10:59:07,104,INT-504,38,ARRIVAL,,6382.08
45,11:12:58,106,INT-506,38,ARRIVAL,,831
45,11:39:01,105,INT-505,38,ARRIVAL,,1562.28
46,05:59:58,101,INT-501,0,DEPARTURE,,
46,06:39:51,102,INT-502,0,DEPARTURE,,
46,07:02:51,101,INT-501,20.075,CHECKPOINT,,
46,07:14:45,102,INT-502,10,BREAKDOWN,0,
46,07:19:44,103,INT-503,0,DEPARTURE,,
46,07:43:34,103,INT-503,7.232,BREAKDOWN,0,
46,07:44:40,102,INT-502,10,REPAIRED,0,
46,07:52:59,101,INT-501,38,ARRIVAL,,
46,07:59:54,104,INT-504,0,DEPARTURE,,
46,08:02:24,103,INT-503,7.232,REPAIRED,0,
46,08:12:39,102,INT-502,20.075,CHECKPOINT,,4188.24
46,08:39:48,105,INT-505,0,DEPARTURE,,
46,08:41:27,103,INT-503,20.075,CHECKPOINT,,1728.48
46,09:02:47,102,INT-502,38,ARRIVAL,,4188.24
46,09:02:47,104,INT-504,20.075,CHECKPOINT,,1279.74
46,09:19:57,106,INT-506,0,DEPARTURE,,
46,09:31:36,103,INT-503,38,ARRIVAL,,1728.48
46,09:42:40,105,INT-505,20.075,CHECKPOINT,,2393.28
46,09:52:55,104,INT-504,38,ARRIVAL,,1279.74
46,10:22:50,106,INT-506,20.075,CHECKPOINT,,2409.9
46,10:32:49,105,INT-505,38,ARRIVAL,,2393.28
46,11:12:58,106,INT-506,38,ARRIVAL,,2409.9
47,05:59:58,101,INT-501,0,DEPARTURE,,
47,06:15:29,101,INT-501,5.18,BREAKDOWN,0,
47,06:24:20,101,INT-501,5.18,REPAIRED,0,
47,06:39:51,102,INT-502,0,DEPARTURE,,
47,07:11:42,101,INT-501,20.075,CHECKPOINT,,
47,07:19:44,103,INT-503,0,DEPARTURE,,
47,07:42:44,102,INT-502,20.075,CHECKPOINT,,1861.44
47,07:59:54,104,INT-504,0,DEPARTURE,,
47,08:01:51,101,INT-501,38,ARRIVAL,,
47,08:22:37,103,INT-503,20.075,CHECKPOINT,,2393.28
47,08:31:12,104,INT-504,8.956,BREAKDOWN,0,
47,08:32:52,102,INT-502,38,ARRIVAL,,1861.44
47,08:39:48,105,INT-505,0,DEPARTURE,,
47,08:56:25,104,INT-504,8.956,REPAIRED,0,
47,09:12:45,103,INT-503,38,ARRIVAL,,2393.28
47,09:19:57,106,INT-506,0,DEPARTURE,,
47,09:27:59,104,INT-504,20.075,CHECKPOINT,,3922.32
47,09:42:40,105,INT-505,20.075,CHECKPOINT,,880.86
47,09:51:16,105,INT-505,23.306,BREAKDOWN,0,
47,10:18:08,104,INT-504,38,ARRIVAL,,3922.32
47,10:22:50,106,INT-506,20.075,CHECKPOINT,,2409.9
47,10:58:18,105,INT-505,23.306,REPAIRED,0,
47,11:12:58,106,INT-506,38,ARRIVAL,,3290.76
47,11:39:51,105,INT-505,38,ARRIVAL,,1612.14
48,05:59:58,101,INT-501,0,DEPARTURE,,
48,06:31:33,101,INT-501,9.051,BREAKDOWN,0,
48,06:39:51,102,INT-502,0,DEPARTURE,,
48,06:57:18,101,INT-501,9.051,REPAIRED,0,
48,07:19:44,103,INT-503,0,DEPARTURE,,
48,07:28:36,101,INT-501,20.075,CHECKPOINT,,
48,07:42:44,102,INT-502,20.075,CHECKPOINT,,847.62
48,07:59:54,104,INT-504,0,DEPARTURE,,
48,08:18:44,101,INT-501,38,ARRIVAL,,
48,08:22:37,103,INT-503,20.075,CHECKPOINT,,2393.28
48,08:32:52,102,INT-502,38,ARRIVAL,,847.62
48,08:39:48,105,INT-505,0,DEPARTURE,,
48,08:57:15,104,INT-504,18.063,BREAKDOWN,0,
48,09:12:45,103,INT-503,38,ARRIVAL,,2393.28
48,09:19:57,106,INT-506,0,DEPARTURE,,
48,09:42:40,105,INT-505,20.075,CHECKPOINT,,4803.18
48,09:50:26,104,INT-504,18.063,REPAIRED,0,
48,09:54:35,106,INT-506,9.977,BREAKDOWN,0,
48,09:55:58,104,INT-504,20.075,CHECKPOINT,,797.76
48,10:23:57,106,INT-506,9.977,REPAIRED,0,
48,10:32:49,105,INT-505,38,ARRIVAL,,4803.18
48,10:46:06,104,INT-504,38,ARRIVAL,,797.76
48,10:52:12,106,INT-506,20.075,CHECKPOINT,,3373.86
48,11:42:20,106,INT-506,38,ARRIVAL,,3373.86
49,05:59:58,101,INT-501,0,DEPARTURE,,
49,06:39:51,102,INT-502,0,DEPARTURE,,
49,07:02:51,101,INT-501,20.075,CHECKPOINT,,
49,07:19:44,103,INT-503,0,DEPARTURE,,
49,07:42:44,102,INT-502,20.075,CHECKPOINT,,2393.28
49,07:52:59,101,INT-501,38,ARRIVAL,,
49,07:59:54,104,INT-504,0,DEPARTURE,,
49,08:22:37,103,INT-503,20.075,CHECKPOINT,,2393.28
49,08:32:52,102,INT-502,38,ARRIVAL,,2393.28
49,08:39:48,105,INT-505,0,DEPARTURE,,
49,09:02:47,104,INT-504,20.075,CHECKPOINT,,2409.9
49,09:12:45,103,INT-503,38,ARRIVAL,,2393.28
49,09:19:57,106,INT-506,0,DEPARTURE,,
49,09:42:40,105,INT-505,20.075,CHECKPOINT,,2393.28
49,09:52:55,104,INT-504,38,ARRIVAL,,2409.9
49,10:22:50,106,INT-506,20.075,CHECKPOINT,,2409.9
49,10:32:49,105,INT-505,38,ARRIVAL,,2393.28
49,11:12:58,106,INT-506,38,ARRIVAL,,2409.9
50,05:59:58,101,INT-501,0,DEPARTURE,,
50,06:39:51,102,INT-502,0,DEPARTURE,,
50,06:55:05,101,INT-501,17.417,BREAKDOWN,0,
50,07:19:44,103,INT-503,0,DEPARTURE,,
50,07:42:44,102,INT-502,20.075,CHECKPOINT,,
50,07:46:37,101,INT-501,17.417,REPAIRED,0,
50,07:54:22,101,INT-501,20.075,CHECKPOINT,,698.04
50,07:59:54,104,INT-504,0,DEPARTURE,,
50,08:22:37,103,INT-503,20.075,CHECKPOINT,,1695.24
50,08:32:52,102,INT-502,38,ARRIVAL,,
50,08:39:48,105,INT-505,0,DEPARTURE,,
50,08:41:11,105,INT-505,0.757,BREAKDOWN,0,
50,08:41:11,105,INT-505,0.757,REPAIRED,0,
50,08:44:30,101,INT-501,38,ARRIVAL,,698.04
50,09:02:47,104,INT-504,20.075,CHECKPOINT,,2409.9
50,09:12:45,103,INT-503,38,ARRIVAL,,1695.24
50,09:19:57,106,INT-506,0,DEPARTURE,,
50,09:42:40,105,INT-505,20.075,CHECKPOINT,,2393.28
50,09:52:55,104,INT-504,38,ARRIVAL,,2409.9
50,10:21:44,106,INT-506,19.756,BREAKDOWN,0,
50,10:32:49,105,INT-505,38,ARRIVAL,,2393.28
50,11:19:37,106,INT-506,19.756,REPAIRED,0,
50,11:20:44,106,INT-506,20.075,CHECKPOINT,,5883.48
50,12:10:52,106,INT-506,38,ARRIVAL,,5883.48
51,05:59:58,101,INT-501,0,DEPARTURE,,
51,06:39:51,102,INT-502,0,DEPARTURE,,
51,07:01:11,102,INT-502,6.564,BREAKDOWN,0,
51,07:02:51,101,INT-501,20.075,CHECKPOINT,,
51,07:16:42,102,INT-502,6.564,REPAIRED,0,
51,07:19:44,103,INT-503,0,DEPARTURE,,
51,07:52:59,101,INT-501,38,ARRIVAL,,
51,07:58:15,102,INT-502,20.075,CHECKPOINT,,3324
51,07:59:54,104,INT-504,0,DEPARTURE,,
51,08:22:37,103,INT-503,20.075,CHECKPOINT,,1462.56
51,08:38:24,104,INT-504,11.109,BREAKDOWN,0,
51,08:39:48,105,INT-505,0,DEPARTURE,,
51,08:48:23,102,INT-502,38,ARRIVAL,,3324
51,09:12:12,104,INT-504,11.109,REPAIRED,0,
51,09:12:45,103,INT-503,38,ARRIVAL,,1462.56
51,09:19:57,106,INT-506,0,DEPARTURE,,
51,09:36:35,104,INT-504,20.075,CHECKPOINT,,4437.54
51,09:42:40,105,INT-505,20.075,CHECKPOINT,,365.64
51,10:22:50,106,INT-506,20.075,CHECKPOINT,,2409.9
51,10:26:43,104,INT-504,38,ARRIVAL,,4437.54
51,10:31:42,105,INT-505,37.813,BREAKDOWN,0,
51,11:12:58,106,INT-506,38,ARRIVAL,,2775.54
51,12:19:27,105,INT-505,37.813,REPAIRED,0,
51,12:20:34,105,INT-505,38,ARRIVAL,,4055.28
52,05:59:58,101,INT-501,0,DEPARTURE,,
52,06:39:51,102,INT-502,0,DEPARTURE,,
52,06:42:04,101,INT-501,12.252,BREAKDOWN,0,
52,07:19:44,103,INT-503,0,DEPARTURE,,
52,07:20:01,101,INT-501,12.252,REPAIRED,0,
52,07:37:11,101,INT-501,18.782,BREAKDOWN,0,
52,07:42:44,102,INT-502,20.075,CHECKPOINT,,
52,07:59:54,104,INT-504,0,DEPARTURE,,
52,08:22:37,103,INT-503,20.075,CHECKPOINT,,2393.28
52,08:32:02,101,INT-501,18.782,REPAIRED,0,
52,08:32:52,102,INT-502,38,ARRIVAL,,
52,08:35:38,101,INT-501,20.075,CHECKPOINT,,781.14
52,08:39:48,105,INT-505,0,DEPARTURE,,
52,08:46:26,105,INT-505,2.924,BREAKDOWN,0,
52,08:50:19,105,INT-505,2.924,REPAIRED,0,
52,09:02:47,104,INT-504,20.075,CHECKPOINT,,1628.76
52,09:12:45,103,INT-503,38,ARRIVAL,,2393.28
52,09:19:57,106,INT-506,0,DEPARTURE,,
52,09:25:46,101,INT-501,38,ARRIVAL,,781.14
52,09:46:33,105,INT-505,20.075,CHECKPOINT,,2625.96
52,09:52:55,104,INT-504,38,ARRIVAL,,1628.76
52,10:22:50,106,INT-506,20.075,CHECKPOINT,,2177.22
52,10:36:41,105,INT-505,38,ARRIVAL,,2625.96
52,11:12:58,106,INT-506,38,ARRIVAL,,2177.22
53,05:59:58,101,INT-501,0,DEPARTURE,,
53,06:30:59,101,INT-501,8.857,BREAKDOWN,0,
53,06:39:51,102,INT-502,0,DEPARTURE,,
53,06:55:55,101,INT-501,8.857,REPAIRED,0,
53,07:19:44,103,INT-503,0,DEPARTURE,,
53,07:27:46,101,INT-501,20.075,CHECKPOINT,,
53,07:42:44,102,INT-502,20.075,CHECKPOINT,,897.48
53,07:54:55,102,INT-502,24.914,BREAKDOWN,0,
53,07:59:54,104,INT-504,0,DEPARTURE,,
53,08:17:55,101,INT-501,38,ARRIVAL,,
53,08:22:37,103,INT-503,20.075,CHECKPOINT,,2393.28
53,08:39:48,105,INT-505,0,DEPARTURE,,
53,09:02:47,104,INT-504,20.075,CHECKPOINT,,2409.9
53,09:07:13,102,INT-502,24.914,REPAIRED,0,
53,09:07:30,102,INT-502,25.059,BREAKDOWN,0,
53,09:12:45,103,INT-503,38,ARRIVAL,,3290.76
53,09:19:57,106,INT-506,0,DEPARTURE,,
53,09:42:40,105,INT-505,20.075,CHECKPOINT,,2393.28
53,09:52:55,104,INT-504,38,ARRIVAL,,2409.9
53,10:20:04,102,INT-502,25.059,REPAIRED,0,
53,10:22:50,106,INT-506,20.075,CHECKPOINT,,2409.9
53,10:32:49,105,INT-505,38,ARRIVAL,,2393.28
53,10:57:44,102,INT-502,38,ARRIVAL,,1495.8
53,11:12:58,106,INT-506,38,ARRIVAL,,914.1
54,05:59:58,101,INT-501,0,DEPARTURE,,
54,06:39:51,102,INT-502,0,DEPARTURE,,
54,07:02:51,101,INT-501,20.075,CHECKPOINT,,
54,07:07:00,102,INT-502,7.99,BREAKDOWN,0,
54,07:19:44,103,INT-503,0,DEPARTURE,,
54,07:28:36,102,INT-502,7.99,REPAIRED,0,
54,07:52:59,101,INT-501,38,ARRIVAL,,
54,07:59:54,104,INT-504,0,DEPARTURE,,
54,08:04:20,102,INT-502,20.075,CHECKPOINT,,3689.64
54,08:09:53,104,INT-504,4.052,BREAKDOWN,0,
54,08:16:15,104,INT-504,4.052,REPAIRED,0,
54,08:22:37,103,INT-503,20.075,CHECKPOINT,,1096.92
54,08:37:51,102,INT-502,33.056,BREAKDOWN,0,
54,08:39:48,105,INT-505,0,DEPARTURE,,
54,09:09:09,104,INT-504,20.075,CHECKPOINT,,2792.16
54,09:12:45,103,INT-503,38,ARRIVAL,,4786.56
54,09:19:57,106,INT-506,0,DEPARTURE,,
54,09:42:40,105,INT-505,20.075,CHECKPOINT,,2011.02
54,09:59:18,104,INT-504,38,ARRIVAL,,2792.16
54,10:07:53,102,INT-502,33.056,REPAIRED,0,
54,10:15:55,106,INT-506,17.702,BREAKDOWN,0,
54,10:24:30,102,INT-502,38,ARRIVAL,,1512.42
54,10:32:49,105,INT-505,38,ARRIVAL,,498.6
54,11:08:16,106,INT-506,17.702,REPAIRED,0,
54,11:15:11,106,INT-506,20.075,CHECKPOINT,,5551.08
54,12:05:20,106,INT-506,38,ARRIVAL,,5551.08
55,05:59:58,101,INT-501,0,DEPARTURE,,
55,06:39:51,102,INT-502,0,DEPARTURE,,
55,07:02:51,101,INT-501,20.075,CHECKPOINT,,
55,07:19:44,103,INT-503,0,DEPARTURE,,
55,07:23:37,101,INT-501,28.271,BREAKDOWN,0,
55,07:42:44,102,INT-502,20.075,CHECKPOINT,,2393.28
55,07:48:00,103,INT-503,8.202,BREAKDOWN,0,
55,07:59:54,104,INT-504,0,DEPARTURE,,
55,08:04:37,102,INT-502,29.548,BREAKDOWN,0,
55,08:10:09,103,INT-503,8.202,REPAIRED,0,
55,08:39:48,105,INT-505,0,DEPARTURE,,
55,08:42:34,101,INT-501,28.271,REPAIRED,0,
55,08:44:47,103,INT-503,20.075,CHECKPOINT,,3722.88
55,09:02:47,104,INT-504,20.075,CHECKPOINT,,1080.3
55,09:11:55,101,INT-501,38,ARRIVAL,,
55,09:19:57,106,INT-506,0,DEPARTURE,,
55,09:28:16,102,INT-502,29.548,REPAIRED,0,
55,09:32:59,105,INT-505,16.818,BREAKDOWN,0,
55,09:34:55,103,INT-503,38,ARRIVAL,,1379.46
55,09:52:55,104,INT-504,38,ARRIVAL,,1080.3
55,09:54:52,106,INT-506,10,BREAKDOWN,0,
55,09:56:31,102,INT-502,38,ARRIVAL,,216.06
55,10:23:07,105,INT-505,16.818,REPAIRED,0,
55,10:24:47,106,INT-506,10,REPAIRED,0,
55,10:32:49,105,INT-505,20.075,CHECKPOINT,,5401.5
55,10:52:45,106,INT-506,20.075,CHECKPOINT,,1196.64
55,11:22:57,105,INT-505,38,ARRIVAL,,5185.44
55,11:42:53,106,INT-506,38,ARRIVAL,,1196.64
56,05:59:58,101,INT-501,0,DEPARTURE,,
56,06:27:07,101,INT-501,7.99,BREAKDOWN,0,
56,06:39:51,102,INT-502,0,DEPARTURE,,
56,06:48:43,101,INT-501,7.99,REPAIRED,0,
56,07:19:44,103,INT-503,0,DEPARTURE,,
56,07:24:27,101,INT-501,20.075,CHECKPOINT,,
56,07:42:44,102,INT-502,20.075,CHECKPOINT,,1096.92
56,07:59:54,104,INT-504,0,DEPARTURE,,
56,08:11:16,103,INT-503,16.178,BREAKDOWN,0,
56,08:14:35,101,INT-501,38,ARRIVAL,,
56,08:32:52,102,INT-502,38,ARRIVAL,,1096.92
56,08:39:48,105,INT-505,0,DEPARTURE,,
56,08:58:38,104,INT-504,18.552,BREAKDOWN,0,
56,09:00:01,103,INT-503,16.178,REPAIRED,0,
56,09:11:22,103,INT-503,20.075,CHECKPOINT,,5318.4
56,09:19:57,106,INT-506,0,DEPARTURE,,
56,09:42:40,105,INT-505,20.075,CHECKPOINT,,1878.06
56,09:52:55,104,INT-504,18.552,REPAIRED,0,
56,09:57:05,104,INT-504,20.075,CHECKPOINT,,864.24
56,10:01:30,103,INT-503,38,ARRIVAL,,5318.4
56,10:22:50,106,INT-506,20.075,CHECKPOINT,,1545.66
56,10:26:43,104,INT-504,32.046,BREAKDOWN,0,
56,10:32:49,105,INT-505,38,ARRIVAL,,1878.06
56,11:12:58,106,INT-506,38,ARRIVAL,,2409.9
56,11:51:45,104,INT-504,32.046,REPAIRED,0,
56,12:12:15,104,INT-504,38,ARRIVAL,,3556.68
57,05:59:58,101,INT-501,0,DEPARTURE,,
57,06:29:53,101,INT-501,8.659,BREAKDOWN,0,
57,06:39:51,102,INT-502,0,DEPARTURE,,
57,06:53:59,101,INT-501,8.659,REPAIRED,0,
57,07:19:44,103,INT-503,0,DEPARTURE,,
57,07:26:57,101,INT-501,20.075,CHECKPOINT,,
57,07:42:44,102,INT-502,20.075,CHECKPOINT,,947.34
57,07:46:03,103,INT-503,7.803,BREAKDOWN,0,
57,07:57:58,101,INT-501,32.426,BREAKDOWN,0,
57,07:59:54,104,INT-504,0,DEPARTURE,,
57,08:07:06,103,INT-503,7.803,REPAIRED,0,
57,08:32:52,102,INT-502,38,ARRIVAL,,
57,08:39:48,105,INT-505,0,DEPARTURE,,
57,08:43:40,103,INT-503,20.075,CHECKPOINT,,3656.4
57,08:46:43,104,INT-504,14.03,BREAKDOWN,0,
57,09:19:57,106,INT-506,0,DEPARTURE,,
57,09:23:00,101,INT-501,32.426,REPAIRED,0,
57,09:30:12,106,INT-506,4.127,BREAKDOWN,0,
57,09:30:29,104,INT-504,14.03,REPAIRED,0,
57,09:33:48,103,INT-503,38,ARRIVAL,,3656.4
57,09:36:35,106,INT-506,4.127,REPAIRED,0,
57,09:42:07,101,INT-501,38,ARRIVAL,,498.6
57,09:42:40,105,INT-505,20.075,CHECKPOINT,,3540.06
57,09:46:33,104,INT-504,20.075,CHECKPOINT,,232.68
57,10:09:49,106,INT-506,12.632,BREAKDOWN,0,
57,10:32:49,105,INT-505,38,ARRIVAL,,3041.46
57,10:36:41,104,INT-504,38,ARRIVAL,,232.68
57,10:48:52,106,INT-506,12.632,REPAIRED,0,
57,11:08:16,106,INT-506,20.075,CHECKPOINT,,4902.9
57,11:58:24,106,INT-506,38,ARRIVAL,,4902.9
58,05:59:58,101,INT-501,0,DEPARTURE,,
58,06:39:51,102,INT-502,0,DEPARTURE,,
58,07:02:51,101,INT-501,20.075,CHECKPOINT,,
58,07:08:23,102,INT-502,8.31,BREAKDOWN,0,
58,07:19:44,103,INT-503,0,DEPARTURE,,
58,07:30:49,102,INT-502,8.31,REPAIRED,0,
58,07:52:59,101,INT-501,38,ARRIVAL,,
58,07:59:54,104,INT-504,0,DEPARTURE,,
58,08:05:10,102,INT-502,20.075,CHECKPOINT,,3739.5
58,08:22:37,103,INT-503,20.075,CHECKPOINT,,1047.06
58,08:39:48,105,INT-505,0,DEPARTURE,,
58,08:55:18,102,INT-502,38,ARRIVAL,,3739.5
58,09:02:47,104,INT-504,20.075,CHECKPOINT,,2409.9
58,09:07:30,104,INT-504,22.372,BREAKDOWN,0,
58,09:12:45,103,INT-503,38,ARRIVAL,,1047.06
58,09:19:57,106,INT-506,0,DEPARTURE,,
58,09:42:40,105,INT-505,20.075,CHECKPOINT,,2393.28
58,10:13:09,104,INT-504,22.372,REPAIRED,0,
58,10:22:50,106,INT-506,20.075,CHECKPOINT,,2409.9
58,10:32:49,105,INT-505,38,ARRIVAL,,4803.18
58,10:58:34,104,INT-504,38,ARRIVAL,,1545.66
58,11:12:58,106,INT-506,38,ARRIVAL,,864.24
59,05:59:58,101,INT-501,0,DEPARTURE,,
59,06:39:51,102,INT-502,0,DEPARTURE,,
59,07:02:51,101,INT-501,20.075,CHECKPOINT,,
59,07:19:44,103,INT-503,0,DEPARTURE,,
59,07:42:44,102,INT-502,20.075,CHECKPOINT,,2393.28
59,07:52:59,101,INT-501,38,ARRIVAL,,
59,07:59:54,104,INT-504,0,DEPARTURE,,
59,08:22:37,103,INT-503,20.075,CHECKPOINT,,2393.28
59,08:32:52,102,INT-502,38,ARRIVAL,,2393.28
59,08:39:48,105,INT-505,0,DEPARTURE,,
59,09:02:47,104,INT-504,20.075,CHECKPOINT,,2409.9
59,09:12:45,103,INT-503,38,ARRIVAL,,2393.28
59,09:19:57,106,INT-506,0,DEPARTURE,,
59,09:42:40,105,INT-505,20.075,CHECKPOINT,,2393.28
59,09:52:55,104,INT-504,38,ARRIVAL,,2409.9
59,10:22:50,106,INT-506,20.075,CHECKPOINT,,2409.9
59,10:32:49,105,INT-505,38,ARRIVAL,,2393.28
59,11:04:23,106,INT-506,34.955,BREAKDOWN,0,
59,12:42:43,106,INT-506,34.955,REPAIRED,0,
59,12:51:19,106,INT-506,38,ARRIVAL,,8310
60,05:59:58,101,INT-501,0,DEPARTURE,,
60,06:39:51,102,INT-502,0,DEPARTURE,,
60,07:02:51,101,INT-501,20.075,CHECKPOINT,,
60,07:19:44,103,INT-503,0,DEPARTURE,,
60,07:41:21,103,INT-503,6.692,BREAKDOWN,0,
60,07:42:44,102,INT-502,20.075,CHECKPOINT,,2393.28
60,07:52:59,101,INT-501,38,ARRIVAL,,
60,07:57:58,103,INT-503,6.692,REPAIRED,0,
60,07:59:54,104,INT-504,0,DEPARTURE,,
60,08:25:40,102,INT-502,35.746,BREAKDOWN,0,
60,08:39:14,103,INT-503,20.075,CHECKPOINT,,3390.48
60,08:39:48,105,INT-505,0,DEPARTURE,,
60,09:02:47,104,INT-504,20.075,CHECKPOINT,,1412.7
60,09:17:45,103,INT-503,34.582,BREAKDOWN,0,
60,09:19:57,106,INT-506,0,DEPARTURE,,
60,09:42:40,105,INT-505,20.075,CHECKPOINT,,2393.28
60,09:52:55,104,INT-504,38,ARRIVAL,,7196.46
60,10:06:13,102,INT-502,35.746,REPAIRED,0,
60,10:12:19,102,INT-502,37.813,BREAKDOWN,0,
60,10:22:50,106,INT-506,20.075,CHECKPOINT,,2409.9
60,10:32:49,105,INT-505,38,ARRIVAL,,2393.28
60,10:45:33,106,INT-506,30.116,BREAKDOWN,0,
60,10:54:42,103,INT-503,34.582,REPAIRED,0,
60,11:06:20,103,INT-503,38,ARRIVAL,,2011.02
60,12:00:04,102,INT-502,37.813,REPAIRED,0,
60,12:01:10,102,INT-502,38,ARRIVAL,,3290.76
60,12:10:02,106,INT-506,30.116,REPAIRED,0,
60,12:37:28,106,INT-506,38,ARRIVAL,,2177.22
61,05:59:58,101,INT-501,0,DEPARTURE,,
61,06:39:51,102,INT-502,0,DEPARTURE,,
61,06:53:25,101,INT-501,16.936,BREAKDOWN,0,
61,07:19:44,103,INT-503,0,DEPARTURE,,
61,07:42:44,102,INT-502,20.075,CHECKPOINT,,
61,07:43:50,101,INT-501,16.936,REPAIRED,0,
61,07:53:15,101,INT-501,20.075,CHECKPOINT,,631.56
61,07:59:54,104,INT-504,0,DEPARTURE,,
61,08:22:37,103,INT-503,20.075,CHECKPOINT,,1761.72
61,08:32:52,102,INT-502,38,ARRIVAL,,
61,08:39:48,105,INT-505,0,DEPARTURE,,
61,08:43:24,101,INT-501,38,ARRIVAL,,631.56
61,09:02:47,104,INT-504,20.075,CHECKPOINT,,2409.9
61,09:04:10,105,INT-505,7.409,BREAKDOWN,0,
61,09:12:45,103,INT-503,38,ARRIVAL,,1761.72
61,09:19:57,106,INT-506,0,DEPARTURE,,
61,09:23:34,105,INT-505,7.409,REPAIRED,0,
61,09:31:19,106,INT-506,4.342,BREAKDOWN,0,
61,09:38:14,106,INT-506,4.342,REPAIRED,0,
61,09:39:54,106,INT-506,4.659,BREAKDOWN,0,
61,09:47:23,106,INT-506,4.659,REPAIRED,0,
61,09:52:55,104,INT-504,38,ARRIVAL,,2409.9
61,10:02:04,105,INT-505,20.075,CHECKPOINT,,3556.68
61,10:19:31,105,INT-505,27.375,BREAKDOWN,0,
61,10:37:14,106,INT-506,20.075,CHECKPOINT,,2110.74
61,11:27:23,106,INT-506,38,ARRIVAL,,5667.42
61,11:37:21,105,INT-505,27.375,REPAIRED,0,
61,12:10:02,105,INT-505,38,ARRIVAL,,2559.48
62,05:59:58,101,INT-501,0,DEPARTURE,,
62,06:31:49,101,INT-501,9.148,BREAKDOWN,0,
62,06:39:51,102,INT-502,0,DEPARTURE,,
62,06:51:29,102,INT-502,4.375,BREAKDOWN,0,
62,06:57:51,101,INT-501,9.148,REPAIRED,0,
62,06:58:41,102,INT-502,4.375,REPAIRED,0,
62,07:19:44,103,INT-503,0,DEPARTURE,,
62,07:28:53,101,INT-501,20.075,CHECKPOINT,,
62,07:49:56,102,INT-502,20.075,CHECKPOINT,,1263.12
62,07:55:28,101,INT-501,31.445,BREAKDOWN,0,
62,07:59:54,104,INT-504,0,DEPARTURE,,
62,08:22:37,103,INT-503,20.075,CHECKPOINT,,1961.16
62,08:39:48,105,INT-505,0,DEPARTURE,,
62,08:40:04,102,INT-502,38,ARRIVAL,,
62,09:02:47,104,INT-504,20.075,CHECKPOINT,,2409.9
62,09:12:45,103,INT-503,38,ARRIVAL,,1961.16
62,09:19:57,106,INT-506,0,DEPARTURE,,
62,09:20:31,101,INT-501,31.445,REPAIRED,0,
62,09:42:40,105,INT-505,20.075,CHECKPOINT,,2393.28
62,09:44:03,101,INT-501,38,ARRIVAL,,1878.06
62,09:52:55,104,INT-504,38,ARRIVAL,,531.84
62,10:22:50,106,INT-506,20.075,CHECKPOINT,,2409.9
62,10:32:49,105,INT-505,38,ARRIVAL,,2393.28
62,11:12:58,106,INT-506,38,ARRIVAL,,2409.9
63,05:59:58,101,INT-501,0,DEPARTURE,,
63,06:39:51,102,INT-502,0,DEPARTURE,,
63,06:57:35,101,INT-501,18.251,BREAKDOWN,0,
63,07:19:44,103,INT-503,0,DEPARTURE,,
63,07:41:04,102,INT-502,19.494,BREAKDOWN,0,
63,07:51:19,101,INT-501,18.251,REPAIRED,0,
63,07:56:35,101,INT-501,20.075,CHECKPOINT,,
63,07:59:54,104,INT-504,0,DEPARTURE,,
63,08:22:37,103,INT-503,20.075,CHECKPOINT,,1562.28
63,08:32:52,104,INT-504,9.552,BREAKDOWN,0,
63,08:38:08,102,INT-502,19.494,REPAIRED,0,
63,08:39:48,105,INT-505,0,DEPARTURE,,
63,08:39:48,102,INT-502,20.075,CHECKPOINT,,1030.44
63,08:46:43,101,INT-501,38,ARRIVAL,,
63,08:50:52,105,INT-505,4.306,BREAKDOWN,0,
63,08:57:48,105,INT-505,4.306,REPAIRED,0,
63,09:00:34,104,INT-504,9.552,REPAIRED,0,
63,09:12:45,103,INT-503,38,ARRIVAL,,1562.28
63,09:19:57,106,INT-506,0,DEPARTURE,,
63,09:29:56,102,INT-502,38,ARRIVAL,,1030.44
63,09:30:12,104,INT-504,19.99,BREAKDOWN,0,
63,09:49:36,105,INT-505,20.075,CHECKPOINT,,4188.24
63,10:20:21,105,INT-505,32.372,BREAKDOWN,0,
63,10:22:50,106,INT-506,20.075,CHECKPOINT,,1994.4
63,10:28:39,104,INT-504,19.99,REPAIRED,0,
63,10:28:56,104,INT-504,20.075,CHECKPOINT,,365.64
63,11:12:58,106,INT-506,38,ARRIVAL,,6182.64
63,11:19:04,104,INT-504,38,ARRIVAL,,365.64
63,11:45:23,105,INT-505,32.372,REPAIRED,0,
63,12:04:46,105,INT-505,38,ARRIVAL,,2742.3
64,05:59:58,101,INT-501,0,DEPARTURE,,
64,06:39:51,102,INT-502,0,DEPARTURE,,
64,07:02:51,101,INT-501,20.075,CHECKPOINT,,
64,07:19:44,103,INT-503,0,DEPARTURE,,
64,07:22:47,102,INT-502,12.491,BREAKDOWN,0,
64,07:52:59,101,INT-501,38,ARRIVAL,,
64,07:59:54,104,INT-504,0,DEPARTURE,,
64,08:01:17,102,INT-502,12.491,REPAIRED,0,
64,08:21:14,102,INT-502,20.075,CHECKPOINT,,4703.46
64,08:22:37,103,INT-503,20.075,CHECKPOINT,,83.1
64,08:39:48,105,INT-505,0,DEPARTURE,,
64,08:46:26,105,INT-505,2.924,BREAKDOWN,0,
64,08:50:19,105,INT-505,2.924,REPAIRED,0,
64,09:02:47,104,INT-504,20.075,CHECKPOINT,,2409.9
64,09:04:27,103,INT-503,35.113,BREAKDOWN,0,
64,09:11:22,102,INT-502,38,ARRIVAL,,4703.46
64,09:19:57,106,INT-506,0,DEPARTURE,,
64,09:33:32,106,INT-506,4.752,BREAKDOWN,0,
64,09:41:01,106,INT-506,4.752,REPAIRED,0,
64,09:42:57,104,INT-504,34.797,BREAKDOWN,0,
64,09:46:33,105,INT-505,20.075,CHECKPOINT,,2625.96
64,10:30:19,106,INT-506,20.075,CHECKPOINT,,2625.96
64,10:36:41,105,INT-505,38,ARRIVAL,,5118.96
64,10:43:03,103,INT-503,35.113,REPAIRED,0,
64,10:51:22,103,INT-503,38,ARRIVAL,,880.86
64,11:20:27,106,INT-506,38,ARRIVAL,,1745.1
64,11:21:00,104,INT-504,34.797,REPAIRED,0,
64,11:30:59,104,INT-504,38,ARRIVAL,,631.56
65,05:59:58,101,INT-501,0,DEPARTURE,,
65,06:39:51,102,INT-502,0,DEPARTURE,,
65,07:02:51,101,INT-501,20.075,CHECKPOINT,,
65,07:19:44,103,INT-503,0,DEPARTURE,,
65,07:30:33,101,INT-501,31.78,BREAKDOWN,0,
65,07:42:44,102,INT-502,20.075,CHECKPOINT,,2393.28
65,07:59:54,104,INT-504,0,DEPARTURE,,
65,08:22:37,103,INT-503,20.075,CHECKPOINT,,2393.28
65,08:32:52,102,INT-502,38,ARRIVAL,,
65,08:39:48,105,INT-505,0,DEPARTURE,,
65,08:55:35,101,INT-501,31.78,REPAIRED,0,
65,09:02:47,104,INT-504,20.075,CHECKPOINT,,2409.9
65,09:12:45,103,INT-503,38,ARRIVAL,,2393.28
65,09:18:01,101,INT-501,38,ARRIVAL,,315.78
65,09:19:57,106,INT-506,0,DEPARTURE,,
65,09:37:58,106,INT-506,5.718,BREAKDOWN,0,
65,09:40:44,105,INT-505,19.389,BREAKDOWN,0,
65,09:48:29,106,INT-506,5.718,REPAIRED,0,
65,09:52:55,104,INT-504,38,ARRIVAL,,2094.12
65,10:31:42,106,INT-506,19.494,BREAKDOWN,0,
65,10:37:31,105,INT-505,19.389,REPAIRED,0,
65,10:39:27,105,INT-505,20.075,CHECKPOINT,,5800.38
65,11:28:46,106,INT-506,19.494,REPAIRED,0,
65,11:29:36,105,INT-505,38,ARRIVAL,,5800.38
65,11:30:25,106,INT-506,20.075,CHECKPOINT,,3058.08
65,12:20:34,106,INT-506,38,ARRIVAL,,3058.08
66,05:59:58,101,INT-501,0,DEPARTURE,,
66,06:39:51,102,INT-502,0,DEPARTURE,,
66,07:02:51,101,INT-501,20.075,CHECKPOINT,,
66,07:08:40,102,INT-502,8.414,BREAKDOWN,0,
66,07:19:44,103,INT-503,0,DEPARTURE,,
66,07:31:56,102,INT-502,8.414,REPAIRED,0,
66,07:52:59,101,INT-501,38,ARRIVAL,,
66,07:59:54,104,INT-504,0,DEPARTURE,,
66,08:06:00,102,INT-502,20.075,CHECKPOINT,,3789.36
66,08:22:37,103,INT-503,20.075,CHECKPOINT,,997.2
66,08:39:48,105,INT-505,0,DEPARTURE,,
66,08:56:08,102,INT-502,38,ARRIVAL,,3789.36
66,09:02:47,104,INT-504,20.075,CHECKPOINT,,2409.9
66,09:06:23,103,INT-503,35.99,BREAKDOWN,0,
66,09:06:23,104,INT-504,21.788,BREAKDOWN,0,
66,09:19:57,106,INT-506,0,DEPARTURE,,
66,09:42:40,105,INT-505,20.075,CHECKPOINT,,2393.28
66,09:45:43,105,INT-505,21.514,BREAKDOWN,0,
66,10:10:22,104,INT-504,21.788,REPAIRED,0,
66,10:22:50,106,INT-506,20.075,CHECKPOINT,,2409.9
66,10:47:13,103,INT-503,35.99,REPAIRED,0,
66,10:49:09,105,INT-505,21.514,REPAIRED,0,
66,10:53:35,103,INT-503,38,ARRIVAL,,7046.88
66,10:56:54,104,INT-504,38,ARRIVAL,,199.44
66,11:12:58,106,INT-506,38,ARRIVAL,,963.96
66,11:36:15,105,INT-505,38,ARRIVAL,,1396.08
67,05:59:58,101,INT-501,0,DEPARTURE,,
67,06:39:51,102,INT-502,0,DEPARTURE,,
67,07:02:51,101,INT-501,20.075,CHECKPOINT,,
67,07:19:44,103,INT-503,0,DEPARTURE,,
67,07:42:44,102,INT-502,20.075,CHECKPOINT,,2393.28
67,07:52:59,101,INT-501,38,ARRIVAL,,
67,07:59:54,104,INT-504,0,DEPARTURE,,
67,08:22:37,103,INT-503,20.075,CHECKPOINT,,2393.28
67,08:32:52,102,INT-502,38,ARRIVAL,,2393.28
67,08:39:48,105,INT-505,0,DEPARTURE,,
67,09:02:47,104,INT-504,20.075,CHECKPOINT,,2409.9
67,09:12:45,103,INT-503,38,ARRIVAL,,2393.28
67,09:19:57,106,INT-506,0,DEPARTURE,,
67,09:42:40,105,INT-505,20.075,CHECKPOINT,,2393.28
67,09:52:55,104,INT-504,38,ARRIVAL,,2409.9
67,10:22:50,106,INT-506,20.075,CHECKPOINT,,2409.9
67,10:28:06,106,INT-506,22.44,BREAKDOWN,0,
67,10:32:49,105,INT-505,38,ARRIVAL,,2393.28
67,11:33:45,106,INT-506,22.44,REPAIRED,0,
67,12:18:37,106,INT-506,38,ARRIVAL,,6348.84
68,05:59:58,101,INT-501,0,DEPARTURE,,
68,06:03:51,101,INT-501,1.6,BREAKDOWN,0,
68,06:03:51,101,INT-501,1.6,REPAIRED,0,
68,06:39:51,102,INT-502,0,DEPARTURE,,
68,07:02:51,101,INT-501,20.075,CHECKPOINT,,
68,07:19:44,103,INT-503,0,DEPARTURE,,
68,07:42:44,102,INT-502,20.075,CHECKPOINT,,2393.28
68,07:52:59,101,INT-501,38,ARRIVAL,,
68,07:59:54,104,INT-504,0,DEPARTURE,,
68,08:22:37,103,INT-503,20.075,CHECKPOINT,,2393.28
68,08:32:52,102,INT-502,38,ARRIVAL,,2393.28
68,08:39:48,105,INT-505,0,DEPARTURE,,
68,09:02:47,104,INT-504,20.075,CHECKPOINT,,2409.9
68,09:12:45,103,INT-503,38,ARRIVAL,,2393.28
68,09:15:15,105,INT-505,10.118,BREAKDOWN,0,
68,09:16:38,104,INT-504,25.702,BREAKDOWN,0,
68,09:19:57,106,INT-506,0,DEPARTURE,,
68,09:45:27,105,INT-505,10.118,REPAIRED,0,
68,10:12:52,105,INT-505,20.075,CHECKPOINT,,4204.86
68,10:22:50,106,INT-506,20.075,CHECKPOINT,,598.32
68,10:30:19,104,INT-504,25.702,REPAIRED,0,
68,11:03:00,105,INT-505,38,ARRIVAL,,6614.76
68,11:06:36,104,INT-504,38,ARRIVAL,,216.06
68,11:12:58,106,INT-506,38,ARRIVAL,,382.26
69,05:59:58,101,INT-501,0,DEPARTURE,,
69,06:39:51,102,INT-502,0,DEPARTURE,,
69,07:02:51,101,INT-501,20.075,CHECKPOINT,,
69,07:19:44,103,INT-503,0,DEPARTURE,,
69,07:42:44,102,INT-502,20.075,CHECKPOINT,,2393.28
69,07:52:59,101,INT-501,38,ARRIVAL,,
69,07:59:54,104,INT-504,0,DEPARTURE,,
69,08:22:37,103,INT-503,20.075,CHECKPOINT,,2393.28
69,08:24:00,104,INT-504,7.388,BREAKDOWN,0,
69,08:32:52,102,INT-502,38,ARRIVAL,,2393.28
69,08:39:48,105,INT-505,0,DEPARTURE,,
69,08:43:24,104,INT-504,7.388,REPAIRED,0,
69,09:12:45,103,INT-503,38,ARRIVAL,,2393.28
69,09:19:57,106,INT-506,0,DEPARTURE,,
69,09:22:10,104,INT-504,20.075,CHECKPOINT,,3573.3
69,09:42:40,105,INT-505,20.075,CHECKPOINT,,1229.88
69,10:12:19,104,INT-504,38,ARRIVAL,,3573.3
69,10:22:50,106,INT-506,20.075,CHECKPOINT,,2409.9
69,10:32:49,105,INT-505,38,ARRIVAL,,1229.88
69,11:12:58,106,INT-506,38,ARRIVAL,,2409.9
70,05:59:58,101,INT-501,0,DEPARTURE,,
70,06:39:51,102,INT-502,0,DEPARTURE,,
70,07:02:51,101,INT-501,20.075,CHECKPOINT,,
70,07:16:25,102,INT-502,10.632,BREAKDOWN,0,
70,07:19:44,103,INT-503,0,DEPARTURE,,
70,07:48:49,102,INT-502,10.632,REPAIRED,0,
70,07:52:59,101,INT-501,38,ARRIVAL,,
70,07:59:54,104,INT-504,0,DEPARTURE,,
70,08:15:08,102,INT-502,20.075,CHECKPOINT,,4337.82
70,08:22:37,103,INT-503,20.075,CHECKPOINT,,448.74
70,08:39:48,105,INT-505,0,DEPARTURE,,
70,09:02:47,104,INT-504,20.075,CHECKPOINT,,2409.9
70,09:05:17,102,INT-502,38,ARRIVAL,,4337.82
70,09:12:45,103,INT-503,38,ARRIVAL,,448.74
70,09:19:57,106,INT-506,0,DEPARTURE,,
70,09:42:40,105,INT-505,20.075,CHECKPOINT,,2393.28
70,09:52:55,104,INT-504,38,ARRIVAL,,2409.9
70,10:09:49,105,INT-505,31.677,BREAKDOWN,0,
70,10:22:50,106,INT-506,20.075,CHECKPOINT,,2409.9
70,11:04:23,106,INT-506,34.955,BREAKDOWN,0,
70,11:34:51,105,INT-505,31.677,REPAIRED,0,
70,11:57:51,105,INT-505,38,ARRIVAL,,7495.62
70,12:42:43,106,INT-506,34.955,REPAIRED,0,
70,12:51:19,106,INT-506,38,ARRIVAL,,3207.66
71,05:59:58,101,INT-501,0,DEPARTURE,,
71,06:39:51,102,INT-502,0,DEPARTURE,,
71,07:02:51,101,INT-501,20.075,CHECKPOINT,,
71,07:06:10,102,INT-502,7.803,BREAKDOWN,0,
71,07:19:44,103,INT-503,0,DEPARTURE,,
71,07:27:13,102,INT-502,7.803,REPAIRED,0,
71,07:52:59,101,INT-501,38,ARRIVAL,,
71,07:59:54,104,INT-504,0,DEPARTURE,,
71,08:03:47,102,INT-502,20.075,CHECKPOINT,,3656.4
71,08:22:37,103,INT-503,20.075,CHECKPOINT,,1130.16
71,08:39:48,105,INT-505,0,DEPARTURE,,
71,08:41:11,105,INT-505,0.757,BREAKDOWN,0,
71,08:41:11,105,INT-505,0.757,REPAIRED,0,
71,08:53:55,102,INT-502,38,ARRIVAL,,3656.4
71,08:58:38,104,INT-504,18.552,BREAKDOWN,0,
71,09:12:45,103,INT-503,38,ARRIVAL,,1130.16
71,09:19:57,106,INT-506,0,DEPARTURE,,
71,09:42:40,105,INT-505,20.075,CHECKPOINT,,4803.18
71,09:52:55,104,INT-504,18.552,REPAIRED,0,
71,09:57:05,104,INT-504,20.075,CHECKPOINT,,864.24
71,10:04:33,104,INT-504,22.722,BREAKDOWN,0,
71,10:22:50,106,INT-506,20.075,CHECKPOINT,,1545.66
71,10:32:49,105,INT-505,38,ARRIVAL,,4803.18
71,10:49:59,106,INT-506,31.677,BREAKDOWN,0,
71,11:10:45,104,INT-504,22.722,REPAIRED,0,
71,11:53:25,104,INT-504,38,ARRIVAL,,4836.42
71,12:15:01,106,INT-506,31.677,REPAIRED,0,
71,12:38:01,106,INT-506,38,ARRIVAL,,2675.82
72,05:59:58,101,INT-501,0,DEPARTURE,,
72,06:19:21,101,INT-501,6.084,BREAKDOWN,0,
72,06:32:39,101,INT-501,6.084,REPAIRED,0,
72,06:39:51,102,INT-502,0,DEPARTURE,,
72,07:16:08,101,INT-501,20.075,CHECKPOINT,,
72,07:19:44,103,INT-503,0,DEPARTURE,,
72,07:30:33,102,INT-502,15.804,BREAKDOWN,0,
72,07:59:54,104,INT-504,0,DEPARTURE,,
72,08:00:44,103,INT-503,11.894,BREAKDOWN,0,
72,08:06:17,101,INT-501,38,ARRIVAL,,
72,08:18:28,102,INT-502,15.804,REPAIRED,0,
72,08:30:39,102,INT-502,20.075,CHECKPOINT,,4470.78
72,08:37:18,103,INT-503,11.894,REPAIRED,0,
72,08:39:48,105,INT-505,0,DEPARTURE,,
72,08:59:11,103,INT-503,20.075,CHECKPOINT,,1711.86
72,09:02:47,104,INT-504,20.075,CHECKPOINT,,216.06
72,09:19:57,106,INT-506,0,DEPARTURE,,
72,09:20:47,102,INT-502,38,ARRIVAL,,4470.78
72,09:25:13,104,INT-504,29.944,BREAKDOWN,0,
72,09:42:40,105,INT-505,20.075,CHECKPOINT,,2393.28
72,09:49:19,103,INT-503,38,ARRIVAL,,1711.86
72,10:00:07,106,INT-506,11.694,BREAKDOWN,0,
72,10:32:49,105,INT-505,38,ARRIVAL,,2609.34
72,10:36:08,106,INT-506,11.694,REPAIRED,0,
72,10:49:26,104,INT-504,29.944,REPAIRED,0,
72,10:58:51,106,INT-506,20.075,CHECKPOINT,,4570.5
72,11:17:08,104,INT-504,38,ARRIVAL,,2659.2
72,11:48:59,106,INT-506,38,ARRIVAL,,1911.3
73,05:59:58,101,INT-501,0,DEPARTURE,,
73,06:39:51,102,INT-502,0,DEPARTURE,,
73,07:02:51,101,INT-501,20.075,CHECKPOINT,,
73,07:18:55,102,INT-502,11.35,BREAKDOWN,0,
73,07:19:44,103,INT-503,0,DEPARTURE,,
73,07:52:59,101,INT-501,38,ARRIVAL,,
73,07:53:49,102,INT-502,11.35,REPAIRED,0,
73,07:59:54,104,INT-504,0,DEPARTURE,,
73,08:17:38,102,INT-502,20.075,CHECKPOINT,,4487.4
73,08:22:37,103,INT-503,20.075,CHECKPOINT,,299.16
73,08:39:48,105,INT-505,0,DEPARTURE,,
73,09:02:47,104,INT-504,20.075,CHECKPOINT,,2409.9
73,09:07:46,102,INT-502,38,ARRIVAL,,4487.4
73,09:12:45,103,INT-503,38,ARRIVAL,,299.16
73,09:19:57,106,INT-506,0,DEPARTURE,,
73,09:42:40,105,INT-505,20.075,CHECKPOINT,,2393.28
73,09:52:55,104,INT-504,38,ARRIVAL,,2409.9
73,10:22:50,106,INT-506,20.075,CHECKPOINT,,2409.9
73,10:32:49,105,INT-505,38,ARRIVAL,,2393.28
73,11:12:58,106,INT-506,38,ARRIVAL,,2409.9
74,05:59:58,101,INT-501,0,DEPARTURE,,
74,06:39:51,102,INT-502,0,DEPARTURE,,
74,06:49:00,101,INT-501,15.05,BREAKDOWN,0,
74,07:19:44,103,INT-503,0,DEPARTURE,,
74,07:35:15,101,INT-501,15.05,REPAIRED,0,
74,07:39:58,103,INT-503,6.226,BREAKDOWN,0,
74,07:42:44,102,INT-502,20.075,CHECKPOINT,,
74,07:49:06,101,INT-501,20.075,CHECKPOINT,,382.26
74,07:54:22,103,INT-503,6.226,REPAIRED,0,
74,07:59:54,104,INT-504,0,DEPARTURE,,
74,08:32:52,102,INT-502,38,ARRIVAL,,
74,08:37:01,103,INT-503,20.075,CHECKPOINT,,2875.26
74,08:39:14,101,INT-501,38,ARRIVAL,,382.26
74,08:39:48,105,INT-505,0,DEPARTURE,,
74,08:58:54,105,INT-505,6.046,BREAKDOWN,0,
74,09:02:47,104,INT-504,20.075,CHECKPOINT,,1545.66
74,09:11:55,105,INT-505,6.046,REPAIRED,0,
74,09:16:38,105,INT-505,7.232,BREAKDOWN,0,
74,09:19:57,106,INT-506,0,DEPARTURE,,
74,09:27:10,103,INT-503,38,ARRIVAL,,2875.26
74,09:35:28,105,INT-505,7.232,REPAIRED,0,
74,09:52:55,104,INT-504,38,ARRIVAL,,1545.66
74,10:14:32,105,INT-505,20.075,CHECKPOINT,,4304.58
74,10:22:50,106,INT-506,20.075,CHECKPOINT,,498.6
74,11:04:40,105,INT-505,38,ARRIVAL,,4304.58
74,11:12:58,106,INT-506,38,ARRIVAL,,498.6
75,05:59:58,101,INT-501,0,DEPARTURE,,
75,06:39:51,102,INT-502,0,DEPARTURE,,
75,07:02:51,101,INT-501,20.075,CHECKPOINT,,
75,07:19:44,103,INT-503,0,DEPARTURE,,
75,07:42:44,102,INT-502,20.075,CHECKPOINT,,2393.28
75,07:52:59,101,INT-501,38,ARRIVAL,,
75,07:59:54,104,INT-504,0,DEPARTURE,,
75,08:22:37,103,INT-503,20.075,CHECKPOINT,,2393.28
75,08:32:52,102,INT-502,38,ARRIVAL,,2393.28
75,08:39:48,105,INT-505,0,DEPARTURE,,
75,08:43:57,105,INT-505,1.812,BREAKDOWN,0,
75,08:43:57,105,INT-505,1.812,REPAIRED,0,
75,08:45:53,105,INT-505,2.764,BREAKDOWN,0,
75,08:48:56,105,INT-505,2.764,REPAIRED,0,
75,09:02:47,104,INT-504,20.075,CHECKPOINT,,2409.9
75,09:03:54,103,INT-503,34.933,BREAKDOWN,0,
75,09:19:57,106,INT-506,0,DEPARTURE,,
75,09:45:43,105,INT-505,20.075,CHECKPOINT,,2576.1
75,09:52:55,104,INT-504,38,ARRIVAL,,4803.18
75,10:15:05,105,INT-505,32.044,BREAKDOWN,0,
75,10:22:50,106,INT-506,20.075,CHECKPOINT,,2227.08
75,10:38:21,106,INT-506,26.468,BREAKDOWN,0,
75,10:41:57,103,INT-503,34.933,REPAIRED,0,
75,10:50:49,103,INT-503,38,ARRIVAL,,3473.58
75,11:40:07,105,INT-505,32.044,REPAIRED,0,
75,11:53:58,106,INT-506,26.468,REPAIRED,0,
75,12:00:54,105,INT-505,38,ARRIVAL,,4204.86
75,12:28:36,106,INT-506,38,ARRIVAL,,1662
76,05:59:58,101,INT-501,0,DEPARTURE,,
76,06:39:51,102,INT-502,0,DEPARTURE,,
76,07:02:51,101,INT-501,20.075,CHECKPOINT,,
76,07:19:44,103,INT-503,0,DEPARTURE,,
76,07:42:44,102,INT-502,20.075,CHECKPOINT,,2393.28
76,07:52:59,101,INT-501,38,ARRIVAL,,
76,07:59:54,104,INT-504,0,DEPARTURE,,
76,08:15:25,103,INT-503,17.644,BREAKDOWN,0,
76,08:21:31,104,INT-504,6.692,BREAKDOWN,0,
76,08:32:52,102,INT-502,38,ARRIVAL,,2393.28
76,08:38:08,104,INT-504,6.692,REPAIRED,0,
76,08:39:48,105,INT-505,0,DEPARTURE,,
76,09:07:30,103,INT-503,17.644,REPAIRED,0,
76,09:14:42,103,INT-503,20.075,CHECKPOINT,,5517.84
76,09:19:24,104,INT-504,20.075,CHECKPOINT,,282.54
76,09:19:57,106,INT-506,0,DEPARTURE,,
76,09:36:01,105,INT-505,17.765,BREAKDOWN,0,
76,10:04:50,103,INT-503,38,ARRIVAL,,5517.84
76,10:09:32,104,INT-504,38,ARRIVAL,,282.54
76,10:22:50,106,INT-506,20.075,CHECKPOINT,,3805.98
76,10:28:39,105,INT-505,17.765,REPAIRED,0,
76,10:35:18,105,INT-505,20.075,CHECKPOINT,,747.9
76,11:12:58,106,INT-506,38,ARRIVAL,,3805.98
76,11:25:26,105,INT-505,38,ARRIVAL,,747.9
77,05:59:58,101,INT-501,0,DEPARTURE,,
77,06:23:47,101,INT-501,7.232,BREAKDOWN,0,
77,06:39:51,102,INT-502,0,DEPARTURE,,
77,06:42:37,101,INT-501,7.232,REPAIRED,0,
77,07:19:44,103,INT-503,0,DEPARTURE,,
77,07:21:41,101,INT-501,20.075,CHECKPOINT,,
77,07:39:41,101,INT-501,27.643,BREAKDOWN,0,
77,07:42:44,102,INT-502,20.075,CHECKPOINT,,1263.12
77,07:59:54,104,INT-504,0,DEPARTURE,,
77,08:22:37,103,INT-503,20.075,CHECKPOINT,,2393.28
77,08:32:52,102,INT-502,38,ARRIVAL,,
77,08:39:48,105,INT-505,0,DEPARTURE,,
77,08:57:31,101,INT-501,27.643,REPAIRED,0,
77,09:02:47,104,INT-504,20.075,CHECKPOINT,,2409.9
77,09:05:17,101,INT-501,31.167,BREAKDOWN,0,
77,09:12:12,104,INT-504,23.739,BREAKDOWN,0,
77,09:12:45,103,INT-503,38,ARRIVAL,,2393.28
77,09:19:57,106,INT-506,0,DEPARTURE,,
77,09:20:47,106,INT-506,0.526,BREAKDOWN,0,
77,09:20:47,106,INT-506,0.526,REPAIRED,0,
77,09:42:40,105,INT-505,20.075,CHECKPOINT,,2393.28
77,10:20:04,104,INT-504,23.739,REPAIRED,0,
77,10:22:50,106,INT-506,20.075,CHECKPOINT,,2409.9
77,10:30:19,101,INT-501,31.167,REPAIRED,0,
77,10:32:49,105,INT-505,38,ARRIVAL,,4803.18
77,10:54:42,101,INT-501,38,ARRIVAL,,1312.98
77,11:00:47,104,INT-504,38,ARRIVAL,,365.64
77,11:12:58,106,INT-506,38,ARRIVAL,,731.28
78,05:59:58,101,INT-501,0,DEPARTURE,,
78,06:14:22,101,INT-501,4.934,BREAKDOWN,0,
78,06:22:07,101,INT-501,4.934,REPAIRED,0,
78,06:39:51,102,INT-502,0,DEPARTURE,,
78,07:10:36,101,INT-501,20.075,CHECKPOINT,,
78,07:19:44,103,INT-503,0,DEPARTURE,,
78,07:42:44,102,INT-502,20.075,CHECKPOINT,,1927.92
78,07:59:54,104,INT-504,0,DEPARTURE,,
78,08:00:44,101,INT-501,38,ARRIVAL,,
78,08:22:37,103,INT-503,20.075,CHECKPOINT,,2393.28
78,08:32:52,102,INT-502,38,ARRIVAL,,1927.92
78,08:39:48,105,INT-505,0,DEPARTURE,,
78,09:02:47,104,INT-504,20.075,CHECKPOINT,,2409.9
78,09:10:32,104,INT-504,22.865,BREAKDOWN,0,
78,09:12:45,103,INT-503,38,ARRIVAL,,2393.28
78,09:19:57,106,INT-506,0,DEPARTURE,,
78,09:42:24,105,INT-505,19.99,BREAKDOWN,0,
78,10:16:45,104,INT-504,22.865,REPAIRED,0,
78,10:22:50,106,INT-506,20.075,CHECKPOINT,,4803.18
78,10:37:31,104,INT-504,31.9,BREAKDOWN,0,
78,10:40:51,105,INT-505,19.99,REPAIRED,0,
78,10:41:07,105,INT-505,20.075,CHECKPOINT,,1096.92
78,10:52:45,106,INT-506,32.099,BREAKDOWN,0,
78,11:31:15,105,INT-505,38,ARRIVAL,,8310
78,12:02:33,104,INT-504,31.9,REPAIRED,0,
78,12:17:48,106,INT-506,32.099,REPAIRED,0,
78,12:24:10,104,INT-504,38,ARRIVAL,,3174.42
78,12:24:26,106,INT-506,33.928,BREAKDOWN,0,
78,13:58:21,106,INT-506,33.928,REPAIRED,0,
78,14:11:55,106,INT-506,38,ARRIVAL,,6465.18
79,05:59:58,101,INT-501,0,DEPARTURE,,
79,06:39:51,102,INT-502,0,DEPARTURE,,
79,07:02:17,101,INT-501,19.955,BREAKDOWN,0,
79,07:19:44,103,INT-503,0,DEPARTURE,,
79,07:42:44,102,INT-502,20.075,CHECKPOINT,,
79,07:59:54,104,INT-504,0,DEPARTURE,,
79,08:00:44,101,INT-501,19.955,REPAIRED,0,
79,08:01:17,101,INT-501,20.075,CHECKPOINT,,1113.54
79,08:22:37,103,INT-503,20.075,CHECKPOINT,,1279.74
79,08:32:52,102,INT-502,38,ARRIVAL,,
79,08:39:48,105,INT-505,0,DEPARTURE,,
79,08:51:26,101,INT-501,38,ARRIVAL,,1113.54
79,09:02:47,104,INT-504,20.075,CHECKPOINT,,2409.9
79,09:12:45,103,INT-503,38,ARRIVAL,,1279.74
79,09:19:57,106,INT-506,0,DEPARTURE,,
79,09:42:40,105,INT-505,20.075,CHECKPOINT,,2393.28
79,09:52:55,104,INT-504,38,ARRIVAL,,2409.9
79,10:22:50,106,INT-506,20.075,CHECKPOINT,,2409.9
79,10:26:43,106,INT-506,21.892,BREAKDOWN,0,
79,10:32:49,105,INT-505,38,ARRIVAL,,2393.28
79,11:31:15,106,INT-506,21.892,REPAIRED,0,
79,12:17:31,106,INT-506,38,ARRIVAL,,6282.36
80,05:59:58,101,INT-501,0,DEPARTURE,,
80,06:39:51,102,INT-502,0,DEPARTURE,,
80,07:02:51,101,INT-501,20.075,CHECKPOINT,,
80,07:19:44,103,INT-503,0,DEPARTURE,,
80,07:42:44,102,INT-502,20.075,CHECKPOINT,,2393.28
80,07:44:24,102,INT-502,20.599,BREAKDOWN,0,
80,07:52:59,101,INT-501,38,ARRIVAL,,
80,07:59:54,104,INT-504,0,DEPARTURE,,
80,08:22:37,103,INT-503,20.075,CHECKPOINT,,2393.28
80,08:39:48,105,INT-505,0,DEPARTURE,,
80,08:45:03,102,INT-502,20.599,REPAIRED,0,
80,09:01:57,103,INT-503,34.739,BREAKDOWN,0,
80,09:02:47,104,INT-504,20.075,CHECKPOINT,,2409.9
80,09:19:57,106,INT-506,0,DEPARTURE,,
80,09:33:32,102,INT-502,38,ARRIVAL,,6033.06
80,09:42:40,105,INT-505,20.075,CHECKPOINT,,2393.28
80,09:44:37,105,INT-505,20.754,BREAKDOWN,0,
80,09:52:55,104,INT-504,38,ARRIVAL,,1163.4
80,10:22:50,106,INT-506,20.075,CHECKPOINT,,2409.9
80,10:39:27,103,INT-503,34.739,REPAIRED,0,
80,10:45:50,105,INT-505,20.754,REPAIRED,0,
80,10:50:16,103,INT-503,38,ARRIVAL,,3440.34
80,11:12:58,106,INT-506,38,ARRIVAL,,1362.84
80,11:34:02,105,INT-505,38,ARRIVAL,,1263.12
81,05:59:58,101,INT-501,0,DEPARTURE,,
81,06:39:51,102,INT-502,0,DEPARTURE,,
81,07:02:51,101,INT-501,20.075,CHECKPOINT,,
81,07:19:44,103,INT-503,0,DEPARTURE,,
81,07:42:44,102,INT-502,20.075,CHECKPOINT,,2393.28
81,07:52:59,101,INT-501,38,ARRIVAL,,
81,07:59:54,104,INT-504,0,DEPARTURE,,
81,08:22:37,103,INT-503,20.075,CHECKPOINT,,2393.28
81,08:32:52,102,INT-502,38,ARRIVAL,,2393.28
81,08:39:48,105,INT-505,0,DEPARTURE,,
81,09:02:47,104,INT-504,20.075,CHECKPOINT,,2409.9
81,09:12:45,103,INT-503,38,ARRIVAL,,2393.28
81,09:19:57,106,INT-506,0,DEPARTURE,,
81,09:42:40,105,INT-505,20.075,CHECKPOINT,,2393.28
81,09:52:55,104,INT-504,38,ARRIVAL,,2409.9
81,10:22:50,106,INT-506,20.075,CHECKPOINT,,2409.9
81,10:32:49,105,INT-505,38,ARRIVAL,,2393.28
81,11:12:58,106,INT-506,38,ARRIVAL,,2409.9
82,05:59:58,101,INT-501,0,DEPARTURE,,
82,06:39:51,102,INT-502,0,DEPARTURE,,
82,07:02:51,101,INT-501,20.075,CHECKPOINT,,
82,07:19:44,103,INT-503,0,DEPARTURE,,
82,07:42:44,102,INT-502,20.075,CHECKPOINT,,2393.28
82,07:52:59,101,INT-501,38,ARRIVAL,,
82,07:59:54,104,INT-504,0,DEPARTURE,,
82,08:22:37,103,INT-503,20.075,CHECKPOINT,,2393.28
82,08:32:52,102,INT-502,38,ARRIVAL,,2393.28
82,08:39:48,105,INT-505,0,DEPARTURE,,
82,09:02:47,104,INT-504,20.075,CHECKPOINT,,2409.9
82,09:12:45,103,INT-503,38,ARRIVAL,,2393.28
82,09:19:57,106,INT-506,0,DEPARTURE,,
82,09:42:40,105,INT-505,20.075,CHECKPOINT,,2393.28
82,09:52:55,104,INT-504,38,ARRIVAL,,2409.9
82,10:20:04,105,INT-505,34.246,BREAKDOWN,0,
82,10:22:50,106,INT-506,20.075,CHECKPOINT,,2409.9
82,11:12:58,106,INT-506,38,ARRIVAL,,4803.18
82,11:55:05,105,INT-505,34.246,REPAIRED,0,
82,12:07:49,105,INT-505,38,ARRIVAL,,3290.76
83,05:59:58,101,INT-501,0,DEPARTURE,,
83,06:39:51,102,INT-502,0,DEPARTURE,,
83,06:50:06,102,INT-502,4.127,BREAKDOWN,0,
83,06:56:28,102,INT-502,4.127,REPAIRED,0,
83,07:02:51,101,INT-501,20.075,CHECKPOINT,,
83,07:19:44,103,INT-503,0,DEPARTURE,,
83,07:35:32,103,INT-503,5.214,BREAKDOWN,0,
83,07:44:24,103,INT-503,5.214,REPAIRED,0,
83,07:49:06,102,INT-502,20.075,CHECKPOINT,,2775.54
83,07:52:59,101,INT-501,38,ARRIVAL,,
83,07:55:28,102,INT-502,22.53,BREAKDOWN,0,
83,07:59:54,104,INT-504,0,DEPARTURE,,
83,08:31:29,103,INT-503,20.075,CHECKPOINT,,2542.86
83,08:39:48,105,INT-505,0,DEPARTURE,,
83,08:40:54,103,INT-503,23.739,BREAKDOWN,0,
83,09:01:24,102,INT-502,22.53,REPAIRED,0,
83,09:02:47,104,INT-504,20.075,CHECKPOINT,,1878.06
83,09:14:42,102,INT-502,27.857,BREAKDOWN,0,
83,09:19:57,106,INT-506,0,DEPARTURE,,
83,09:42:40,105,INT-505,20.075,CHECKPOINT,,2393.28
83,09:48:46,103,INT-503,23.739,REPAIRED,0,
83,09:52:55,104,INT-504,38,ARRIVAL,,7196.46
83,10:22:50,106,INT-506,20.075,CHECKPOINT,,2409.9
83,10:29:29,103,INT-503,38,ARRIVAL,,2193.84
83,10:32:49,105,INT-505,38,ARRIVAL,,199.44
83,10:32:49,102,INT-502,27.857,REPAIRED,0,
83,11:03:17,102,INT-502,38,ARRIVAL,,1828.2
83,11:12:58,106,INT-506,38,ARRIVAL,,581.7
84,05:59:58,101,INT-501,0,DEPARTURE,,
84,06:39:51,102,INT-502,0,DEPARTURE,,
84,07:02:51,101,INT-501,20.075,CHECKPOINT,,
84,07:19:44,103,INT-503,0,DEPARTURE,,
84,07:42:44,102,INT-502,20.075,CHECKPOINT,,2393.28
84,07:52:59,101,INT-501,38,ARRIVAL,,
84,07:59:54,104,INT-504,0,DEPARTURE,,
84,08:02:57,103,INT-503,12.566,BREAKDOWN,0,
84,08:14:52,104,INT-504,5.091,BREAKDOWN,0,
84,08:23:10,104,INT-504,5.091,REPAIRED,0,
84,08:32:52,102,INT-502,38,ARRIVAL,,2393.28
84,08:39:48,105,INT-505,0,DEPARTURE,,
84,08:42:01,103,INT-503,12.566,REPAIRED,0,
84,09:01:41,103,INT-503,20.075,CHECKPOINT,,4736.7
84,09:11:06,104,INT-504,20.075,CHECKPOINT,,565.08
84,09:19:57,106,INT-506,0,DEPARTURE,,
84,09:42:40,105,INT-505,20.075,CHECKPOINT,,1894.68
84,09:51:49,103,INT-503,38,ARRIVAL,,4736.7
84,10:01:14,104,INT-504,38,ARRIVAL,,565.08
84,10:22:50,106,INT-506,20.075,CHECKPOINT,,2409.9
84,10:32:49,105,INT-505,38,ARRIVAL,,1894.68
84,11:12:58,106,INT-506,38,ARRIVAL,,2409.9
85,05:59:58,101,INT-501,0,DEPARTURE,,
85,06:39:51,102,INT-502,0,DEPARTURE,,
85,07:02:51,101,INT-501,20.075,CHECKPOINT,,
85,07:19:44,103,INT-503,0,DEPARTURE,,
85,07:31:56,101,INT-501,31.976,BREAKDOWN,0,
85,07:42:44,102,INT-502,20.075,CHECKPOINT,,2393.28
85,07:59:54,104,INT-504,0,DEPARTURE,,
85,08:22:37,103,INT-503,20.075,CHECKPOINT,,2393.28
85,08:32:52,102,INT-502,38,ARRIVAL,,
85,08:39:48,105,INT-505,0,DEPARTURE,,
85,08:56:58,101,INT-501,31.976,REPAIRED,0,
85,09:02:47,104,INT-504,20.075,CHECKPOINT,,2409.9
85,09:12:45,103,INT-503,38,ARRIVAL,,2393.28
85,09:18:01,101,INT-501,38,ARRIVAL,,315.78
85,09:19:57,106,INT-506,0,DEPARTURE,,
85,09:42:40,105,INT-505,20.075,CHECKPOINT,,2393.28
85,09:52:55,104,INT-504,38,ARRIVAL,,2094.12
85,10:22:50,106,INT-506,20.075,CHECKPOINT,,2409.9
85,10:32:49,105,INT-505,38,ARRIVAL,,2393.28
85,11:12:58,106,INT-506,38,ARRIVAL,,2409.9
86,05:59:58,101,INT-501,0,DEPARTURE,,
86,06:39:51,102,INT-502,0,DEPARTURE,,
86,07:02:51,101,INT-501,20.075,CHECKPOINT,,
86,07:19:44,103,INT-503,0,DEPARTURE,,
86,07:42:44,102,INT-502,20.075,CHECKPOINT,,2393.28
86,07:52:59,101,INT-501,38,ARRIVAL,,
86,07:59:54,104,INT-504,0,DEPARTURE,,
86,08:22:37,103,INT-503,20.075,CHECKPOINT,,2393.28
86,08:32:52,102,INT-502,38,ARRIVAL,,2393.28
86,08:39:48,105,INT-505,0,DEPARTURE,,
86,08:50:19,104,INT-504,15.675,BREAKDOWN,0,
86,09:12:45,103,INT-503,38,ARRIVAL,,2393.28
86,09:19:57,106,INT-506,0,DEPARTURE,,
86,09:37:58,104,INT-504,15.675,REPAIRED,0,
86,09:42:40,105,INT-505,20.075,CHECKPOINT,,4803.18
86,09:50:26,104,INT-504,20.075,CHECKPOINT,,465.36
86,09:58:28,104,INT-504,23.011,BREAKDOWN,0,
86,10:14:15,105,INT-505,32.589,BREAKDOWN,0,
86,10:22:50,106,INT-506,20.075,CHECKPOINT,,1944.54
86,10:27:16,106,INT-506,22.255,BREAKDOWN,0,
86,11:04:56,104,INT-504,23.011,REPAIRED,0,
86,11:32:38,106,INT-506,22.255,REPAIRED,0,
86,11:39:17,105,INT-505,32.589,REPAIRED,0,
86,11:47:03,104,INT-504,38,ARRIVAL,,9257.34
86,11:57:51,105,INT-505,38,ARRIVAL,,648.18
86,12:18:21,106,INT-506,38,ARRIVAL,,1229.88
87,05:59:58,101,INT-501,0,DEPARTURE,,
87,06:39:51,102,INT-502,0,DEPARTURE,,
87,07:02:51,101,INT-501,20.075,CHECKPOINT,,
87,07:19:44,103,INT-503,0,DEPARTURE,,
87,07:42:44,102,INT-502,20.075,CHECKPOINT,,2393.28
87,07:52:59,101,INT-501,38,ARRIVAL,,
87,07:59:54,104,INT-504,0,DEPARTURE,,
87,08:22:37,103,INT-503,20.075,CHECKPOINT,,2393.28
87,08:32:52,102,INT-502,38,ARRIVAL,,2393.28
87,08:38:08,104,INT-504,11.079,BREAKDOWN,0,
87,08:39:48,105,INT-505,0,DEPARTURE,,
87,08:52:15,105,INT-505,4.497,BREAKDOWN,0,
87,08:59:28,105,INT-505,4.497,REPAIRED,0,
87,09:09:26,105,INT-505,6.954,BREAKDOWN,0,
87,09:11:39,104,INT-504,11.079,REPAIRED,0,
87,09:12:45,103,INT-503,38,ARRIVAL,,2393.28
87,09:19:57,106,INT-506,0,DEPARTURE,,
87,09:26:53,105,INT-505,6.954,REPAIRED,0,
87,09:36:18,104,INT-504,20.075,CHECKPOINT,,4420.92
87,10:07:19,105,INT-505,20.075,CHECKPOINT,,1861.44
87,10:22:50,106,INT-506,20.075,CHECKPOINT,,930.72
87,10:26:26,104,INT-504,38,ARRIVAL,,4420.92
87,10:57:28,105,INT-505,38,ARRIVAL,,1861.44
87,11:12:58,106,INT-506,38,ARRIVAL,,930.72
88,05:59:58,101,INT-501,0,DEPARTURE,,
88,06:39:51,102,INT-502,0,DEPARTURE,,
88,07:02:51,101,INT-501,20.075,CHECKPOINT,,
88,07:19:44,103,INT-503,0,DEPARTURE,,
88,07:42:44,102,INT-502,20.075,CHECKPOINT,,2393.28
88,07:52:59,101,INT-501,38,ARRIVAL,,
88,07:59:54,104,INT-504,0,DEPARTURE,,
88,08:22:37,103,INT-503,20.075,CHECKPOINT,,2393.28
88,08:32:52,102,INT-502,38,ARRIVAL,,2393.28
88,08:39:48,105,INT-505,0,DEPARTURE,,
88,09:02:47,104,INT-504,20.075,CHECKPOINT,,2409.9
88,09:12:45,103,INT-503,38,ARRIVAL,,2393.28
88,09:19:57,106,INT-506,0,DEPARTURE,,
88,09:42:40,105,INT-505,20.075,CHECKPOINT,,2393.28
88,09:52:55,104,INT-504,38,ARRIVAL,,2409.9
88,10:22:50,106,INT-506,20.075,CHECKPOINT,,2409.9
88,10:32:49,105,INT-505,38,ARRIVAL,,2393.28
88,11:12:58,106,INT-506,38,ARRIVAL,,2409.9
89,05:59:58,101,INT-501,0,DEPARTURE,,
89,06:19:21,101,INT-501,6.084,BREAKDOWN,0,
89,06:32:39,101,INT-501,6.084,REPAIRED,0,
89,06:39:51,102,INT-502,0,DEPARTURE,,
89,07:16:08,101,INT-501,20.075,CHECKPOINT,,
89,07:19:44,103,INT-503,0,DEPARTURE,,
89,07:42:44,102,INT-502,20.075,CHECKPOINT,,1595.52
89,07:59:54,104,INT-504,0,DEPARTURE,,
89,08:06:17,101,INT-501,38,ARRIVAL,,
89,08:22:37,103,INT-503,20.075,CHECKPOINT,,2393.28
89,08:31:29,102,INT-502,37.749,BREAKDOWN,0,
89,08:39:48,105,INT-505,0,DEPARTURE,,
89,09:02:47,104,INT-504,20.075,CHECKPOINT,,2409.9
89,09:12:45,103,INT-503,38,ARRIVAL,,3988.8
89,09:19:57,106,INT-506,0,DEPARTURE,,
89,09:42:40,105,INT-505,20.075,CHECKPOINT,,2393.28
89,09:52:55,104,INT-504,38,ARRIVAL,,2409.9
89,10:02:54,106,INT-506,12.491,BREAKDOWN,0,
89,10:19:14,102,INT-502,37.749,REPAIRED,0,
89,10:20:37,102,INT-502,38,ARRIVAL,,1662
89,10:32:49,105,INT-505,38,ARRIVAL,,731.28
89,10:41:24,106,INT-506,12.491,REPAIRED,0,
89,11:01:20,106,INT-506,20.075,CHECKPOINT,,4720.08
89,11:51:29,106,INT-506,38,ARRIVAL,,4720.08
90,05:59:58,101,INT-501,0,DEPARTURE,,
90,06:39:51,102,INT-502,0,DEPARTURE,,
90,07:02:51,101,INT-501,20.075,CHECKPOINT,,
90,07:19:44,103,INT-503,0,DEPARTURE,,
90,07:42:44,102,INT-502,20.075,CHECKPOINT,,2393.28
90,07:52:59,101,INT-501,38,ARRIVAL,,
90,07:59:54,104,INT-504,0,DEPARTURE,,
90,08:22:37,103,INT-503,20.075,CHECKPOINT,,2393.28
90,08:24:50,103,INT-503,20.909,BREAKDOWN,0,
90,08:32:52,102,INT-502,38,ARRIVAL,,2393.28
90,08:39:48,105,INT-505,0,DEPARTURE,,
90,09:02:47,104,INT-504,20.075,CHECKPOINT,,2409.9
90,09:19:57,106,INT-506,0,DEPARTURE,,
90,09:26:20,103,INT-503,20.909,REPAIRED,0,
90,09:40:44,104,INT-504,34.549,BREAKDOWN,0,
90,09:42:40,105,INT-505,20.075,CHECKPOINT,,2393.28
90,10:14:15,103,INT-503,38,ARRIVAL,,6082.92
90,10:22:50,106,INT-506,20.075,CHECKPOINT,,2409.9
90,10:32:49,105,INT-505,38,ARRIVAL,,1113.54
90,10:50:49,106,INT-506,31.852,BREAKDOWN,0,
90,11:17:24,104,INT-504,34.549,REPAIRED,0,
90,11:29:36,104,INT-504,38,ARRIVAL,,3407.1
90,12:15:51,106,INT-506,31.852,REPAIRED,0,
90,12:38:01,106,INT-506,38,ARRIVAL,,4105.14
91,05:59:58,101,INT-501,0,DEPARTURE,,
91,06:39:51,102,INT-502,0,DEPARTURE,,
91,06:59:48,101,INT-501,19.015,BREAKDOWN,0,
91,07:19:44,103,INT-503,0,DEPARTURE,,
91,07:42:44,102,INT-502,20.075,CHECKPOINT,,
91,07:55:45,101,INT-501,19.015,REPAIRED,0,
91,07:58:48,101,INT-501,20.075,CHECKPOINT,,963.96
91,07:59:54,104,INT-504,0,DEPARTURE,,
91,08:22:37,103,INT-503,20.075,CHECKPOINT,,1429.32
91,08:32:52,102,INT-502,38,ARRIVAL,,
91,08:39:48,105,INT-505,0,DEPARTURE,,
91,08:41:44,101,INT-501,35.746,BREAKDOWN,0,
91,09:02:47,104,INT-504,20.075,CHECKPOINT,,2409.9
91,09:12:45,103,INT-503,38,ARRIVAL,,2393.28
91,09:19:57,106,INT-506,0,DEPARTURE,,
91,09:42:40,105,INT-505,20.075,CHECKPOINT,,2393.28
91,09:52:55,104,INT-504,38,ARRIVAL,,2409.9
91,10:22:17,101,INT-501,35.746,REPAIRED,0,
91,10:22:50,106,INT-506,20.075,CHECKPOINT,,2409.9
91,10:29:29,101,INT-501,38,ARRIVAL,,2193.84
91,10:32:49,105,INT-505,38,ARRIVAL,,199.44
91,11:12:58,106,INT-506,38,ARRIVAL,,2409.9
92,05:59:58,101,INT-501,0,DEPARTURE,,
92,06:39:51,102,INT-502,0,DEPARTURE,,
92,07:02:51,101,INT-501,20.075,CHECKPOINT,,
92,07:10:19,101,INT-501,22.722,BREAKDOWN,0,
92,07:19:44,103,INT-503,0,DEPARTURE,,
92,07:42:44,102,INT-502,20.075,CHECKPOINT,,2393.28
92,07:43:50,102,INT-502,20.412,BREAKDOWN,0,
92,07:59:54,104,INT-504,0,DEPARTURE,,
92,08:03:47,104,INT-504,1.6,BREAKDOWN,0,
92,08:03:47,104,INT-504,1.6,REPAIRED,0,
92,08:16:31,101,INT-501,22.722,REPAIRED,0,
92,08:22:37,103,INT-503,20.075,CHECKPOINT,,2393.28
92,08:39:48,105,INT-505,0,DEPARTURE,,
92,08:43:57,102,INT-502,20.412,REPAIRED,0,
92,08:49:13,103,INT-503,31.445,BREAKDOWN,0,
92,08:59:11,101,INT-501,38,ARRIVAL,,
92,09:02:47,104,INT-504,20.075,CHECKPOINT,,2409.9
92,09:19:57,106,INT-506,0,DEPARTURE,,
92,09:32:59,102,INT-502,38,ARRIVAL,,2027.64
92,09:42:40,105,INT-505,20.075,CHECKPOINT,,2393.28
92,09:52:55,104,INT-504,38,ARRIVAL,,1196.64
92,10:14:15,103,INT-503,31.445,REPAIRED,0,
92,10:22:50,106,INT-506,20.075,CHECKPOINT,,2409.9
92,10:32:49,105,INT-505,38,ARRIVAL,,2393.28
92,10:37:48,103,INT-503,38,ARRIVAL,,299.16
92,11:12:58,106,INT-506,38,ARRIVAL,,2110.74
93,05:59:58,101,INT-501,0,DEPARTURE,,
93,06:39:51,102,INT-502,0,DEPARTURE,,
93,07:02:51,101,INT-501,20.075,CHECKPOINT,,
93,07:19:44,103,INT-503,0,DEPARTURE,,
93,07:42:44,102,INT-502,20.075,CHECKPOINT,,2393.28
93,07:52:59,101,INT-501,38,ARRIVAL,,
93,07:59:54,104,INT-504,0,DEPARTURE,,
93,08:22:37,103,INT-503,20.075,CHECKPOINT,,2393.28
93,08:32:52,102,INT-502,38,ARRIVAL,,2393.28
93,08:39:48,105,INT-505,0,DEPARTURE,,
93,08:42:50,103,INT-503,27.967,BREAKDOWN,0,
93,08:53:05,105,INT-505,4.723,BREAKDOWN,0,
93,09:00:34,105,INT-505,4.723,REPAIRED,0,
93,09:02:47,104,INT-504,20.075,CHECKPOINT,,2409.9
93,09:19:57,106,INT-506,0,DEPARTURE,,
93,09:50:09,105,INT-505,20.075,CHECKPOINT,,2842.02
93,09:52:55,104,INT-504,38,ARRIVAL,,4803.18
93,09:58:44,106,INT-506,11.213,BREAKDOWN,0,
93,10:01:14,103,INT-503,27.967,REPAIRED,0,
93,10:31:09,103,INT-503,38,ARRIVAL,,2293.56
93,10:32:49,106,INT-506,11.213,REPAIRED,0,
93,10:40:17,105,INT-505,38,ARRIVAL,,548.46
93,10:56:54,106,INT-506,20.075,CHECKPOINT,,4005.42
93,11:47:03,106,INT-506,38,ARRIVAL,,4005.42
94,05:59:58,101,INT-501,0,DEPARTURE,,
94,06:39:51,102,INT-502,0,DEPARTURE,,
94,07:02:51,101,INT-501,20.075,CHECKPOINT,,
94,07:19:44,103,INT-503,0,DEPARTURE,,
94,07:42:44,102,INT-502,20.075,CHECKPOINT,,2393.28
94,07:52:59,101,INT-501,38,ARRIVAL,,
94,07:59:54,104,INT-504,0,DEPARTURE,,
94,08:22:37,103,INT-503,20.075,CHECKPOINT,,2393.28
94,08:26:46,104,INT-504,7.926,BREAKDOWN,0,
94,08:32:52,102,INT-502,38,ARRIVAL,,2393.28
94,08:39:48,105,INT-505,0,DEPARTURE,,
94,08:40:04,103,INT-503,27.375,BREAKDOWN,0,
94,08:48:23,104,INT-504,7.926,REPAIRED,0,
94,09:19:57,106,INT-506,0,DEPARTURE,,
94,09:24:23,104,INT-504,20.075,CHECKPOINT,,3706.26
94,09:42:40,105,INT-505,20.075,CHECKPOINT,,1096.92
94,09:49:52,106,INT-506,8.659,BREAKDOWN,0,
94,09:57:54,103,INT-503,27.375,REPAIRED,0,
94,10:13:58,106,INT-506,8.659,REPAIRED,0,
94,10:14:32,104,INT-504,38,ARRIVAL,,6099.54
94,10:22:50,103,INT-503,35.415,BREAKDOWN,0,
94,10:32:49,105,INT-505,38,ARRIVAL,,1096.92
94,10:46:56,106,INT-506,20.075,CHECKPOINT,,3855.84
94,11:37:04,106,INT-506,38,ARRIVAL,,3855.84
94,12:02:00,103,INT-503,35.415,REPAIRED,0,
94,12:09:46,103,INT-503,38,ARRIVAL,,1961.16
95,05:59:58,101,INT-501,0,DEPARTURE,,
95,06:39:51,102,INT-502,0,DEPARTURE,,
95,07:02:51,101,INT-501,20.075,CHECKPOINT,,
95,07:19:44,103,INT-503,0,DEPARTURE,,
95,07:33:02,102,INT-502,16.818,BREAKDOWN,0,
95,07:52:59,101,INT-501,38,ARRIVAL,,
95,07:59:54,104,INT-504,0,DEPARTURE,,
95,08:22:37,103,INT-503,20.075,CHECKPOINT,,4786.56
95,08:23:10,102,INT-502,16.818,REPAIRED,0,
95,08:32:52,102,INT-502,20.075,CHECKPOINT,,614.94
95,08:39:48,105,INT-505,0,DEPARTURE,,
95,09:02:47,104,INT-504,20.075,CHECKPOINT,,1794.96
95,09:12:45,103,INT-503,38,ARRIVAL,,4786.56
95,09:19:57,106,INT-506,0,DEPARTURE,,
95,09:23:00,102,INT-502,38,ARRIVAL,,614.94
95,09:42:40,105,INT-505,20.075,CHECKPOINT,,2393.28
95,09:52:55,104,INT-504,38,ARRIVAL,,1794.96
95,10:20:21,105,INT-505,34.394,BREAKDOWN,0,
95,10:22:50,106,INT-506,20.075,CHECKPOINT,,2409.9
95,10:33:38,106,INT-506,24.334,BREAKDOWN,0,
95,11:44:50,106,INT-506,24.334,REPAIRED,0,
95,11:55:38,105,INT-505,34.394,REPAIRED,0,
95,12:08:06,105,INT-505,38,ARRIVAL,,8110.56
95,12:24:10,106,INT-506,38,ARRIVAL,,963.96
96,05:59:58,101,INT-501,0,DEPARTURE,,
96,06:08:00,101,INT-501,3.302,BREAKDOWN,0,
96,06:12:42,101,INT-501,3.302,REPAIRED,0,
96,06:39:51,102,INT-502,0,DEPARTURE,,
96,07:07:33,101,INT-501,20.075,CHECKPOINT,,
96,07:19:44,103,INT-503,0,DEPARTURE,,
96,07:42:44,102,INT-502,20.075,CHECKPOINT,,2110.74
96,07:57:41,101,INT-501,38,ARRIVAL,,
96,07:59:54,104,INT-504,0,DEPARTURE,,
96,08:19:34,103,INT-503,19.015,BREAKDOWN,0,
96,08:32:52,102,INT-502,38,ARRIVAL,,2110.74
96,08:39:48,105,INT-505,0,DEPARTURE,,
96,09:02:47,104,INT-504,20.075,CHECKPOINT,,4803.18
96,09:15:32,103,INT-503,19.015,REPAIRED,0,
96,09:18:34,103,INT-503,20.075,CHECKPOINT,,947.34
96,09:19:57,106,INT-506,0,DEPARTURE,,
96,09:42:40,105,INT-505,20.075,CHECKPOINT,,1445.94
96,09:50:42,104,INT-504,37.621,BREAKDOWN,0,
96,09:59:18,106,INT-506,11.482,BREAKDOWN,0,
96,10:08:43,103,INT-503,38,ARRIVAL,,5750.52
96,10:32:49,105,INT-505,38,ARRIVAL,,1445.94
96,10:34:45,106,INT-506,11.482,REPAIRED,0,
96,10:58:18,106,INT-506,20.075,CHECKPOINT,,4537.26
96,11:37:54,104,INT-504,37.621,REPAIRED,0,
96,11:40:07,104,INT-504,38,ARRIVAL,,4038.66
96,11:48:26,106,INT-506,38,ARRIVAL,,498.6
97,05:59:58,101,INT-501,0,DEPARTURE,,
97,06:39:51,102,INT-502,0,DEPARTURE,,
97,07:02:51,101,INT-501,20.075,CHECKPOINT,,
97,07:19:44,103,INT-503,0,DEPARTURE,,
97,07:25:50,101,INT-501,30.422,BREAKDOWN,0,
97,07:27:13,102,INT-502,14.296,BREAKDOWN,0,
97,07:59:54,104,INT-504,0,DEPARTURE,,
97,08:11:49,102,INT-502,14.296,REPAIRED,0,
97,08:22:37,103,INT-503,20.075,CHECKPOINT,,4786.56
97,08:27:20,102,INT-502,20.075,CHECKPOINT,,282.54
97,08:39:48,105,INT-505,0,DEPARTURE,,
97,08:50:36,101,INT-501,30.422,REPAIRED,0,
97,09:02:47,104,INT-504,20.075,CHECKPOINT,,2127.36
97,09:12:45,103,INT-503,38,ARRIVAL,,
97,09:17:28,102,INT-502,38,ARRIVAL,,282.54
97,09:17:45,101,INT-501,38,ARRIVAL,,16.62
97,09:19:57,106,INT-506,0,DEPARTURE,,
97,09:29:39,106,INT-506,3.967,BREAKDOWN,0,
97,09:35:28,106,INT-506,3.967,REPAIRED,0,
97,09:42:40,105,INT-505,20.075,CHECKPOINT,,2393.28
97,09:52:55,104,INT-504,38,ARRIVAL,,2110.74
97,10:28:39,106,INT-506,20.075,CHECKPOINT,,2758.92
97,10:32:49,105,INT-505,38,ARRIVAL,,2393.28
97,11:18:47,106,INT-506,38,ARRIVAL,,2758.92
98,05:59:58,101,INT-501,0,DEPARTURE,,
98,06:39:51,102,INT-502,0,DEPARTURE,,
98,06:50:56,102,INT-502,4.306,BREAKDOWN,0,
98,06:57:51,102,INT-502,4.306,REPAIRED,0,
98,07:02:51,101,INT-501,20.075,CHECKPOINT,,
98,07:19:44,103,INT-503,0,DEPARTURE,,
98,07:49:39,102,INT-502,20.075,CHECKPOINT,,2808.78
98,07:52:59,101,INT-501,38,ARRIVAL,,
98,07:59:54,104,INT-504,0,DEPARTURE,,
98,08:22:37,103,INT-503,20.075,CHECKPOINT,,1977.78
98,08:39:48,105,INT-505,0,DEPARTURE,,
98,08:39:48,102,INT-502,38,ARRIVAL,,2808.78
98,09:02:47,104,INT-504,20.075,CHECKPOINT,,2409.9
98,09:12:45,103,INT-503,38,ARRIVAL,,1977.78
98,09:19:57,106,INT-506,0,DEPARTURE,,
98,09:42:40,105,INT-505,20.075,CHECKPOINT,,2393.28
98,09:52:55,104,INT-504,38,ARRIVAL,,2409.9
98,10:22:50,106,INT-506,20.075,CHECKPOINT,,2409.9
98,10:32:49,105,INT-505,38,ARRIVAL,,2393.28
98,11:12:58,106,INT-506,38,ARRIVAL,,2409.9
99,05:59:58,101,INT-501,0,DEPARTURE,,
99,06:39:51,102,INT-502,0,DEPARTURE,,
99,07:02:01,102,INT-502,6.907,BREAKDOWN,0,
99,07:02:51,101,INT-501,20.075,CHECKPOINT,,
99,07:19:11,102,INT-502,6.907,REPAIRED,0,
99,07:19:44,103,INT-503,0,DEPARTURE,,
99,07:52:59,101,INT-501,38,ARRIVAL,,
99,07:59:54,104,INT-504,0,DEPARTURE,,
99,07:59:54,102,INT-502,20.075,CHECKPOINT,,3423.72
99,08:22:37,103,INT-503,20.075,CHECKPOINT,,1362.84
99,08:24:50,102,INT-502,31.033,BREAKDOWN,0,
99,08:39:48,105,INT-505,0,DEPARTURE,,
99,09:02:47,104,INT-504,20.075,CHECKPOINT,,2409.9
99,09:12:45,103,INT-503,38,ARRIVAL,,4786.56
99,09:19:57,106,INT-506,0,DEPARTURE,,
99,09:42:40,105,INT-505,20.075,CHECKPOINT,,2393.28
99,09:50:09,102,INT-502,31.033,REPAIRED,0,
99,09:52:55,104,INT-504,38,ARRIVAL,,2409.9
99,10:07:03,106,INT-506,14.155,BREAKDOWN,0,
99,10:15:21,102,INT-502,38,ARRIVAL,,1346.22
99,10:21:27,105,INT-505,34.71,BREAKDOWN,0,
99,10:51:22,106,INT-506,14.155,REPAIRED,0,
99,11:07:09,106,INT-506,20.075,CHECKPOINT,,5069.1
99,11:57:18,106,INT-506,38,ARRIVAL,,6116.16
99,11:58:41,105,INT-505,34.71,REPAIRED,0,
99,12:10:02,105,INT-505,38,ARRIVAL,,764.52
100,05:59:58,101,INT-501,0,DEPARTURE,,
100,06:39:51,102,INT-502,0,DEPARTURE,,
100,06:47:03,101,INT-501,14.155,BREAKDOWN,0,
100,07:19:44,103,INT-503,0,DEPARTURE,,
100,07:31:22,101,INT-501,14.155,REPAIRED,0,
100,07:36:38,103,INT-503,5.498,BREAKDOWN,0,
100,07:42:44,102,INT-502,20.075,CHECKPOINT,,
100,07:46:37,103,INT-503,5.498,REPAIRED,0,
100,07:47:10,101,INT-501,20.075,CHECKPOINT,,265.92
100,07:59:54,104,INT-504,0,DEPARTURE,,
100,08:20:57,104,INT-504,6.44,BREAKDOWN,0,
100,08:32:35,103,INT-503,20.075,CHECKPOINT,,2725.68
100,08:32:52,102,INT-502,38,ARRIVAL,,
100,08:36:12,104,INT-504,6.44,REPAIRED,0,
100,08:37:18,101,INT-501,38,ARRIVAL,,265.92
100,08:39:48,105,INT-505,0,DEPARTURE,,
100,09:18:01,104,INT-504,20.075,CHECKPOINT,,2725.68
100,09:19:57,106,INT-506,0,DEPARTURE,,
100,09:22:44,103,INT-503,38,ARRIVAL,,2725.68
100,09:42:40,105,INT-505,20.075,CHECKPOINT,,1479.18
100,10:08:09,104,INT-504,38,ARRIVAL,,2725.68
100,10:22:50,106,INT-506,20.075,CHECKPOINT,,2409.9
100,10:32:49,105,INT-505,38,ARRIVAL,,1479.18
100,11:12:58,106,INT-506,38,ARRIVAL,,2409.9
101,05:59:58,101,INT-501,0,DEPARTURE,,
101,06:39:51,102,INT-502,0,DEPARTURE,,
101,07:02:51,101,INT-501,20.075,CHECKPOINT,,
101,07:19:44,103,INT-503,0,DEPARTURE,,
101,07:42:44,102,INT-502,20.075,CHECKPOINT,,2393.28
101,07:52:59,101,INT-501,38,ARRIVAL,,
101,07:59:54,104,INT-504,0,DEPARTURE,,
101,08:17:05,104,INT-504,5.546,BREAKDOWN,0,
101,08:22:37,103,INT-503,20.075,CHECKPOINT,,2393.28
101,08:27:03,104,INT-504,5.546,REPAIRED,0,
101,08:32:52,102,INT-502,38,ARRIVAL,,2393.28
101,08:39:48,105,INT-505,0,DEPARTURE,,
101,09:12:45,104,INT-504,20.075,CHECKPOINT,,3008.22
101,09:12:45,103,INT-503,38,ARRIVAL,,2393.28
101,09:15:32,105,INT-505,10.263,BREAKDOWN,0,
101,09:19:57,106,INT-506,0,DEPARTURE,,
101,09:46:50,105,INT-505,10.263,REPAIRED,0,
101,10:02:54,104,INT-504,38,ARRIVAL,,3008.22
101,10:13:58,105,INT-505,20.075,CHECKPOINT,,3673.02
101,10:22:50,106,INT-506,20.075,CHECKPOINT,,531.84
101,11:04:07,105,INT-505,38,ARRIVAL,,3673.02
101,11:12:58,106,INT-506,38,ARRIVAL,,531.84
102,05:59:58,101,INT-501,0,DEPARTURE,,
102,06:30:43,101,INT-501,8.761,BREAKDOWN,0,
102,06:39:51,102,INT-502,0,DEPARTURE,,
102,06:55:05,101,INT-501,8.761,REPAIRED,0,
102,07:15:52,102,INT-502,10.413,BREAKDOWN,0,
102,07:19:44,103,INT-503,0,DEPARTURE,,
102,07:27:13,101,INT-501,20.075,CHECKPOINT,,
102,07:29:59,103,INT-503,4.127,BREAKDOWN,0,
102,07:36:22,103,INT-503,4.127,REPAIRED,0,
102,07:47:43,102,INT-502,10.413,REPAIRED,0,
102,07:59:54,104,INT-504,0,DEPARTURE,,
102,07:59:54,104,INT-504,0.14,BREAKDOWN,0,
102,07:59:54,104,INT-504,0.14,REPAIRED,0,
102,08:14:35,102,INT-502,20.075,CHECKPOINT,,2842.02
102,08:17:21,101,INT-501,38,ARRIVAL,,
102,08:28:59,103,INT-503,20.075,CHECKPOINT,,864.24
102,08:39:48,105,INT-505,0,DEPARTURE,,
102,09:02:47,104,INT-504,20.075,CHECKPOINT,,2027.64
102,09:04:43,102,INT-502,38,ARRIVAL,,2842.02
102,09:19:08,103,INT-503,38,ARRIVAL,,864.24
102,09:19:57,106,INT-506,0,DEPARTURE,,
102,09:42:40,105,INT-505,20.075,CHECKPOINT,,2393.28
102,09:52:55,104,INT-504,38,ARRIVAL,,2027.64
102,10:22:50,106,INT-506,20.075,CHECKPOINT,,2409.9
102,10:32:49,105,INT-505,38,ARRIVAL,,2393.28
102,11:12:58,106,INT-506,38,ARRIVAL,,2409.9
103,05:59:58,101,INT-501,0,DEPARTURE,,
103,06:39:51,102,INT-502,0,DEPARTURE,,
103,07:02:51,101,INT-501,20.075,CHECKPOINT,,
103,07:19:44,103,INT-503,0,DEPARTURE,,
103,07:30:33,103,INT-503,4.246,BREAKDOWN,0,
103,07:37:11,103,INT-503,4.246,REPAIRED,0,
103,07:42:44,102,INT-502,20.075,CHECKPOINT,,2393.28
103,07:50:13,102,INT-502,22.722,BREAKDOWN,0,
103,07:52:59,101,INT-501,38,ARRIVAL,,
103,07:59:54,104,INT-504,0,DEPARTURE,,
103,08:08:46,104,INT-504,3.652,BREAKDOWN,0,
103,08:14:02,104,INT-504,3.652,REPAIRED,0,
103,08:29:16,103,INT-503,20.075,CHECKPOINT,,2792.16
103,08:29:49,104,INT-504,7.501,BREAKDOWN,0,
103,08:39:48,105,INT-505,0,DEPARTURE,,
103,08:49:29,104,INT-504,7.501,REPAIRED,0,
103,08:56:25,102,INT-502,22.722,REPAIRED,0,
103,09:01:07,105,INT-505,6.564,BREAKDOWN,0,
103,09:16:38,105,INT-505,6.564,REPAIRED,0,
103,09:19:24,103,INT-503,38,ARRIVAL,,5185.44
103,09:19:57,106,INT-506,0,DEPARTURE,,
103,09:27:43,104,INT-504,20.075,CHECKPOINT,,3506.82
103,09:31:36,106,INT-506,4.375,BREAKDOWN,0,
103,09:38:48,106,INT-506,4.375,REPAIRED,0,
103,09:39:04,102,INT-502,38,ARRIVAL,,1180.02
103,09:58:11,105,INT-505,20.075,CHECKPOINT,,1828.2
103,10:17:51,104,INT-504,38,ARRIVAL,,2326.8
103,10:30:02,106,INT-506,20.075,CHECKPOINT,,1911.3
103,10:48:19,105,INT-505,38,ARRIVAL,,1828.2
103,11:20:11,106,INT-506,38,ARRIVAL,,1911.3
104,05:59:58,101,INT-501,0,DEPARTURE,,
104,06:39:51,102,INT-502,0,DEPARTURE,,
104,07:02:51,101,INT-501,20.075,CHECKPOINT,,
104,07:19:44,103,INT-503,0,DEPARTURE,,
104,07:42:44,102,INT-502,20.075,CHECKPOINT,,2393.28
104,07:48:00,102,INT-502,22.44,BREAKDOWN,0,
104,07:52:59,101,INT-501,38,ARRIVAL,,
104,07:59:54,104,INT-504,0,DEPARTURE,,
104,08:22:37,103,INT-503,20.075,CHECKPOINT,,2393.28
104,08:39:48,105,INT-505,0,DEPARTURE,,
104,08:53:39,102,INT-502,22.44,REPAIRED,0,
104,08:58:38,104,INT-504,18.552,BREAKDOWN,0,
104,09:09:59,105,INT-505,8.674,BREAKDOWN,0,
104,09:12:45,103,INT-503,38,ARRIVAL,,4786.56
104,09:19:57,106,INT-506,0,DEPARTURE,,
104,09:34:22,105,INT-505,8.674,REPAIRED,0,
104,09:38:31,102,INT-502,38,ARRIVAL,,1545.66
104,09:43:47,106,INT-506,7.232,BREAKDOWN,0,
104,09:52:55,104,INT-504,18.552,REPAIRED,0,
104,09:57:05,104,INT-504,20.075,CHECKPOINT,,5667.42
104,10:02:37,106,INT-506,7.232,REPAIRED,0,
104,10:07:03,105,INT-505,20.075,CHECKPOINT,,598.32
104,10:41:40,106,INT-506,20.075,CHECKPOINT,,2077.5
104,10:47:13,104,INT-504,38,ARRIVAL,,4121.76
104,10:57:11,105,INT-505,38,ARRIVAL,,598.32
104,11:31:49,106,INT-506,38,ARRIVAL,,2077.5
105,05:59:58,101,INT-501,0,DEPARTURE,,
105,06:07:43,101,INT-501,3.26,BREAKDOWN,0,
105,06:12:26,101,INT-501,3.26,REPAIRED,0,
105,06:39:51,102,INT-502,0,DEPARTURE,,
105,07:07:33,101,INT-501,20.075,CHECKPOINT,,
105,07:19:44,103,INT-503,0,DEPARTURE,,
105,07:42:44,102,INT-502,20.075,CHECKPOINT,,2110.74
105,07:57:41,101,INT-501,38,ARRIVAL,,
105,07:59:54,104,INT-504,0,DEPARTURE,,
105,08:22:37,103,INT-503,20.075,CHECKPOINT,,2393.28
105,08:32:52,102,INT-502,38,ARRIVAL,,2110.74
105,08:39:48,105,INT-505,0,DEPARTURE,,
105,08:47:16,103,INT-503,31.019,BREAKDOWN,0,
105,08:49:13,105,INT-505,3.739,BREAKDOWN,0,
105,08:54:28,105,INT-505,3.739,REPAIRED,0,
105,09:02:47,104,INT-504,20.075,CHECKPOINT,,2409.9
105,09:19:57,106,INT-506,0,DEPARTURE,,
105,09:47:56,105,INT-505,20.075,CHECKPOINT,,2709.06
105,09:52:55,104,INT-504,38,ARRIVAL,,4803.18
105,10:12:35,103,INT-503,31.019,REPAIRED,0,
105,10:22:50,106,INT-506,20.075,CHECKPOINT,,2094.12
105,10:38:04,103,INT-503,38,ARRIVAL,,2709.06
105,10:38:04,105,INT-505,38,ARRIVAL,,0
105,11:12:58,106,INT-506,38,ARRIVAL,,2094.12
106,05:59:58,101,INT-501,0,DEPARTURE,,
106,06:39:51,102,INT-502,0,DEPARTURE,,
106,07:02:51,101,INT-501,20.075,CHECKPOINT,,
106,07:19:44,103,INT-503,0,DEPARTURE,,
106,07:38:01,102,INT-502,18.497,BREAKDOWN,0,
106,07:52:59,101,INT-501,38,ARRIVAL,,
106,07:59:54,104,INT-504,0,DEPARTURE,,
106,08:03:30,103,INT-503,12.67,BREAKDOWN,0,
106,08:32:02,102,INT-502,18.497,REPAIRED,0,
106,08:36:45,102,INT-502,20.075,CHECKPOINT,,5634.18
106,08:39:48,105,INT-505,0,DEPARTURE,,
106,08:42:50,103,INT-503,12.67,REPAIRED,0,
106,09:01:57,103,INT-503,20.075,CHECKPOINT,,1512.42
106,09:02:47,104,INT-504,20.075,CHECKPOINT,,49.86
106,09:19:57,106,INT-506,0,DEPARTURE,,
106,09:26:53,102,INT-502,38,ARRIVAL,,5634.18
106,09:42:40,105,INT-505,20.075,CHECKPOINT,,2393.28
106,09:52:05,103,INT-503,38,ARRIVAL,,1512.42
106,09:52:55,104,INT-504,38,ARRIVAL,,49.86
106,10:22:50,106,INT-506,20.075,CHECKPOINT,,2409.9
106,10:32:49,105,INT-505,38,ARRIVAL,,2393.28
106,11:12:58,106,INT-506,38,ARRIVAL,,2409.9
107,05:59:58,101,INT-501,0,DEPARTURE,,
107,06:39:51,102,INT-502,0,DEPARTURE,,
107,07:02:51,101,INT-501,20.075,CHECKPOINT,,
107,07:19:44,103,INT-503,0,DEPARTURE,,
107,07:42:44,102,INT-502,20.075,CHECKPOINT,,2393.28
107,07:52:59,101,INT-501,38,ARRIVAL,,
107,07:59:54,104,INT-504,0,DEPARTURE,,
107,08:22:37,103,INT-503,20.075,CHECKPOINT,,2393.28
107,08:32:52,102,INT-502,38,ARRIVAL,,2393.28
107,08:39:48,105,INT-505,0,DEPARTURE,,
107,09:02:47,104,INT-504,20.075,CHECKPOINT,,2409.9
107,09:04:43,105,INT-505,7.54,BREAKDOWN,0,
107,09:11:39,104,INT-504,23.449,BREAKDOWN,0,
107,09:12:45,103,INT-503,38,ARRIVAL,,2393.28
107,09:19:57,106,INT-506,0,DEPARTURE,,
107,09:24:40,105,INT-505,7.54,REPAIRED,0,
107,10:02:37,105,INT-505,20.075,CHECKPOINT,,3589.92
107,10:18:58,104,INT-504,23.449,REPAIRED,0,
107,10:22:50,106,INT-506,20.075,CHECKPOINT,,1213.26
107,10:26:43,104,INT-504,26.978,BREAKDOWN,0,
107,10:52:45,105,INT-505,38,ARRIVAL,,5999.82
107,10:59:24,106,INT-506,33.928,BREAKDOWN,0,
107,11:43:10,104,INT-504,26.978,REPAIRED,0,
107,12:16:41,104,INT-504,38,ARRIVAL,,5035.86
107,12:33:18,106,INT-506,33.928,REPAIRED,0,
107,12:46:53,106,INT-506,38,ARRIVAL,,1811.58
108,05:59:58,101,INT-501,0,DEPARTURE,,
108,06:39:51,102,INT-502,0,DEPARTURE,,
108,07:02:51,101,INT-501,20.075,CHECKPOINT,,
108,07:19:44,103,INT-503,0,DEPARTURE,,
108,07:42:44,102,INT-502,20.075,CHECKPOINT,,2393.28
108,07:52:59,101,INT-501,38,ARRIVAL,,
108,07:59:54,104,INT-504,0,DEPARTURE,,
108,08:22:37,103,INT-503,20.075,CHECKPOINT,,2393.28
108,08:32:52,102,INT-502,38,ARRIVAL,,2393.28
108,08:39:48,105,INT-505,0,DEPARTURE,,
108,09:02:47,104,INT-504,20.075,CHECKPOINT,,2409.9
108,09:12:45,103,INT-503,38,ARRIVAL,,2393.28
108,09:19:57,106,INT-506,0,DEPARTURE,,
108,09:42:40,105,INT-505,20.075,CHECKPOINT,,2393.28
108,09:52:55,104,INT-504,38,ARRIVAL,,2409.9
108,10:22:50,106,INT-506,20.075,CHECKPOINT,,2409.9
108,10:32:49,105,INT-505,38,ARRIVAL,,2393.28
108,11:12:58,106,INT-506,38,ARRIVAL,,2409.9
109,05:59:58,101,INT-501,0,DEPARTURE,,
109,06:39:51,102,INT-502,0,DEPARTURE,,
109,06:59:48,102,INT-502,6.194,BREAKDOWN,0,
109,07:02:51,101,INT-501,20.075,CHECKPOINT,,
109,07:13:55,102,INT-502,6.194,REPAIRED,0,
109,07:19:44,103,INT-503,0,DEPARTURE,,
109,07:52:59,101,INT-501,38,ARRIVAL,,
109,07:56:51,102,INT-502,20.075,CHECKPOINT,,3240.9
109,07:59:54,104,INT-504,0,DEPARTURE,,
109,08:22:37,103,INT-503,20.075,CHECKPOINT,,1545.66
109,08:24:00,102,INT-502,31.677,BREAKDOWN,0,
109,08:39:48,105,INT-505,0,DEPARTURE,,
109,08:47:16,104,INT-504,14.296,BREAKDOWN,0,
109,09:12:45,103,INT-503,38,ARRIVAL,,4786.56
109,09:14:42,105,INT-505,10,BREAKDOWN,0,
109,09:19:57,106,INT-506,0,DEPARTURE,,
109,09:31:52,104,INT-504,14.296,REPAIRED,0,
109,09:44:37,105,INT-505,10,REPAIRED,0,
109,09:47:23,104,INT-504,20.075,CHECKPOINT,,5085.72
109,09:49:03,102,INT-502,31.677,REPAIRED,0,
109,10:00:41,102,INT-502,34.71,BREAKDOWN,0,
109,10:12:35,105,INT-505,20.075,CHECKPOINT,,1512.42
109,10:22:50,106,INT-506,20.075,CHECKPOINT,,614.94
109,10:37:31,104,INT-504,38,ARRIVAL,,5085.72
109,11:02:43,105,INT-505,38,ARRIVAL,,1512.42
109,11:12:58,106,INT-506,38,ARRIVAL,,614.94
109,11:37:54,102,INT-502,34.71,REPAIRED,0,
109,11:49:16,102,INT-502,38,ARRIVAL,,2177.22
110,05:59:58,101,INT-501,0,DEPARTURE,,
110,06:39:51,102,INT-502,0,DEPARTURE,,
110,07:02:51,101,INT-501,20.075,CHECKPOINT,,
110,07:19:44,103,INT-503,0,DEPARTURE,,
110,07:42:44,102,INT-502,20.075,CHECKPOINT,,2393.28
110,07:52:59,101,INT-501,38,ARRIVAL,,
110,07:59:54,104,INT-504,0,DEPARTURE,,
110,08:22:37,103,INT-503,20.075,CHECKPOINT,,2393.28
110,08:32:52,102,INT-502,38,ARRIVAL,,2393.28
110,08:39:48,105,INT-505,0,DEPARTURE,,
110,09:02:47,104,INT-504,20.075,CHECKPOINT,,2409.9
110,09:12:45,103,INT-503,38,ARRIVAL,,2393.28
110,09:19:57,106,INT-506,0,DEPARTURE,,
110,09:40:11,105,INT-505,19.188,BREAKDOWN,0,
110,09:52:55,104,INT-504,38,ARRIVAL,,2409.9
110,10:22:50,106,INT-506,20.075,CHECKPOINT,,4803.18
110,10:36:25,105,INT-505,19.188,REPAIRED,0,
110,10:38:54,105,INT-505,20.075,CHECKPOINT,,963.96
110,11:12:58,106,INT-506,38,ARRIVAL,,4803.18
110,11:29:02,105,INT-505,38,ARRIVAL,,963.96
111,05:59:58,101,INT-501,0,DEPARTURE,,
111,06:39:51,102,INT-502,0,DEPARTURE,,
111,06:47:53,101,INT-501,14.545,BREAKDOWN,0,
111,07:19:44,103,INT-503,0,DEPARTURE,,
111,07:33:02,101,INT-501,14.545,REPAIRED,0,
111,07:42:44,102,INT-502,20.075,CHECKPOINT,,
111,07:45:13,103,INT-503,7.683,BREAKDOWN,0,
111,07:48:00,101,INT-501,20.075,CHECKPOINT,,315.78
111,07:59:54,104,INT-504,0,DEPARTURE,,
111,08:06:00,103,INT-503,7.683,REPAIRED,0,
111,08:06:17,102,INT-502,30.589,BREAKDOWN,0,
111,08:34:32,104,INT-504,9.977,BREAKDOWN,0,
111,08:38:08,101,INT-501,38,ARRIVAL,,
111,08:39:48,105,INT-505,0,DEPARTURE,,
111,08:43:24,103,INT-503,20.075,CHECKPOINT,,3324
111,09:03:54,104,INT-504,9.977,REPAIRED,0,
111,09:19:57,106,INT-506,0,DEPARTURE,,
111,09:31:02,102,INT-502,30.589,REPAIRED,0,
111,09:32:09,104,INT-504,20.075,CHECKPOINT,,2925.12
111,09:33:32,103,INT-503,38,ARRIVAL,,3324
111,09:39:54,104,INT-504,22.865,BREAKDOWN,0,
111,09:42:40,105,INT-505,20.075,CHECKPOINT,,631.56
111,09:47:56,106,INT-506,8.151,BREAKDOWN,0,
111,09:52:05,105,INT-505,23.739,BREAKDOWN,0,
111,09:57:38,102,INT-502,38,ARRIVAL,,1445.94
111,10:10:06,106,INT-506,8.151,REPAIRED,0,
111,10:45:00,106,INT-506,20.075,CHECKPOINT,,3739.5
111,10:46:06,104,INT-504,22.865,REPAIRED,0,
111,10:59:57,105,INT-505,23.739,REPAIRED,0,
111,11:28:29,104,INT-504,38,ARRIVAL,,5451.36
111,11:35:08,106,INT-506,38,ARRIVAL,,398.88
111,11:40:40,105,INT-505,38,ARRIVAL,,332.4
112,05:59:58,101,INT-501,0,DEPARTURE,,
112,06:39:51,102,INT-502,0,DEPARTURE,,
112,07:02:51,101,INT-501,20.075,CHECKPOINT,,
112,07:19:44,103,INT-503,0,DEPARTURE,,
112,07:42:44,102,INT-502,20.075,CHECKPOINT,,2393.28
112,07:52:59,101,INT-501,38,ARRIVAL,,
112,07:59:54,104,INT-504,0,DEPARTURE,,
112,08:13:12,104,INT-504,4.723,BREAKDOWN,0,
112,08:20:41,104,INT-504,4.723,REPAIRED,0,
112,08:22:37,103,INT-503,20.075,CHECKPOINT,,2393.28
112,08:32:52,102,INT-502,38,ARRIVAL,,2393.28
112,08:39:48,105,INT-505,0,DEPARTURE,,
112,09:10:16,104,INT-504,20.075,CHECKPOINT,,2858.64
112,09:12:45,103,INT-503,38,ARRIVAL,,2393.28
112,09:19:57,106,INT-506,0,DEPARTURE,,
112,09:42:40,105,INT-505,20.075,CHECKPOINT,,1944.54
112,10:00:24,104,INT-504,38,ARRIVAL,,2858.64
112,10:22:50,106,INT-506,20.075,CHECKPOINT,,2409.9
112,10:32:49,105,INT-505,38,ARRIVAL,,1944.54
112,11:12:58,106,INT-506,38,ARRIVAL,,2409.9
113,05:59:58,101,INT-501,0,DEPARTURE,,
113,06:39:51,102,INT-502,0,DEPARTURE,,
113,06:57:02,102,INT-502,5.546,BREAKDOWN,0,
113,07:02:51,101,INT-501,20.075,CHECKPOINT,,
113,07:07:00,102,INT-502,5.546,REPAIRED,0,
113,07:19:44,103,INT-503,0,DEPARTURE,,
113,07:52:42,102,INT-502,20.075,CHECKPOINT,,2991.6
113,07:52:59,101,INT-501,38,ARRIVAL,,
113,07:59:54,104,INT-504,0,DEPARTURE,,
113,08:04:20,102,INT-502,24.624,BREAKDOWN,0,
113,08:22:37,103,INT-503,20.075,CHECKPOINT,,1794.96
113,08:28:26,104,INT-504,8.31,BREAKDOWN,0,
113,08:39:48,105,INT-505,0,DEPARTURE,,
113,08:50:52,104,INT-504,8.31,REPAIRED,0,
113,09:11:06,105,INT-505,8.956,BREAKDOWN,0,
113,09:12:45,103,INT-503,38,ARRIVAL,,4786.56
113,09:16:05,102,INT-502,24.624,REPAIRED,0,
113,09:19:57,106,INT-506,0,DEPARTURE,,
113,09:25:13,104,INT-504,20.075,CHECKPOINT,,3756.12
113,09:36:18,105,INT-505,8.956,REPAIRED,0,
113,09:54:35,102,INT-502,38,ARRIVAL,,2509.62
113,09:59:51,105,INT-505,17.372,BREAKDOWN,0,
113,10:15:21,104,INT-504,38,ARRIVAL,,1246.5
113,10:22:50,106,INT-506,20.075,CHECKPOINT,,3456.96
113,10:51:22,105,INT-505,17.372,REPAIRED,0,
113,10:59:24,105,INT-505,20.075,CHECKPOINT,,2193.84
113,11:12:58,106,INT-506,38,ARRIVAL,,3456.96
113,11:16:01,105,INT-505,26.978,BREAKDOWN,0,
113,12:32:28,105,INT-505,26.978,REPAIRED,0,
113,13:05:59,105,INT-505,38,ARRIVAL,,6780.96
114,05:59:58,101,INT-501,0,DEPARTURE,,
114,06:39:51,102,INT-502,0,DEPARTURE,,
114,07:02:51,101,INT-501,20.075,CHECKPOINT,,
114,07:08:06,101,INT-501,22.44,BREAKDOWN,0,
114,07:19:44,103,INT-503,0,DEPARTURE,,
114,07:42:44,102,INT-502,20.075,CHECKPOINT,,2393.28
114,07:50:29,102,INT-502,22.865,BREAKDOWN,0,
114,07:59:54,104,INT-504,0,DEPARTURE,,
114,08:13:45,101,INT-501,22.44,REPAIRED,0,
114,08:22:37,103,INT-503,20.075,CHECKPOINT,,2393.28
114,08:39:48,105,INT-505,0,DEPARTURE,,
114,08:56:41,102,INT-502,22.865,REPAIRED,0,
114,08:58:38,101,INT-501,38,ARRIVAL,,
114,09:02:47,104,INT-504,20.075,CHECKPOINT,,2409.9
114,09:12:45,103,INT-503,38,ARRIVAL,,847.62
114,09:19:57,106,INT-506,0,DEPARTURE,,
114,09:32:09,105,INT-505,16.431,BREAKDOWN,0,
114,09:39:04,102,INT-502,38,ARRIVAL,,1578.9
114,09:52:55,104,INT-504,38,ARRIVAL,,831
114,10:21:27,105,INT-505,16.431,REPAIRED,0,
114,10:22:50,106,INT-506,20.075,CHECKPOINT,,4803.18
114,10:31:59,105,INT-505,20.075,CHECKPOINT,,548.46
114,11:12:58,106,INT-506,38,ARRIVAL,,4803.18
114,11:22:07,105,INT-505,38,ARRIVAL,,548.46
115,05:59:58,101,INT-501,0,DEPARTURE,,
115,06:39:51,102,INT-502,0,DEPARTURE,,
115,07:02:51,101,INT-501,20.075,CHECKPOINT,,
115,07:19:44,103,INT-503,0,DEPARTURE,,
115,07:42:44,102,INT-502,20.075,CHECKPOINT,,2393.28
115,07:52:59,101,INT-501,38,ARRIVAL,,
115,07:59:54,104,INT-504,0,DEPARTURE,,
115,08:22:37,103,INT-503,20.075,CHECKPOINT,,2393.28
115,08:27:36,103,INT-503,22.411,BREAKDOWN,0,
115,08:32:52,102,INT-502,38,ARRIVAL,,2393.28
115,08:39:48,105,INT-505,0,DEPARTURE,,
115,09:02:47,104,INT-504,20.075,CHECKPOINT,,2409.9
115,09:19:57,106,INT-506,0,DEPARTURE,,
115,09:33:15,103,INT-503,22.411,REPAIRED,0,
115,09:42:40,105,INT-505,20.075,CHECKPOINT,,2393.28
115,09:52:55,104,INT-504,38,ARRIVAL,,4803.18
115,10:18:24,103,INT-503,38,ARRIVAL,,1529.04
115,10:22:50,106,INT-506,20.075,CHECKPOINT,,2409.9
115,10:32:49,105,INT-505,38,ARRIVAL,,864.24
115,11:12:58,106,INT-506,38,ARRIVAL,,2409.9
116,05:59:58,101,INT-501,0,DEPARTURE,,
116,06:29:36,101,INT-501,8.556,BREAKDOWN,0,
116,06:39:51,102,INT-502,0,DEPARTURE,,
116,06:53:25,101,INT-501,8.556,REPAIRED,0,
116,07:19:44,103,INT-503,0,DEPARTURE,,
116,07:21:57,102,INT-502,12.252,BREAKDOWN,0,
116,07:26:40,101,INT-501,20.075,CHECKPOINT,,
116,07:37:45,103,INT-503,5.718,BREAKDOWN,0,
116,07:48:16,103,INT-503,5.718,REPAIRED,0,
116,07:59:54,104,INT-504,0,DEPARTURE,,
116,07:59:54,102,INT-502,12.252,REPAIRED,0,
116,08:16:48,101,INT-501,38,ARRIVAL,,
116,08:20:41,102,INT-502,20.075,CHECKPOINT,,3240.9
116,08:33:09,103,INT-503,20.075,CHECKPOINT,,747.9
116,08:39:48,105,INT-505,0,DEPARTURE,,
116,09:02:47,104,INT-504,20.075,CHECKPOINT,,1778.34
116,09:10:49,102,INT-502,38,ARRIVAL,,3240.9
116,09:19:57,106,INT-506,0,DEPARTURE,,
116,09:23:17,103,INT-503,38,ARRIVAL,,747.9
116,09:42:40,105,INT-505,20.075,CHECKPOINT,,2393.28
116,09:52:55,104,INT-504,38,ARRIVAL,,1778.34
116,10:20:37,106,INT-506,19.288,BREAKDOWN,0,
116,10:25:53,105,INT-505,35.823,BREAKDOWN,0,
116,11:17:08,106,INT-506,19.288,REPAIRED,0,
116,11:19:21,106,INT-506,20.075,CHECKPOINT,,5800.38
116,12:06:26,105,INT-505,35.823,REPAIRED,0,
116,12:09:29,106,INT-506,38,ARRIVAL,,8193.66
116,12:13:22,105,INT-505,38,ARRIVAL,,232.68
117,05:59:58,101,INT-501,0,DEPARTURE,,
117,06:39:51,102,INT-502,0,DEPARTURE,,
117,07:02:51,101,INT-501,20.075,CHECKPOINT,,
117,07:19:44,103,INT-503,0,DEPARTURE,,
117,07:42:44,102,INT-502,20.075,CHECKPOINT,,2393.28
117,07:52:59,101,INT-501,38,ARRIVAL,,
117,07:59:54,104,INT-504,0,DEPARTURE,,
117,08:21:31,103,INT-503,19.756,BREAKDOWN,0,
117,08:32:52,102,INT-502,38,ARRIVAL,,2393.28
117,08:39:48,105,INT-505,0,DEPARTURE,,
117,09:02:47,104,INT-504,20.075,CHECKPOINT,,4803.18
117,09:19:24,103,INT-503,19.756,REPAIRED,0,
117,09:19:57,106,INT-506,0,DEPARTURE,,
117,09:20:31,103,INT-503,20.075,CHECKPOINT,,1063.68
117,09:27:43,104,INT-504,31.033,BREAKDOWN,0,
117,09:35:45,103,INT-503,26.319,BREAKDOWN,0,
117,09:42:40,105,INT-505,20.075,CHECKPOINT,,1329.6
117,10:22:50,106,INT-506,20.075,CHECKPOINT,,2409.9
117,10:32:49,105,INT-505,38,ARRIVAL,,7196.46
117,10:51:05,103,INT-503,26.319,REPAIRED,0,
117,10:53:02,104,INT-504,31.033,REPAIRED,0,
117,11:05:30,104,INT-504,34.246,BREAKDOWN,0,
117,11:12:58,106,INT-506,38,ARRIVAL,,2409.9
117,11:26:00,103,INT-503,38,ARRIVAL,,781.14
117,12:40:30,104,INT-504,34.246,REPAIRED,0,
117,12:53:15,104,INT-504,38,ARRIVAL,,5235.3
118,05:59:58,101,INT-501,0,DEPARTURE,,
118,06:39:51,102,INT-502,0,DEPARTURE,,
118,07:00:04,101,INT-501,19.082,BREAKDOWN,0,
118,07:19:44,103,INT-503,0,DEPARTURE,,
118,07:42:44,102,INT-502,20.075,CHECKPOINT,,
118,07:56:02,101,INT-501,19.082,REPAIRED,0,
118,07:58:48,101,INT-501,20.075,CHECKPOINT,,963.96
118,07:59:54,104,INT-504,0,DEPARTURE,,
118,08:22:37,103,INT-503,20.075,CHECKPOINT,,1429.32
118,08:32:52,102,INT-502,38,ARRIVAL,,
118,08:39:48,105,INT-505,0,DEPARTURE,,
118,08:48:56,101,INT-501,38,ARRIVAL,,963.96
118,09:02:47,104,INT-504,20.075,CHECKPOINT,,2409.9
118,09:11:06,103,INT-503,37.71,BREAKDOWN,0,
118,09:19:57,106,INT-506,0,DEPARTURE,,
118,09:36:51,104,INT-504,33.092,BREAKDOWN,0,
118,09:42:40,105,INT-505,20.075,CHECKPOINT,,2393.28
118,10:22:50,106,INT-506,20.075,CHECKPOINT,,2409.9
118,10:32:49,105,INT-505,38,ARRIVAL,,6232.5
118,10:35:51,106,INT-506,25.357,BREAKDOWN,0,
118,10:58:51,103,INT-503,37.71,REPAIRED,0,
118,11:00:31,103,INT-503,38,ARRIVAL,,1662
118,11:06:53,104,INT-504,33.092,REPAIRED,0,
118,11:22:57,104,INT-504,38,ARRIVAL,,1346.22
118,11:48:59,106,INT-506,25.357,REPAIRED,0,
118,12:26:06,106,INT-506,38,ARRIVAL,,3789.36
119,05:59:58,101,INT-501,0,DEPARTURE,,
119,06:39:51,102,INT-502,0,DEPARTURE,,
119,07:00:04,101,INT-501,19.082,BREAKDOWN,0,
119,07:15:02,102,INT-502,10.107,BREAKDOWN,0,
119,07:19:44,103,INT-503,0,DEPARTURE,,
119,07:44:07,103,INT-503,7.409,BREAKDOWN,0,
119,07:45:13,102,INT-502,10.107,REPAIRED,0,
119,07:56:02,101,INT-501,19.082,REPAIRED,0,
119,07:58:48,101,INT-501,20.075,CHECKPOINT,,
119,07:59:54,104,INT-504,0,DEPARTURE,,
119,08:03:30,103,INT-503,7.409,REPAIRED,0,
119,08:12:55,102,INT-502,20.075,CHECKPOINT,,847.62
119,08:32:19,104,INT-504,9.4,BREAKDOWN,0,
119,08:39:48,105,INT-505,0,DEPARTURE,,
119,08:42:01,103,INT-503,20.075,CHECKPOINT,,1745.1
119,08:48:56,101,INT-501,38,ARRIVAL,,
119,08:59:44,104,INT-504,9.4,REPAIRED,0,
119,09:03:04,102,INT-502,38,ARRIVAL,,847.62
119,09:19:57,106,INT-506,0,DEPARTURE,,
119,09:21:54,106,INT-506,1.022,BREAKDOWN,0,
119,09:21:54,106,INT-506,1.022,REPAIRED,0,
119,09:30:12,104,INT-504,20.075,CHECKPOINT,,2891.88
119,09:32:09,103,INT-503,38,ARRIVAL,,1745.1
119,09:42:40,105,INT-505,20.075,CHECKPOINT,,747.9
119,10:20:21,104,INT-504,38,ARRIVAL,,2891.88
119,10:21:27,105,INT-505,34.71,BREAKDOWN,0,
119,10:22:50,106,INT-506,20.075,CHECKPOINT,,2409.9
119,11:12:58,106,INT-506,38,ARRIVAL,,3157.8
119,11:58:41,105,INT-505,34.71,REPAIRED,0,
119,12:10:02,105,INT-505,38,ARRIVAL,,3423.72
120,05:59:58,101,INT-501,0,DEPARTURE,,
120,06:39:51,102,INT-502,0,DEPARTURE,,
120,07:02:51,101,INT-501,20.075,CHECKPOINT,,
120,07:19:44,103,INT-503,0,DEPARTURE,,
120,07:42:44,102,INT-502,20.075,CHECKPOINT,,2393.28
120,07:52:59,101,INT-501,38,ARRIVAL,,
120,07:59:54,104,INT-504,0,DEPARTURE,,
120,08:12:55,102,INT-502,32.233,BREAKDOWN,0,
120,08:22:37,103,INT-503,20.075,CHECKPOINT,,2393.28
120,08:39:48,105,INT-505,0,DEPARTURE,,
120,09:02:47,104,INT-504,20.075,CHECKPOINT,,2409.9
120,09:12:45,103,INT-503,38,ARRIVAL,,4786.56
120,09:19:57,106,INT-506,0,DEPARTURE,,
120,09:37:58,102,INT-502,32.233,REPAIRED,0,
120,09:42:40,105,INT-505,20.075,CHECKPOINT,,2393.28
120,09:52:55,104,INT-504,38,ARRIVAL,,2409.9
120,09:57:54,102,INT-502,38,ARRIVAL,,299.16
120,10:22:50,106,INT-506,20.075,CHECKPOINT,,2409.9
120,10:32:49,105,INT-505,38,ARRIVAL,,2094.12
120,11:12:58,106,INT-506,38,ARRIVAL,,2409.9
121,05:59:58,101,INT-501,0,DEPARTURE,,
121,06:17:42,101,INT-501,5.653,BREAKDOWN,0,
121,06:27:56,101,INT-501,5.653,REPAIRED,0,
121,06:39:51,102,INT-502,0,DEPARTURE,,
121,07:13:06,101,INT-501,20.075,CHECKPOINT,,
121,07:19:44,103,INT-503,0,DEPARTURE,,
121,07:42:44,102,INT-502,20.075,CHECKPOINT,,1778.34
121,07:59:54,104,INT-504,0,DEPARTURE,,
121,08:03:14,101,INT-501,38,ARRIVAL,,
121,08:22:37,103,INT-503,20.075,CHECKPOINT,,2393.28
121,08:32:52,102,INT-502,38,ARRIVAL,,1778.34
121,08:39:48,105,INT-505,0,DEPARTURE,,
121,08:56:25,103,INT-503,33.082,BREAKDOWN,0,
121,09:02:47,104,INT-504,20.075,CHECKPOINT,,2409.9
121,09:19:57,106,INT-506,0,DEPARTURE,,
121,09:26:20,105,INT-505,13.905,BREAKDOWN,0,
121,09:52:55,104,INT-504,38,ARRIVAL,,4803.18
121,10:09:32,105,INT-505,13.905,REPAIRED,0,
121,10:22:50,106,INT-506,20.075,CHECKPOINT,,4803.18
121,10:25:53,105,INT-505,20.075,CHECKPOINT,,182.82
121,10:26:26,103,INT-503,33.082,REPAIRED,0,
121,10:42:47,103,INT-503,38,ARRIVAL,,2991.6
121,11:12:58,106,INT-506,38,ARRIVAL,,1811.58
121,11:16:01,105,INT-505,38,ARRIVAL,,182.82
122,05:59:58,101,INT-501,0,DEPARTURE,,
122,06:05:14,101,INT-501,2.461,BREAKDOWN,0,
122,06:07:10,101,INT-501,2.461,REPAIRED,0,
122,06:37:22,101,INT-501,10.118,BREAKDOWN,0,
122,06:39:51,102,INT-502,0,DEPARTURE,,
122,07:07:33,101,INT-501,10.118,REPAIRED,0,
122,07:19:44,103,INT-503,0,DEPARTURE,,
122,07:34:58,101,INT-501,20.075,CHECKPOINT,,
122,07:42:44,102,INT-502,20.075,CHECKPOINT,,465.36
122,07:59:54,104,INT-504,0,DEPARTURE,,
122,08:22:37,103,INT-503,20.075,CHECKPOINT,,2393.28
122,08:25:07,101,INT-501,38,ARRIVAL,,
122,08:32:52,102,INT-502,38,ARRIVAL,,465.36
122,08:39:48,105,INT-505,0,DEPARTURE,,
122,08:56:25,104,INT-504,17.881,BREAKDOWN,0,
122,09:12:45,103,INT-503,38,ARRIVAL,,2393.28
122,09:19:57,106,INT-506,0,DEPARTURE,,
122,09:19:57,105,INT-505,11.694,BREAKDOWN,0,
122,09:49:19,104,INT-504,17.881,REPAIRED,0,
122,09:55:41,104,INT-504,20.075,CHECKPOINT,,5584.32
122,09:55:58,105,INT-505,11.694,REPAIRED,0,
122,10:15:21,106,INT-506,17.535,BREAKDOWN,0,
122,10:15:38,104,INT-504,27.874,BREAKDOWN,0,
122,10:18:41,105,INT-505,20.075,CHECKPOINT,,1379.46
122,11:07:09,106,INT-506,17.535,REPAIRED,0,
122,11:08:49,105,INT-505,38,ARRIVAL,,6963.78
122,11:14:38,106,INT-506,20.075,CHECKPOINT,,3357.24
122,11:28:13,106,INT-506,25.548,BREAKDOWN,0,
122,11:33:45,104,INT-504,27.874,REPAIRED,0,
122,12:03:57,104,INT-504,38,ARRIVAL,,3307.38
122,12:41:37,106,INT-506,25.548,REPAIRED,0,
122,13:18:11,106,INT-506,38,ARRIVAL,,4454.16
123,05:59:58,101,INT-501,0,DEPARTURE,,
123,06:39:51,102,INT-502,0,DEPARTURE,,
123,07:02:51,101,INT-501,20.075,CHECKPOINT,,
123,07:12:16,101,INT-501,23.739,BREAKDOWN,0,
123,07:19:44,103,INT-503,0,DEPARTURE,,
123,07:42:44,102,INT-502,20.075,CHECKPOINT,,2393.28
123,07:59:54,104,INT-504,0,DEPARTURE,,
123,08:20:08,101,INT-501,23.739,REPAIRED,0,
123,08:22:37,103,INT-503,20.075,CHECKPOINT,,2393.28
123,08:32:52,102,INT-502,38,ARRIVAL,,
123,08:39:48,105,INT-505,0,DEPARTURE,,
123,09:00:51,101,INT-501,38,ARRIVAL,,1678.62
123,09:02:47,104,INT-504,20.075,CHECKPOINT,,2409.9
123,09:12:45,103,INT-503,38,ARRIVAL,,714.66
123,09:19:57,106,INT-506,0,DEPARTURE,,
123,09:34:55,105,INT-505,17.417,BREAKDOWN,0,
123,09:52:55,104,INT-504,38,ARRIVAL,,2409.9
123,10:22:50,106,INT-506,20.075,CHECKPOINT,,4803.18
123,10:26:26,105,INT-505,17.417,REPAIRED,0,
123,10:34:12,105,INT-505,20.075,CHECKPOINT,,681.42
123,11:12:58,106,INT-506,38,ARRIVAL,,4803.18
123,11:24:20,105,INT-505,38,ARRIVAL,,681.42
124,05:59:58,101,INT-501,0,DEPARTURE,,
124,06:07:27,101,INT-501,3.176,BREAKDOWN,0,
124,06:11:52,101,INT-501,3.176,REPAIRED,0,
124,06:39:51,102,INT-502,0,DEPARTURE,,
124,07:07:16,101,INT-501,20.075,CHECKPOINT,,
124,07:19:11,101,INT-501,24.765,BREAKDOWN,0,
124,07:19:44,103,INT-503,0,DEPARTURE,,
124,07:31:39,103,INT-503,4.404,BREAKDOWN,0,
124,07:38:51,103,INT-503,4.404,REPAIRED,0,
124,07:42:44,102,INT-502,20.075,CHECKPOINT,,2127.36
124,07:49:56,102,INT-502,22.666,BREAKDOWN,0,
124,07:59:54,104,INT-504,0,DEPARTURE,,
124,08:29:49,103,INT-503,20.075,CHECKPOINT,,2825.4
124,08:31:12,101,INT-501,24.765,REPAIRED,0,
124,08:39:48,105,INT-505,0,DEPARTURE,,
124,08:56:08,102,INT-502,22.666,REPAIRED,0,
124,09:02:47,104,INT-504,20.075,CHECKPOINT,,1977.78
124,09:09:26,101,INT-501,38,ARRIVAL,,
124,09:19:57,106,INT-506,0,DEPARTURE,,
124,09:19:57,103,INT-503,38,ARRIVAL,,631.56
124,09:22:44,105,INT-505,12.491,BREAKDOWN,0,
124,09:39:04,102,INT-502,38,ARRIVAL,,1146.78
124,09:52:55,104,INT-504,38,ARRIVAL,,831
124,10:01:14,105,INT-505,12.491,REPAIRED,0,
124,10:21:10,105,INT-505,20.075,CHECKPOINT,,4703.46
124,10:22:50,106,INT-506,20.075,CHECKPOINT,,99.72
124,11:11:19,105,INT-505,38,ARRIVAL,,4703.46
124,11:12:58,106,INT-506,38,ARRIVAL,,99.72
125,05:59:58,101,INT-501,0,DEPARTURE,,
125,06:35:25,101,INT-501,10.118,BREAKDOWN,0,
125,06:39:51,102,INT-502,0,DEPARTURE,,
125,07:05:37,101,INT-501,10.118,REPAIRED,0,
125,07:19:44,103,INT-503,0,DEPARTURE,,
125,07:33:02,101,INT-501,20.075,CHECKPOINT,,
125,07:42:44,102,INT-502,20.075,CHECKPOINT,,581.7
125,07:59:54,104,INT-504,0,DEPARTURE,,
125,08:08:46,101,INT-501,33.607,BREAKDOWN,0,
125,08:22:37,103,INT-503,20.075,CHECKPOINT,,2393.28
125,08:32:52,102,INT-502,38,ARRIVAL,,
125,08:39:48,105,INT-505,0,DEPARTURE,,
125,09:02:47,104,INT-504,20.075,CHECKPOINT,,2409.9
125,09:12:45,103,INT-503,38,ARRIVAL,,2393.28
125,09:19:57,106,INT-506,0,DEPARTURE,,
125,09:41:17,101,INT-501,33.607,REPAIRED,0,
125,09:42:40,105,INT-505,20.075,CHECKPOINT,,2393.28
125,09:48:46,104,INT-504,36.885,BREAKDOWN,0,
125,09:55:41,101,INT-501,38,ARRIVAL,,2576.1
125,10:22:50,106,INT-506,20.075,CHECKPOINT,,2409.9
125,10:32:49,105,INT-505,38,ARRIVAL,,2227.08
125,11:12:58,106,INT-506,38,ARRIVAL,,2409.9
125,11:34:35,104,INT-504,36.885,REPAIRED,0,
125,11:38:44,104,INT-504,38,ARRIVAL,,1545.66
126,05:59:58,101,INT-501,0,DEPARTURE,,
126,06:31:49,101,INT-501,9.148,BREAKDOWN,0,
126,06:39:51,102,INT-502,0,DEPARTURE,,
126,06:57:51,101,INT-501,9.148,REPAIRED,0,
126,07:19:44,103,INT-503,0,DEPARTURE,,
126,07:28:53,101,INT-501,20.075,CHECKPOINT,,
126,07:42:44,102,INT-502,20.075,CHECKPOINT,,831
126,07:59:54,104,INT-504,0,DEPARTURE,,
126,08:19:01,101,INT-501,38,ARRIVAL,,
126,08:22:37,103,INT-503,20.075,CHECKPOINT,,2393.28
126,08:32:52,102,INT-502,38,ARRIVAL,,831
126,08:39:48,105,INT-505,0,DEPARTURE,,
126,08:40:37,104,INT-504,11.76,BREAKDOWN,0,
126,09:12:45,103,INT-503,38,ARRIVAL,,2393.28
126,09:16:55,104,INT-504,11.76,REPAIRED,0,
126,09:19:57,106,INT-506,0,DEPARTURE,,
126,09:21:21,104,INT-504,13.264,BREAKDOWN,0,
126,09:42:40,105,INT-505,20.075,CHECKPOINT,,4803.18
126,10:02:37,104,INT-504,13.264,REPAIRED,0,
126,10:20:21,104,INT-504,20.075,CHECKPOINT,,2260.32
126,10:22:50,106,INT-506,20.075,CHECKPOINT,,149.58
126,10:32:49,105,INT-505,38,ARRIVAL,,4803.18
126,10:59:07,104,INT-504,34.71,BREAKDOWN,0,
126,11:12:58,106,INT-506,38,ARRIVAL,,2409.9
126,12:36:21,104,INT-504,34.71,REPAIRED,0,
126,12:47:42,104,INT-504,38,ARRIVAL,,5684.04
127,05:59:58,101,INT-501,0,DEPARTURE,,
127,06:39:51,102,INT-502,0,DEPARTURE,,
127,07:02:51,101,INT-501,20.075,CHECKPOINT,,
127,07:19:44,103,INT-503,0,DEPARTURE,,
127,07:42:44,102,INT-502,20.075,CHECKPOINT,,2393.28
127,07:52:59,101,INT-501,38,ARRIVAL,,
127,07:59:54,104,INT-504,0,DEPARTURE,,
127,08:22:37,103,INT-503,20.075,CHECKPOINT,,2393.28
127,08:32:52,102,INT-502,38,ARRIVAL,,2393.28
127,08:39:48,105,INT-505,0,DEPARTURE,,
127,09:02:30,103,INT-503,34.788,BREAKDOWN,0,
127,09:02:47,104,INT-504,20.075,CHECKPOINT,,2409.9
127,09:19:57,106,INT-506,0,DEPARTURE,,
127,09:42:40,105,INT-505,20.075,CHECKPOINT,,2393.28
127,09:52:55,104,INT-504,38,ARRIVAL,,4803.18
127,10:22:50,106,INT-506,20.075,CHECKPOINT,,2409.9
127,10:32:49,105,INT-505,38,ARRIVAL,,2393.28
127,10:40:34,103,INT-503,34.788,REPAIRED,0,
127,10:50:49,103,INT-503,38,ARRIVAL,,1080.3
127,11:12:58,106,INT-506,38,ARRIVAL,,1329.6
128,05:59:58,101,INT-501,0,DEPARTURE,,
128,06:39:51,102,INT-502,0,DEPARTURE,,
128,07:02:51,101,INT-501,20.075,CHECKPOINT,,
128,07:19:44,103,INT-503,0,DEPARTURE,,
128,07:41:54,102,INT-502,19.896,BREAKDOWN,0,
128,07:52:59,101,INT-501,38,ARRIVAL,,
128,07:59:54,104,INT-504,0,DEPARTURE,,
128,08:22:37,103,INT-503,20.075,CHECKPOINT,,4786.56
128,08:39:48,105,INT-505,0,DEPARTURE,,
128,08:40:04,102,INT-502,19.896,REPAIRED,0,
128,08:40:21,104,INT-504,11.705,BREAKDOWN,0,
128,08:40:54,102,INT-502,20.075,CHECKPOINT,,1096.92
128,09:12:45,103,INT-503,38,ARRIVAL,,4786.56
128,09:16:38,104,INT-504,11.705,REPAIRED,0,
128,09:19:57,106,INT-506,0,DEPARTURE,,
128,09:30:12,105,INT-505,15.675,BREAKDOWN,0,
128,09:31:02,102,INT-502,38,ARRIVAL,,1096.92
128,09:39:04,104,INT-504,20.075,CHECKPOINT,,3490.2
128,10:17:51,105,INT-505,15.675,REPAIRED,0,
128,10:22:50,106,INT-506,20.075,CHECKPOINT,,2625.96
128,10:29:12,104,INT-504,38,ARRIVAL,,3490.2
128,10:30:19,105,INT-505,20.075,CHECKPOINT,,448.74
128,11:12:58,106,INT-506,38,ARRIVAL,,2625.96
128,11:20:27,105,INT-505,38,ARRIVAL,,448.74
129,05:59:58,101,INT-501,0,DEPARTURE,,
129,06:39:51,102,INT-502,0,DEPARTURE,,
129,07:02:51,101,INT-501,20.075,CHECKPOINT,,
129,07:19:44,103,INT-503,0,DEPARTURE,,
129,07:22:31,101,INT-501,27.857,BREAKDOWN,0,
129,07:27:46,102,INT-502,14.545,BREAKDOWN,0,
129,07:59:54,104,INT-504,0,DEPARTURE,,
129,08:12:55,102,INT-502,14.545,REPAIRED,0,
129,08:22:37,103,INT-503,20.075,CHECKPOINT,,4786.56
129,08:27:53,102,INT-502,20.075,CHECKPOINT,,315.78
129,08:39:48,105,INT-505,0,DEPARTURE,,
129,08:40:37,101,INT-501,27.857,REPAIRED,0,
129,08:59:11,101,INT-501,34.569,BREAKDOWN,0,
129,09:02:47,104,INT-504,20.075,CHECKPOINT,,2094.12
129,09:12:45,105,INT-505,9.552,BREAKDOWN,0,
129,09:12:45,103,INT-503,38,ARRIVAL,,
129,09:18:01,102,INT-502,38,ARRIVAL,,315.78
129,09:19:57,106,INT-506,0,DEPARTURE,,
129,09:40:27,105,INT-505,9.552,REPAIRED,0,
129,09:52:55,104,INT-504,38,ARRIVAL,,2094.12
129,10:10:22,105,INT-505,20.075,CHECKPOINT,,4055.28
129,10:22:50,106,INT-506,20.075,CHECKPOINT,,747.9
129,10:28:56,105,INT-505,27.803,BREAKDOWN,0,
129,10:36:08,101,INT-501,34.569,REPAIRED,0,
129,10:48:03,101,INT-501,38,ARRIVAL,,3307.38
129,10:49:09,106,INT-506,31.346,BREAKDOWN,0,
129,11:47:03,105,INT-505,27.803,REPAIRED,0,
129,12:14:11,106,INT-506,31.346,REPAIRED,0,
129,12:18:37,105,INT-505,38,ARRIVAL,,5434.74
129,12:38:01,106,INT-506,38,ARRIVAL,,1163.4
130,05:59:58,101,INT-501,0,DEPARTURE,,
130,06:39:51,102,INT-502,0,DEPARTURE,,
130,07:02:51,101,INT-501,20.075,CHECKPOINT,,
130,07:19:44,103,INT-503,0,DEPARTURE,,
130,07:40:48,102,INT-502,19.389,BREAKDOWN,0,
130,07:52:59,101,INT-501,38,ARRIVAL,,
130,07:59:54,104,INT-504,0,DEPARTURE,,
130,08:03:14,104,INT-504,1.436,BREAKDOWN,0,
130,08:03:14,104,INT-504,1.436,REPAIRED,0,
130,08:22:04,104,INT-504,6.907,BREAKDOWN,0,
130,08:22:37,103,INT-503,20.075,CHECKPOINT,,4786.56
130,08:37:35,102,INT-502,19.389,REPAIRED,0,
130,08:39:14,104,INT-504,6.907,REPAIRED,0,
130,08:39:31,102,INT-502,20.075,CHECKPOINT,,1013.82
130,08:39:48,105,INT-505,0,DEPARTURE,,
130,09:12:45,103,INT-503,38,ARRIVAL,,4786.56
130,09:19:57,106,INT-506,0,DEPARTURE,,
130,09:19:57,104,INT-504,20.075,CHECKPOINT,,2426.52
130,09:29:39,102,INT-502,38,ARRIVAL,,1013.82
130,09:42:40,105,INT-505,20.075,CHECKPOINT,,1362.84
130,09:52:22,104,INT-504,32.849,BREAKDOWN,0,
130,10:22:50,106,INT-506,20.075,CHECKPOINT,,2409.9
130,10:32:49,105,INT-505,38,ARRIVAL,,3789.36
130,11:12:58,106,INT-506,38,ARRIVAL,,2409.9
130,11:22:07,104,INT-504,32.849,REPAIRED,0,
130,11:39:51,104,INT-504,38,ARRIVAL,,1612.14
131,05:59:58,101,INT-501,0,DEPARTURE,,
131,06:39:51,102,INT-502,0,DEPARTURE,,
131,07:02:51,101,INT-501,20.075,CHECKPOINT,,
131,07:10:36,102,INT-502,8.761,BREAKDOWN,0,
131,07:19:44,103,INT-503,0,DEPARTURE,,
131,07:34:58,102,INT-502,8.761,REPAIRED,0,
131,07:38:51,101,INT-501,33.81,BREAKDOWN,0,
131,07:59:54,104,INT-504,0,DEPARTURE,,
131,08:07:06,102,INT-502,20.075,CHECKPOINT,,3855.84
131,08:22:37,103,INT-503,20.075,CHECKPOINT,,930.72
131,08:39:48,105,INT-505,0,DEPARTURE,,
131,08:57:15,102,INT-502,38,ARRIVAL,,
131,09:02:47,104,INT-504,20.075,CHECKPOINT,,2409.9
131,09:12:12,101,INT-501,33.81,REPAIRED,0,
131,09:12:45,103,INT-503,38,ARRIVAL,,930.72
131,09:19:57,106,INT-506,0,DEPARTURE,,
131,09:26:20,101,INT-501,38,ARRIVAL,,814.38
131,09:42:40,105,INT-505,20.075,CHECKPOINT,,2393.28
131,09:52:55,104,INT-504,38,ARRIVAL,,1595.52
131,10:22:50,106,INT-506,20.075,CHECKPOINT,,2409.9
131,10:32:49,105,INT-505,38,ARRIVAL,,2393.28
131,11:03:50,106,INT-506,34.918,BREAKDOWN,0,
131,12:41:37,106,INT-506,34.918,REPAIRED,0,
131,12:50:45,106,INT-506,38,ARRIVAL,,8276.76
132,05:59:58,101,INT-501,0,DEPARTURE,,
132,06:39:51,102,INT-502,0,DEPARTURE,,
132,06:48:26,102,INT-502,3.527,BREAKDOWN,0,
132,06:53:25,102,INT-502,3.527,REPAIRED,0,
132,07:02:51,101,INT-501,20.075,CHECKPOINT,,
132,07:19:44,103,INT-503,0,DEPARTURE,,
132,07:34:25,103,INT-503,4.967,BREAKDOWN,0,
132,07:42:11,103,INT-503,4.967,REPAIRED,0,
132,07:47:43,102,INT-502,20.075,CHECKPOINT,,2692.44
132,07:52:59,101,INT-501,38,ARRIVAL,,
132,07:59:54,104,INT-504,0,DEPARTURE,,
132,08:30:22,103,INT-503,20.075,CHECKPOINT,,2559.48
132,08:36:45,104,INT-504,10.71,BREAKDOWN,0,
132,08:37:51,102,INT-502,38,ARRIVAL,,2692.44
132,08:39:48,105,INT-505,0,DEPARTURE,,
132,09:09:26,104,INT-504,10.71,REPAIRED,0,
132,09:19:57,106,INT-506,0,DEPARTURE,,
132,09:20:31,103,INT-503,38,ARRIVAL,,2559.48
132,09:35:28,104,INT-504,20.075,CHECKPOINT,,3905.7
132,09:42:40,105,INT-505,20.075,CHECKPOINT,,432.12
132,10:18:08,104,INT-504,35.534,BREAKDOWN,0,
132,10:22:50,106,INT-506,20.075,CHECKPOINT,,2409.9
132,10:32:49,105,INT-505,38,ARRIVAL,,4337.82
132,10:49:42,106,INT-506,31.635,BREAKDOWN,0,
132,11:57:34,104,INT-504,35.534,REPAIRED,0,
132,12:05:03,104,INT-504,38,ARRIVAL,,5534.46
132,12:14:45,106,INT-506,31.635,REPAIRED,0,
132,12:38:01,106,INT-506,38,ARRIVAL,,1977.78
133,05:59:58,101,INT-501,0,DEPARTURE,,
133,06:39:51,102,INT-502,0,DEPARTURE,,
133,07:02:51,101,INT-501,20.075,CHECKPOINT,,
133,07:19:44,103,INT-503,0,DEPARTURE,,
133,07:26:40,103,INT-503,2.988,BREAKDOWN,0,
133,07:30:49,103,INT-503,2.988,REPAIRED,0,
133,07:39:08,103,INT-503,5.137,BREAKDOWN,0,
133,07:42:44,102,INT-502,20.075,CHECKPOINT,,2393.28
133,07:47:43,103,INT-503,5.137,REPAIRED,0,
133,07:52:59,101,INT-501,38,ARRIVAL,,
133,07:59:54,104,INT-504,0,DEPARTURE,,
133,08:32:52,102,INT-502,38,ARRIVAL,,2393.28
133,08:35:22,103,INT-503,20.075,CHECKPOINT,,3157.8
133,08:39:48,105,INT-505,0,DEPARTURE,,
133,09:02:47,104,INT-504,20.075,CHECKPOINT,,1645.38
133,09:19:57,106,INT-506,0,DEPARTURE,,
133,09:25:30,103,INT-503,38,ARRIVAL,,3157.8
133,09:42:40,105,INT-505,20.075,CHECKPOINT,,2393.28
133,09:52:55,104,INT-504,38,ARRIVAL,,1645.38
133,10:22:50,106,INT-506,20.075,CHECKPOINT,,2409.9
133,10:32:49,105,INT-505,38,ARRIVAL,,2393.28
133,11:12:58,106,INT-506,38,ARRIVAL,,2409.9
134,05:59:58,101,INT-501,0,DEPARTURE,,
134,06:08:50,101,INT-501,3.652,BREAKDOWN,0,
134,06:14:05,101,INT-501,3.652,REPAIRED,0,
134,06:39:51,102,INT-502,0,DEPARTURE,,
134,07:08:06,101,INT-501,20.075,CHECKPOINT,,
134,07:19:44,103,INT-503,0,DEPARTURE,,
134,07:42:44,102,INT-502,20.075,CHECKPOINT,,2077.5
134,07:58:15,101,INT-501,38,ARRIVAL,,
134,07:59:54,104,INT-504,0,DEPARTURE,,
134,08:06:17,103,INT-503,13.905,BREAKDOWN,0,
134,08:32:52,102,INT-502,38,ARRIVAL,,2077.5
134,08:39:48,105,INT-505,0,DEPARTURE,,
134,08:40:54,105,INT-505,0.688,BREAKDOWN,0,
134,08:40:54,105,INT-505,0.688,REPAIRED,0,
134,08:49:29,103,INT-503,13.905,REPAIRED,0,
134,09:02:47,104,INT-504,20.075,CHECKPOINT,,4803.18
134,09:05:50,103,INT-503,20.075,CHECKPOINT,,182.82
134,09:19:57,106,INT-506,0,DEPARTURE,,
134,09:42:40,105,INT-505,20.075,CHECKPOINT,,2210.46
134,09:52:55,104,INT-504,38,ARRIVAL,,4803.18
134,09:55:58,103,INT-503,38,ARRIVAL,,182.82
134,10:22:50,106,INT-506,20.075,CHECKPOINT,,2409.9
134,10:32:49,105,INT-505,38,ARRIVAL,,2210.46
134,11:12:58,106,INT-506,38,ARRIVAL,,2409.9
135,05:59:58,101,INT-501,0,DEPARTURE,,
135,06:39:51,102,INT-502,0,DEPARTURE,,
135,07:02:51,101,INT-501,20.075,CHECKPOINT,,
135,07:19:44,103,INT-503,0,DEPARTURE,,
135,07:42:44,102,INT-502,20.075,CHECKPOINT,,2393.28
135,07:52:59,101,INT-501,38,ARRIVAL,,
135,07:59:54,104,INT-504,0,DEPARTURE,,
135,08:22:37,103,INT-503,20.075,CHECKPOINT,,2393.28
135,08:27:03,102,INT-502,36.262,BREAKDOWN,0,
135,08:39:48,105,INT-505,0,DEPARTURE,,
135,08:45:03,103,INT-503,29.944,BREAKDOWN,0,
135,09:02:47,104,INT-504,20.075,CHECKPOINT,,2409.9
135,09:19:57,106,INT-506,0,DEPARTURE,,
135,09:25:46,104,INT-504,30.422,BREAKDOWN,0,
135,09:42:40,105,INT-505,20.075,CHECKPOINT,,2393.28
135,09:58:11,106,INT-506,11.079,BREAKDOWN,0,
135,10:08:26,102,INT-502,36.262,REPAIRED,0,
135,10:09:16,103,INT-503,29.944,REPAIRED,0,
135,10:14:15,102,INT-502,38,ARRIVAL,,8476.2
135,10:31:42,106,INT-506,11.079,REPAIRED,0,
135,10:32:49,105,INT-505,38,ARRIVAL,,1113.54
135,10:36:58,103,INT-503,38,ARRIVAL,,249.3
135,10:50:32,104,INT-504,30.422,REPAIRED,0,
135,10:56:21,106,INT-506,20.075,CHECKPOINT,,4420.92
135,11:16:51,106,INT-506,28.124,BREAKDOWN,0,
135,11:17:41,104,INT-504,38,ARRIVAL,,2443.14
135,12:35:31,106,INT-506,28.124,REPAIRED,0,
135,13:05:10,106,INT-506,38,ARRIVAL,,6448.56
136,05:59:58,101,INT-501,0,DEPARTURE,,
136,06:00:14,101,INT-501,0.238,BREAKDOWN,0,
136,06:00:14,101,INT-501,0.238,REPAIRED,0,
136,06:39:51,102,INT-502,0,DEPARTURE,,
136,07:02:51,101,INT-501,20.075,CHECKPOINT,,
136,07:19:44,103,INT-503,0,DEPARTURE,,
136,07:42:44,102,INT-502,20.075,CHECKPOINT,,2393.28
136,07:52:59,101,INT-501,38,ARRIVAL,,
136,07:59:54,104,INT-504,0,DEPARTURE,,
136,08:17:21,103,INT-503,18.251,BREAKDOWN,0,
136,08:32:52,102,INT-502,38,ARRIVAL,,2393.28
136,08:39:48,105,INT-505,0,DEPARTURE,,
136,08:51:26,104,INT-504,16.178,BREAKDOWN,0,
136,09:11:06,103,INT-503,18.251,REPAIRED,0,
136,09:16:21,103,INT-503,20.075,CHECKPOINT,,5617.56
136,09:19:57,106,INT-506,0,DEPARTURE,,
136,09:40:11,104,INT-504,16.178,REPAIRED,0,
136,09:42:40,105,INT-505,20.075,CHECKPOINT,,1578.9
136,09:51:32,104,INT-504,20.075,CHECKPOINT,,531.84
136,10:06:30,103,INT-503,38,ARRIVAL,,5617.56
136,10:22:50,106,INT-506,20.075,CHECKPOINT,,1878.06
136,10:32:49,105,INT-505,38,ARRIVAL,,1578.9
136,10:34:28,106,INT-506,24.624,BREAKDOWN,0,
136,10:41:40,104,INT-504,38,ARRIVAL,,531.84
136,11:46:13,106,INT-506,24.624,REPAIRED,0,
136,12:24:43,106,INT-506,38,ARRIVAL,,6182.64
137,05:59:58,101,INT-501,0,DEPARTURE,,
137,06:39:51,102,INT-502,0,DEPARTURE,,
137,07:02:51,101,INT-501,20.075,CHECKPOINT,,
137,07:19:44,103,INT-503,0,DEPARTURE,,
137,07:21:57,102,INT-502,12.252,BREAKDOWN,0,
137,07:52:59,101,INT-501,38,ARRIVAL,,
137,07:59:54,104,INT-504,0,DEPARTURE,,
137,07:59:54,102,INT-502,12.252,REPAIRED,0,
137,08:20:41,102,INT-502,20.075,CHECKPOINT,,4670.22
137,08:22:37,103,INT-503,20.075,CHECKPOINT,,116.34
137,08:38:58,103,INT-503,26.906,BREAKDOWN,0,
137,08:39:48,105,INT-505,0,DEPARTURE,,
137,09:02:47,104,INT-504,20.075,CHECKPOINT,,2409.9
137,09:10:49,102,INT-502,38,ARRIVAL,,4670.22
137,09:19:57,106,INT-506,0,DEPARTURE,,
137,09:42:40,105,INT-505,20.075,CHECKPOINT,,2393.28
137,09:52:55,104,INT-504,38,ARRIVAL,,2526.24
137,09:55:25,103,INT-503,26.906,REPAIRED,0,
137,10:22:50,106,INT-506,20.075,CHECKPOINT,,2409.9
137,10:25:03,106,INT-506,20.909,BREAKDOWN,0,
137,10:29:12,103,INT-503,38,ARRIVAL,,2177.22
137,10:30:36,105,INT-505,37.621,BREAKDOWN,0,
137,11:26:33,106,INT-506,20.909,REPAIRED,0,
137,12:00:20,106,INT-506,33.81,BREAKDOWN,0,
137,12:17:48,105,INT-505,37.621,REPAIRED,0,
137,12:20:00,105,INT-505,38,ARRIVAL,,6648
137,13:33:41,106,INT-506,33.81,REPAIRED,0,
137,13:47:49,106,INT-506,38,ARRIVAL,,5268.54
138,05:59:58,101,INT-501,0,DEPARTURE,,
138,06:39:51,102,INT-502,0,DEPARTURE,,
138,06:45:40,101,INT-501,13.519,BREAKDOWN,0,
138,06:47:03,102,INT-502,3.063,BREAKDOWN,0,
138,06:51:29,102,INT-502,3.063,REPAIRED,0,
138,07:19:44,103,INT-503,0,DEPARTURE,,
138,07:27:46,101,INT-501,13.519,REPAIRED,0,
138,07:44:57,101,INT-501,20.075,CHECKPOINT,,
138,07:47:10,102,INT-502,20.075,CHECKPOINT,,132.96
138,07:59:54,104,INT-504,0,DEPARTURE,,
138,08:22:37,103,INT-503,20.075,CHECKPOINT,,2127.36
138,08:35:05,101,INT-501,38,ARRIVAL,,
138,08:37:18,102,INT-502,38,ARRIVAL,,132.96
138,08:39:48,105,INT-505,0,DEPARTURE,,
138,08:45:20,104,INT-504,13.392,BREAKDOWN,0,
138,09:12:45,103,INT-503,38,ARRIVAL,,2127.36
138,09:19:57,106,INT-506,0,DEPARTURE,,
138,09:26:53,104,INT-504,13.392,REPAIRED,0,
138,09:42:40,105,INT-505,20.075,CHECKPOINT,,4803.18
138,09:44:20,104,INT-504,20.075,CHECKPOINT,,99.72
138,10:22:50,106,INT-506,20.075,CHECKPOINT,,2310.18
138,10:32:49,105,INT-505,38,ARRIVAL,,4803.18
138,10:34:28,104,INT-504,38,ARRIVAL,,99.72
138,11:12:58,106,INT-506,38,ARRIVAL,,2310.18
139,05:59:58,101,INT-501,0,DEPARTURE,,
139,06:39:51,102,INT-502,0,DEPARTURE,,
139,06:45:24,101,INT-501,13.392,BREAKDOWN,0,
139,07:19:44,103,INT-503,0,DEPARTURE,,
139,07:26:57,101,INT-501,13.392,REPAIRED,0,
139,07:42:44,102,INT-502,20.075,CHECKPOINT,,
139,07:44:24,101,INT-501,20.075,CHECKPOINT,,99.72
139,07:59:54,104,INT-504,0,DEPARTURE,,
139,08:03:47,104,INT-504,1.6,BREAKDOWN,0,
139,08:03:47,104,INT-504,1.6,REPAIRED,0,
139,08:05:43,102,INT-502,30.422,BREAKDOWN,0,
139,08:22:37,103,INT-503,20.075,CHECKPOINT,,2293.56
139,08:29:16,101,INT-501,36.523,BREAKDOWN,0,
139,08:39:48,105,INT-505,0,DEPARTURE,,
139,09:02:47,104,INT-504,20.075,CHECKPOINT,,2409.9
139,09:12:45,103,INT-503,38,ARRIVAL,,
139,09:19:41,105,INT-505,11.624,BREAKDOWN,0,
139,09:19:57,106,INT-506,0,DEPARTURE,,
139,09:30:29,102,INT-502,30.422,REPAIRED,0,
139,09:52:55,104,INT-504,38,ARRIVAL,,2409.9
139,09:55:41,105,INT-505,11.624,REPAIRED,0,
139,09:57:38,102,INT-502,38,ARRIVAL,,282.54
139,10:14:15,101,INT-501,36.523,REPAIRED,0,
139,10:18:41,105,INT-505,20.075,CHECKPOINT,,4553.88
139,10:19:31,101,INT-501,38,ARRIVAL,,1312.98
139,10:22:50,106,INT-506,20.075,CHECKPOINT,,249.3
139,11:08:49,105,INT-505,38,ARRIVAL,,2958.36
139,11:12:58,106,INT-506,38,ARRIVAL,,249.3
140,05:59:58,101,INT-501,0,DEPARTURE,,
140,06:22:41,101,INT-501,6.971,BREAKDOWN,0,
140,06:39:51,102,INT-502,0,DEPARTURE,,
140,06:40:08,101,INT-501,6.971,REPAIRED,0,
140,07:19:44,103,INT-503,0,DEPARTURE,,
140,07:20:18,101,INT-501,20.075,CHECKPOINT,,
140,07:42:44,102,INT-502,20.075,CHECKPOINT,,1346.22
140,07:59:54,104,INT-504,0,DEPARTURE,,
140,08:10:26,101,INT-501,38,ARRIVAL,,
140,08:22:37,103,INT-503,20.075,CHECKPOINT,,2393.28
140,08:32:52,102,INT-502,38,ARRIVAL,,1346.22
140,08:39:48,105,INT-505,0,DEPARTURE,,
140,09:02:47,104,INT-504,20.075,CHECKPOINT,,2409.9
140,09:12:45,103,INT-503,38,ARRIVAL,,2393.28
140,09:19:57,106,INT-506,0,DEPARTURE,,
140,09:42:40,105,INT-505,20.075,CHECKPOINT,,2393.28
140,09:52:55,104,INT-504,38,ARRIVAL,,2409.9
140,10:22:50,106,INT-506,20.075,CHECKPOINT,,2409.9
140,10:30:02,105,INT-505,37.421,BREAKDOWN,0,
140,11:12:58,106,INT-506,38,ARRIVAL,,4803.18
140,12:16:58,105,INT-505,37.421,REPAIRED,0,
140,12:19:44,105,INT-505,38,ARRIVAL,,4005.42
141,05:59:58,101,INT-501,0,DEPARTURE,,
141,06:22:24,101,INT-501,6.954,BREAKDOWN,0,
141,06:39:51,102,INT-502,0,DEPARTURE,,
141,06:39:51,101,INT-501,6.954,REPAIRED,0,
141,07:19:44,103,INT-503,0,DEPARTURE,,
141,07:20:18,101,INT-501,20.075,CHECKPOINT,,
141,07:39:41,101,INT-501,27.841,BREAKDOWN,0,
141,07:42:44,102,INT-502,20.075,CHECKPOINT,,1346.22
141,07:59:54,104,INT-504,0,DEPARTURE,,
141,08:19:01,103,INT-503,18.782,BREAKDOWN,0,
141,08:32:52,102,INT-502,38,ARRIVAL,,
141,08:38:41,104,INT-504,11.213,BREAKDOWN,0,
141,08:39:48,105,INT-505,0,DEPARTURE,,
141,08:57:48,101,INT-501,27.841,REPAIRED,0,
141,09:12:45,104,INT-504,11.213,REPAIRED,0,
141,09:13:52,103,INT-503,18.782,REPAIRED,0,
141,09:17:28,103,INT-503,20.075,CHECKPOINT,,5684.04
141,09:19:57,106,INT-506,0,DEPARTURE,,
141,09:28:33,101,INT-501,38,ARRIVAL,,3340.62
141,09:36:51,104,INT-504,20.075,CHECKPOINT,,1163.4
141,09:42:40,105,INT-505,20.075,CHECKPOINT,,349.02
141,10:07:36,103,INT-503,38,ARRIVAL,,2343.42
141,10:22:50,106,INT-506,20.075,CHECKPOINT,,2409.9
141,10:27:00,104,INT-504,38,ARRIVAL,,1163.4
141,10:29:46,105,INT-505,37.247,BREAKDOWN,0,
141,11:12:58,106,INT-506,38,ARRIVAL,,2758.92
141,12:16:08,105,INT-505,37.247,REPAIRED,0,
141,12:19:11,105,INT-505,38,ARRIVAL,,3972.18
142,05:59:58,101,INT-501,0,DEPARTURE,,
142,06:10:46,101,INT-501,4.246,BREAKDOWN,0,
142,06:17:25,101,INT-501,4.246,REPAIRED,0,
142,06:39:51,102,INT-502,0,DEPARTURE,,
142,06:58:25,102,INT-502,5.865,BREAKDOWN,0,
142,07:09:29,101,INT-501,20.075,CHECKPOINT,,
142,07:10:36,102,INT-502,5.865,REPAIRED,0,
142,07:19:44,103,INT-503,0,DEPARTURE,,
142,07:54:55,102,INT-502,20.075,CHECKPOINT,,2725.68
142,07:59:38,101,INT-501,38,ARRIVAL,,
142,07:59:54,104,INT-504,0,DEPARTURE,,
142,08:03:30,103,INT-503,12.67,BREAKDOWN,0,
142,08:36:28,102,INT-502,34.955,BREAKDOWN,0,
142,08:39:48,105,INT-505,0,DEPARTURE,,
142,08:42:50,103,INT-503,12.67,REPAIRED,0,
142,08:47:50,103,INT-503,14.922,BREAKDOWN,0,
142,09:02:47,104,INT-504,20.075,CHECKPOINT,,4071.9
142,09:19:57,106,INT-506,0,DEPARTURE,,
142,09:24:23,104,INT-504,29.189,BREAKDOWN,0,
142,09:33:48,103,INT-503,14.922,REPAIRED,0,
142,09:38:48,106,INT-506,5.939,BREAKDOWN,0,
142,09:38:48,105,INT-505,18.691,BREAKDOWN,0,
142,09:47:56,103,INT-503,20.075,CHECKPOINT,,2709.06
142,09:51:32,106,INT-506,5.939,REPAIRED,0,
142,10:14:48,102,INT-502,34.955,REPAIRED,0,
142,10:23:23,102,INT-502,38,ARRIVAL,,8625.78
142,10:33:38,105,INT-505,18.691,REPAIRED,0,
142,10:35:35,106,INT-506,20.075,CHECKPOINT,,2858.64
142,10:37:31,105,INT-505,20.075,CHECKPOINT,,116.34
142,10:38:04,103,INT-503,38,ARRIVAL,,880.86
142,10:43:20,106,INT-506,22.865,BREAKDOWN,0,
142,10:45:00,104,INT-504,29.189,REPAIRED,0,
142,11:13:32,104,INT-504,38,ARRIVAL,,2127.36
142,11:27:39,105,INT-505,38,ARRIVAL,,847.62
142,11:49:32,106,INT-506,22.865,REPAIRED,0,
142,12:31:55,106,INT-506,38,ARRIVAL,,3855.84
143,05:59:58,101,INT-501,0,DEPARTURE,,
143,06:39:51,102,INT-502,0,DEPARTURE,,
143,07:02:51,101,INT-501,20.075,CHECKPOINT,,
143,07:19:44,103,INT-503,0,DEPARTURE,,
143,07:42:44,102,INT-502,20.075,CHECKPOINT,,2393.28
143,07:52:59,101,INT-501,38,ARRIVAL,,
143,07:59:54,104,INT-504,0,DEPARTURE,,
143,08:22:37,103,INT-503,20.075,CHECKPOINT,,2393.28
143,08:32:52,102,INT-502,38,ARRIVAL,,2393.28
143,08:39:48,105,INT-505,0,DEPARTURE,,
143,09:02:47,104,INT-504,20.075,CHECKPOINT,,2409.9
143,09:12:45,103,INT-503,38,ARRIVAL,,2393.28
143,09:19:57,106,INT-506,0,DEPARTURE,,
143,09:42:40,105,INT-505,20.075,CHECKPOINT,,2393.28
143,09:47:23,106,INT-506,8.101,BREAKDOWN,0,
143,09:52:55,104,INT-504,38,ARRIVAL,,2409.9
143,10:09:16,106,INT-506,8.101,REPAIRED,0,
143,10:32:49,105,INT-505,38,ARRIVAL,,2393.28
143,10:44:43,106,INT-506,20.075,CHECKPOINT,,3722.88
143,11:34:51,106,INT-506,38,ARRIVAL,,3722.88
144,05:59:58,101,INT-501,0,DEPARTURE,,
144,06:39:01,101,INT-501,11.35,BREAKDOWN,0,
144,06:39:51,102,INT-502,0,DEPARTURE,,
144,07:13:55,101,INT-501,11.35,REPAIRED,0,
144,07:19:44,103,INT-503,0,DEPARTURE,,
144,07:37:45,101,INT-501,20.075,CHECKPOINT,,
144,07:42:44,102,INT-502,20.075,CHECKPOINT,,299.16
144,07:51:02,102,INT-502,23.159,BREAKDOWN,0,
144,07:59:54,104,INT-504,0,DEPARTURE,,
144,08:22:37,103,INT-503,20.075,CHECKPOINT,,2393.28
144,08:27:53,101,INT-501,38,ARRIVAL,,
144,08:39:48,105,INT-505,0,DEPARTURE,,
144,08:57:48,102,INT-502,23.159,REPAIRED,0,
144,09:00:01,105,INT-505,6.226,BREAKDOWN,0,
144,09:02:47,104,INT-504,20.075,CHECKPOINT,,2409.9
144,09:12:45,103,INT-503,38,ARRIVAL,,2692.44
144,09:14:25,105,INT-505,6.226,REPAIRED,0,
144,09:19:57,106,INT-506,0,DEPARTURE,,
144,09:39:37,102,INT-502,38,ARRIVAL,,1612.14
144,09:52:55,104,INT-504,38,ARRIVAL,,797.76
144,09:57:05,105,INT-505,20.075,CHECKPOINT,,3257.52
144,10:22:50,106,INT-506,20.075,CHECKPOINT,,1545.66
144,10:37:48,106,INT-506,26.171,BREAKDOWN,0,
144,10:47:13,105,INT-505,38,ARRIVAL,,3257.52
144,11:52:52,106,INT-506,26.171,REPAIRED,0,
144,12:28:02,106,INT-506,38,ARRIVAL,,6049.68
145,05:59:58,101,INT-501,0,DEPARTURE,,
145,06:39:51,102,INT-502,0,DEPARTURE,,
145,07:02:51,101,INT-501,20.075,CHECKPOINT,,
145,07:19:44,103,INT-503,0,DEPARTURE,,
145,07:42:44,102,INT-502,20.075,CHECKPOINT,,2393.28
145,07:52:59,101,INT-501,38,ARRIVAL,,
145,07:59:54,104,INT-504,0,DEPARTURE,,
145,08:22:37,103,INT-503,20.075,CHECKPOINT,,2393.28
145,08:32:52,102,INT-502,38,ARRIVAL,,2393.28
145,08:39:48,105,INT-505,0,DEPARTURE,,
145,09:02:47,104,INT-504,20.075,CHECKPOINT,,2409.9
145,09:12:45,103,INT-503,38,ARRIVAL,,2393.28
145,09:19:57,106,INT-506,0,DEPARTURE,,
145,09:42:40,105,INT-505,20.075,CHECKPOINT,,2393.28
145,09:52:55,104,INT-504,38,ARRIVAL,,2409.9
145,10:22:50,106,INT-506,20.075,CHECKPOINT,,2409.9
145,10:32:49,105,INT-505,38,ARRIVAL,,2393.28
145,11:12:58,106,INT-506,38,ARRIVAL,,2409.9
146,05:59:58,101,INT-501,0,DEPARTURE,,
146,06:39:51,102,INT-502,0,DEPARTURE,,
146,07:02:51,101,INT-501,20.075,CHECKPOINT,,
146,07:13:06,102,INT-502,9.661,BREAKDOWN,0,
146,07:19:44,103,INT-503,0,DEPARTURE,,
146,07:35:15,101,INT-501,32.849,BREAKDOWN,0,
146,07:41:37,102,INT-502,9.661,REPAIRED,0,
146,07:59:54,104,INT-504,0,DEPARTURE,,
146,08:11:16,102,INT-502,20.075,CHECKPOINT,,4105.14
146,08:22:37,103,INT-503,20.075,CHECKPOINT,,681.42
146,08:39:48,105,INT-505,0,DEPARTURE,,
146,09:01:24,102,INT-502,38,ARRIVAL,,
146,09:02:47,104,INT-504,20.075,CHECKPOINT,,2409.9
146,09:05:00,101,INT-501,32.849,REPAIRED,0,
146,09:12:45,103,INT-503,38,ARRIVAL,,681.42
146,09:19:57,106,INT-506,0,DEPARTURE,,
146,09:22:44,101,INT-501,38,ARRIVAL,,598.32
146,09:42:40,105,INT-505,20.075,CHECKPOINT,,2393.28
146,09:52:55,104,INT-504,38,ARRIVAL,,1811.58
146,10:22:50,106,INT-506,20.075,CHECKPOINT,,2409.9
146,10:32:49,105,INT-505,38,ARRIVAL,,2393.28
146,11:12:58,106,INT-506,38,ARRIVAL,,2409.9
147,05:59:58,101,INT-501,0,DEPARTURE,,
147,06:39:51,102,INT-502,0,DEPARTURE,,
147,07:02:51,101,INT-501,20.075,CHECKPOINT,,
147,07:13:39,102,INT-502,9.772,BREAKDOWN,0,
147,07:19:44,103,INT-503,0,DEPARTURE,,
147,07:42:27,102,INT-502,9.772,REPAIRED,0,
147,07:52:59,101,INT-501,38,ARRIVAL,,
147,07:57:41,102,INT-502,15.05,BREAKDOWN,0,
147,07:59:54,104,INT-504,0,DEPARTURE,,
147,08:22:37,103,INT-503,20.075,CHECKPOINT,,4786.56
147,08:39:48,105,INT-505,0,DEPARTURE,,
147,08:43:57,102,INT-502,15.05,REPAIRED,0,
147,08:57:48,102,INT-502,20.075,CHECKPOINT,,2110.74
147,09:02:47,104,INT-504,20.075,CHECKPOINT,,299.16
147,09:06:40,105,INT-505,7.926,BREAKDOWN,0,
147,09:12:45,103,INT-503,38,ARRIVAL,,4786.56
147,09:19:57,106,INT-506,0,DEPARTURE,,
147,09:28:16,105,INT-505,7.926,REPAIRED,0,
147,09:47:56,102,INT-502,38,ARRIVAL,,2110.74
147,09:52:55,104,INT-504,38,ARRIVAL,,299.16
147,10:04:17,105,INT-505,20.075,CHECKPOINT,,3689.64
147,10:12:35,106,INT-506,16.554,BREAKDOWN,0,
147,10:54:25,105,INT-505,38,ARRIVAL,,3689.64
147,11:02:10,106,INT-506,16.554,REPAIRED,0,
147,11:12:25,106,INT-506,20.075,CHECKPOINT,,4088.52
147,12:02:33,106,INT-506,38,ARRIVAL,,4088.52
148,05:59:58,101,INT-501,0,DEPARTURE,,
148,06:14:05,101,INT-501,4.872,BREAKDOWN,0,
148,06:21:51,101,INT-501,4.872,REPAIRED,0,
148,06:39:51,102,INT-502,0,DEPARTURE,,
148,07:10:36,101,INT-501,20.075,CHECKPOINT,,
148,07:19:44,103,INT-503,0,DEPARTURE,,
148,07:42:44,102,INT-502,20.075,CHECKPOINT,,1927.92
148,07:59:54,104,INT-504,0,DEPARTURE,,
148,08:00:44,101,INT-501,38,ARRIVAL,,
148,08:22:21,103,INT-503,19.99,BREAKDOWN,0,
148,08:32:52,102,INT-502,38,ARRIVAL,,1927.92
148,08:39:48,105,INT-505,0,DEPARTURE,,
148,09:02:47,104,INT-504,20.075,CHECKPOINT,,4803.18
148,09:19:57,106,INT-506,0,DEPARTURE,,
148,09:20:47,103,INT-503,19.99,REPAIRED,0,
148,09:21:04,103,INT-503,20.075,CHECKPOINT,,1096.92
148,09:42:40,105,INT-505,20.075,CHECKPOINT,,1296.36
148,09:44:03,105,INT-505,20.539,BREAKDOWN,0,
148,09:52:55,104,INT-504,38,ARRIVAL,,4803.18
148,10:11:12,103,INT-503,38,ARRIVAL,,1096.92
148,10:22:50,106,INT-506,20.075,CHECKPOINT,,2409.9
148,10:44:43,105,INT-505,20.539,REPAIRED,0,
148,11:12:58,106,INT-506,38,ARRIVAL,,3706.26
148,11:33:28,105,INT-505,38,ARRIVAL,,1229.88
149,05:59:58,101,INT-501,0,DEPARTURE,,
149,06:39:51,102,INT-502,0,DEPARTURE,,
149,07:02:51,101,INT-501,20.075,CHECKPOINT,,
149,07:19:44,103,INT-503,0,DEPARTURE,,
149,07:42:44,102,INT-502,20.075,CHECKPOINT,,2393.28
149,07:52:59,101,INT-501,38,ARRIVAL,,
149,07:59:54,104,INT-504,0,DEPARTURE,,
149,08:20:08,103,INT-503,19.188,BREAKDOWN,0,
149,08:32:52,102,INT-502,38,ARRIVAL,,2393.28
149,08:39:48,105,INT-505,0,DEPARTURE,,
149,08:47:16,105,INT-505,3.176,BREAKDOWN,0,
149,08:51:42,105,INT-505,3.176,REPAIRED,0,
149,09:02:47,104,INT-504,20.075,CHECKPOINT,,4803.18
149,09:16:21,103,INT-503,19.188,REPAIRED,0,
149,09:18:51,103,INT-503,20.075,CHECKPOINT,,963.96
149,09:19:57,106,INT-506,0,DEPARTURE,,
149,09:44:37,104,INT-504,35.113,BREAKDOWN,0,
149,09:47:06,105,INT-505,20.075,CHECKPOINT,,1695.24
149,10:08:59,103,INT-503,38,ARRIVAL,,5767.14
149,10:22:50,106,INT-506,20.075,CHECKPOINT,,2143.98
149,10:37:14,105,INT-505,38,ARRIVAL,,1695.24
149,11:12:58,106,INT-506,38,ARRIVAL,,2143.98
149,11:23:13,104,INT-504,35.113,REPAIRED,0,
149,11:31:32,104,INT-504,38,ARRIVAL,,1113.54
150,05:59:58,101,INT-501,0,DEPARTURE,,
150,06:39:51,102,INT-502,0,DEPARTURE,,
150,07:02:51,101,INT-501,20.075,CHECKPOINT,,
150,07:19:44,103,INT-503,0,DEPARTURE,,
150,07:42:44,102,INT-502,20.075,CHECKPOINT,,2393.28
150,07:52:59,101,INT-501,38,ARRIVAL,,
150,07:59:54,104,INT-504,0,DEPARTURE,,
150,08:00:11,103,INT-503,11.705,BREAKDOWN,0,
150,08:32:52,102,INT-502,38,ARRIVAL,,2393.28
150,08:36:28,103,INT-503,11.705,REPAIRED,0,
150,08:39:48,105,INT-505,0,DEPARTURE,,
150,08:58:54,103,INT-503,20.075,CHECKPOINT,,4570.5
150,09:02:47,104,INT-504,20.075,CHECKPOINT,,232.68
150,09:19:57,106,INT-506,0,DEPARTURE,,
150,09:42:40,105,INT-505,20.075,CHECKPOINT,,2393.28
150,09:49:03,103,INT-503,38,ARRIVAL,,4570.5
150,09:52:55,104,INT-504,38,ARRIVAL,,232.68
150,09:58:11,106,INT-506,11.079,BREAKDOWN,0,
150,10:31:42,106,INT-506,11.079,REPAIRED,0,
150,10:32:49,105,INT-505,38,ARRIVAL,,2393.28
150,10:56:21,106,INT-506,20.075,CHECKPOINT,,4420.92
150,11:46:29,106,INT-506,38,ARRIVAL,,4420.92
151,05:59:58,101,INT-501,0,DEPARTURE,,
151,06:39:51,102,INT-502,0,DEPARTURE,,
151,07:02:51,101,INT-501,20.075,CHECKPOINT,,
151,07:19:44,103,INT-503,0,DEPARTURE,,
151,07:42:44,102,INT-502,20.075,CHECKPOINT,,2393.28
151,07:51:52,103,INT-503,9.237,BREAKDOWN,0,
151,07:52:59,101,INT-501,38,ARRIVAL,,
151,07:59:54,104,INT-504,0,DEPARTURE,,
151,08:18:44,103,INT-503,9.237,REPAIRED,0,
151,08:32:52,102,INT-502,38,ARRIVAL,,2393.28
151,08:39:48,105,INT-505,0,DEPARTURE,,
151,08:49:29,103,INT-503,20.075,CHECKPOINT,,4005.42
151,09:02:47,104,INT-504,20.075,CHECKPOINT,,797.76
151,09:19:57,106,INT-506,0,DEPARTURE,,
151,09:39:37,103,INT-503,38,ARRIVAL,,4005.42
151,09:42:40,105,INT-505,20.075,CHECKPOINT,,2393.28
151,09:52:55,104,INT-504,38,ARRIVAL,,797.76
151,10:16:28,105,INT-505,33.082,BREAKDOWN,0,
151,10:22:50,106,INT-506,20.075,CHECKPOINT,,2409.9
151,10:58:34,106,INT-506,33.607,BREAKDOWN,0,
151,11:46:29,105,INT-505,33.082,REPAIRED,0,
151,12:02:50,105,INT-505,38,ARRIVAL,,7794.78
151,12:31:05,106,INT-506,33.607,REPAIRED,0,
151,12:45:30,106,INT-506,38,ARRIVAL,,2559.48
152,05:59:58,101,INT-501,0,DEPARTURE,,
152,06:26:33,101,INT-501,7.888,BREAKDOWN,0,
152,06:39:51,102,INT-502,0,DEPARTURE,,
152,06:48:10,101,INT-501,7.888,REPAIRED,0,
152,07:19:44,103,INT-503,0,DEPARTURE,,
152,07:24:27,101,INT-501,20.075,CHECKPOINT,,
152,07:42:44,102,INT-502,20.075,CHECKPOINT,,1096.92
152,07:43:50,101,INT-501,27.841,BREAKDOWN,0,
152,07:59:54,104,INT-504,0,DEPARTURE,,
152,08:01:34,104,INT-504,0.831,BREAKDOWN,0,
152,08:01:34,104,INT-504,0.831,REPAIRED,0,
152,08:22:37,103,INT-503,20.075,CHECKPOINT,,2393.28
152,08:32:52,102,INT-502,38,ARRIVAL,,
152,08:39:48,105,INT-505,0,DEPARTURE,,
152,09:01:57,101,INT-501,27.841,REPAIRED,0,
152,09:02:47,104,INT-504,20.075,CHECKPOINT,,2409.9
152,09:12:45,103,INT-503,38,ARRIVAL,,2393.28
152,09:19:57,106,INT-506,0,DEPARTURE,,
152,09:32:42,101,INT-501,38,ARRIVAL,,1196.64
152,09:42:40,105,INT-505,20.075,CHECKPOINT,,2393.28
152,09:52:55,104,INT-504,38,ARRIVAL,,1213.26
152,10:22:50,106,INT-506,20.075,CHECKPOINT,,2409.9
152,10:32:49,105,INT-505,38,ARRIVAL,,2393.28
152,11:12:58,106,INT-506,38,ARRIVAL,,2409.9
153,05:59:58,101,INT-501,0,DEPARTURE,,
153,06:39:51,102,INT-502,0,DEPARTURE,,
153,07:02:51,101,INT-501,20.075,CHECKPOINT,,
153,07:19:44,103,INT-503,0,DEPARTURE,,
153,07:42:44,102,INT-502,20.075,CHECKPOINT,,2393.28
153,07:52:59,101,INT-501,38,ARRIVAL,,
153,07:59:54,104,INT-504,0,DEPARTURE,,
153,08:07:06,103,INT-503,14.296,BREAKDOWN,0,
153,08:32:52,102,INT-502,38,ARRIVAL,,2393.28
153,08:39:48,105,INT-505,0,DEPARTURE,,
153,08:51:42,103,INT-503,14.296,REPAIRED,0,
153,09:02:47,104,INT-504,20.075,CHECKPOINT,,4803.18
153,09:07:13,103,INT-503,20.075,CHECKPOINT,,265.92
153,09:09:09,103,INT-503,20.754,BREAKDOWN,0,
153,09:19:57,106,INT-506,0,DEPARTURE,,
153,09:28:33,106,INT-506,3.527,BREAKDOWN,0,
153,09:33:32,106,INT-506,3.527,REPAIRED,0,
153,09:42:40,105,INT-505,20.075,CHECKPOINT,,2127.36
153,09:52:55,104,INT-504,38,ARRIVAL,,4803.18
153,10:10:22,103,INT-503,20.754,REPAIRED,0,
153,10:27:49,106,INT-506,20.075,CHECKPOINT,,2709.06
153,10:32:49,105,INT-505,38,ARRIVAL,,2393.28
153,10:48:03,106,INT-506,27.967,BREAKDOWN,0,
153,10:58:34,103,INT-503,38,ARRIVAL,,1545.66
153,12:06:26,106,INT-506,27.967,REPAIRED,0,
153,12:36:21,106,INT-506,38,ARRIVAL,,5866.86
154,05:59:58,101,INT-501,0,DEPARTURE,,
154,06:39:51,102,INT-502,0,DEPARTURE,,
154,07:02:51,101,INT-501,20.075,CHECKPOINT,,
154,07:19:44,103,INT-503,0,DEPARTURE,,
154,07:42:44,102,INT-502,20.075,CHECKPOINT,,2393.28
154,07:52:59,101,INT-501,38,ARRIVAL,,
154,07:56:18,103,INT-503,10.632,BREAKDOWN,0,
154,07:59:54,104,INT-504,0,DEPARTURE,,
154,08:28:43,103,INT-503,10.632,REPAIRED,0,
154,08:32:52,102,INT-502,38,ARRIVAL,,2393.28
154,08:39:48,105,INT-505,0,DEPARTURE,,
154,08:55:02,103,INT-503,20.075,CHECKPOINT,,4337.82
154,09:02:47,104,INT-504,20.075,CHECKPOINT,,465.36
154,09:10:16,104,INT-504,22.722,BREAKDOWN,0,
154,09:19:57,106,INT-506,0,DEPARTURE,,
154,09:42:40,105,INT-505,20.075,CHECKPOINT,,2393.28
154,09:45:10,103,INT-503,38,ARRIVAL,,4337.82
154,10:16:28,104,INT-504,22.722,REPAIRED,0,
154,10:22:50,106,INT-506,20.075,CHECKPOINT,,2409.9
154,10:32:49,105,INT-505,38,ARRIVAL,,2858.64
154,10:59:07,104,INT-504,38,ARRIVAL,,1578.9
154,11:12:58,106,INT-506,38,ARRIVAL,,831
155,05:59:58,101,INT-501,0,DEPARTURE,,
155,06:39:51,102,INT-502,0,DEPARTURE,,
155,07:02:51,101,INT-501,20.075,CHECKPOINT,,
155,07:19:44,103,INT-503,0,DEPARTURE,,
155,07:29:43,101,INT-501,31.635,BREAKDOWN,0,
155,07:42:44,102,INT-502,20.075,CHECKPOINT,,2393.28
155,07:59:54,104,INT-504,0,DEPARTURE,,
155,08:22:37,103,INT-503,20.075,CHECKPOINT,,2393.28
155,08:32:52,102,INT-502,38,ARRIVAL,,
155,08:39:48,105,INT-505,0,DEPARTURE,,
155,08:54:45,101,INT-501,31.635,REPAIRED,0,
155,09:02:47,104,INT-504,20.075,CHECKPOINT,,2409.9
155,09:12:45,103,INT-503,38,ARRIVAL,,2393.28
155,09:18:01,101,INT-501,38,ARRIVAL,,315.78
155,09:19:57,106,INT-506,0,DEPARTURE,,
155,09:42:40,105,INT-505,20.075,CHECKPOINT,,2393.28
155,09:49:19,104,INT-504,37.105,BREAKDOWN,0,
155,10:22:50,106,INT-506,20.075,CHECKPOINT,,2409.9
155,10:32:49,105,INT-505,38,ARRIVAL,,4487.4
155,11:12:58,106,INT-506,38,ARRIVAL,,2409.9
155,11:35:25,104,INT-504,37.105,REPAIRED,0,
155,11:39:01,104,INT-504,38,ARRIVAL,,1562.28
156,05:59:58,101,INT-501,0,DEPARTURE,,
156,06:09:40,101,INT-501,3.967,BREAKDOWN,0,
156,06:15:29,101,INT-501,3.967,REPAIRED,0,
156,06:39:51,102,INT-502,0,DEPARTURE,,
156,07:08:40,101,INT-501,20.075,CHECKPOINT,,
156,07:19:44,103,INT-503,0,DEPARTURE,,
156,07:42:44,102,INT-502,20.075,CHECKPOINT,,2044.26
156,07:53:32,102,INT-502,24.334,BREAKDOWN,0,
156,07:58:48,101,INT-501,38,ARRIVAL,,
156,07:59:54,104,INT-504,0,DEPARTURE,,
156,08:22:37,103,INT-503,20.075,CHECKPOINT,,2393.28
156,08:39:48,105,INT-505,0,DEPARTURE,,
156,09:02:47,104,INT-504,20.075,CHECKPOINT,,2409.9
156,09:04:43,102,INT-502,24.334,REPAIRED,0,
156,09:12:45,103,INT-503,38,ARRIVAL,,4437.54
156,09:19:57,106,INT-506,0,DEPARTURE,,
156,09:42:40,105,INT-505,20.075,CHECKPOINT,,2393.28
156,09:44:03,102,INT-502,38,ARRIVAL,,1878.06
156,09:52:55,104,INT-504,38,ARRIVAL,,531.84
156,10:22:50,106,INT-506,20.075,CHECKPOINT,,2409.9
156,10:28:06,105,INT-505,36.7,BREAKDOWN,0,
156,11:12:58,106,INT-506,38,ARRIVAL,,4803.18
156,12:13:38,105,INT-505,36.7,REPAIRED,0,
156,12:18:21,105,INT-505,38,ARRIVAL,,3922.32
157,05:59:58,101,INT-501,0,DEPARTURE,,
157,06:04:40,101,INT-501,2.174,BREAKDOWN,0,
157,06:05:14,101,INT-501,2.174,REPAIRED,0,
157,06:39:51,102,INT-502,0,DEPARTURE,,
157,07:03:24,101,INT-501,20.075,CHECKPOINT,,
157,07:19:44,103,INT-503,0,DEPARTURE,,
157,07:20:18,102,INT-502,11.705,BREAKDOWN,0,
157,07:25:33,101,INT-501,29.765,BREAKDOWN,0,
157,07:56:35,102,INT-502,11.705,REPAIRED,0,
157,07:59:54,104,INT-504,0,DEPARTURE,,
157,08:19:01,102,INT-502,20.075,CHECKPOINT,,4537.26
157,08:22:37,103,INT-503,20.075,CHECKPOINT,,216.06
157,08:26:30,104,INT-504,7.888,BREAKDOWN,0,
157,08:29:16,102,INT-502,24.181,BREAKDOWN,0,
157,08:39:48,105,INT-505,0,DEPARTURE,,
157,08:48:06,104,INT-504,7.888,REPAIRED,0,
157,08:49:46,101,INT-501,29.765,REPAIRED,0,
157,09:10:49,104,INT-504,15.17,BREAKDOWN,0,
157,09:12:45,103,INT-503,38,ARRIVAL,,
157,09:15:15,101,INT-501,37.492,BREAKDOWN,0,
157,09:19:57,106,INT-506,0,DEPARTURE,,
157,09:40:11,102,INT-502,24.181,REPAIRED,0,
157,09:42:40,105,INT-505,20.075,CHECKPOINT,,4803.18
157,09:57:21,104,INT-504,15.17,REPAIRED,0,
157,10:10:56,104,INT-504,20.075,CHECKPOINT,,1695.24
157,10:20:04,102,INT-502,38,ARRIVAL,,4038.66
157,10:22:50,106,INT-506,20.075,CHECKPOINT,,714.66
157,10:30:52,106,INT-506,23.011,BREAKDOWN,0,
157,10:32:49,105,INT-505,38,ARRIVAL,,764.52
157,11:01:04,104,INT-504,38,ARRIVAL,,1695.24
157,11:02:27,101,INT-501,37.492,REPAIRED,0,
157,11:04:56,101,INT-501,38,ARRIVAL,,232.68
157,11:37:21,106,INT-506,23.011,REPAIRED,0,
157,11:45:40,106,INT-506,26.906,BREAKDOWN,0,
157,13:02:07,106,INT-506,26.906,REPAIRED,0,
157,13:03:46,106,INT-506,27.643,BREAKDOWN,0,
157,14:21:37,106,INT-506,27.643,REPAIRED,0,
157,14:53:45,106,INT-506,38,ARRIVAL,,13728.12
158,05:59:58,101,INT-501,0,DEPARTURE,,
158,06:39:51,102,INT-502,0,DEPARTURE,,
158,07:02:51,101,INT-501,20.075,CHECKPOINT,,
158,07:19:44,103,INT-503,0,DEPARTURE,,
158,07:42:44,102,INT-502,20.075,CHECKPOINT,,2393.28
158,07:52:59,101,INT-501,38,ARRIVAL,,
158,07:59:54,104,INT-504,0,DEPARTURE,,
158,08:22:37,103,INT-503,20.075,CHECKPOINT,,2393.28
158,08:32:52,102,INT-502,38,ARRIVAL,,2393.28
158,08:39:48,105,INT-505,0,DEPARTURE,,
158,09:02:47,104,INT-504,20.075,CHECKPOINT,,2409.9
158,09:12:45,103,INT-503,38,ARRIVAL,,2393.28
158,09:13:02,104,INT-504,24.181,BREAKDOWN,0,
158,09:19:57,106,INT-506,0,DEPARTURE,,
158,09:42:40,105,INT-505,20.075,CHECKPOINT,,2393.28
158,09:47:23,105,INT-505,22.372,BREAKDOWN,0,
158,10:22:50,106,INT-506,20.075,CHECKPOINT,,2409.9
158,10:23:57,104,INT-504,24.181,REPAIRED,0,
158,10:42:47,106,INT-506,27.874,BREAKDOWN,0,
158,10:53:02,105,INT-505,22.372,REPAIRED,0,
158,11:03:50,104,INT-504,38,ARRIVAL,,6664.62
158,11:38:27,105,INT-505,38,ARRIVAL,,2077.5
158,12:00:54,106,INT-506,27.874,REPAIRED,0,
158,12:31:05,106,INT-506,38,ARRIVAL,,3157.8
159,05:59:58,101,INT-501,0,DEPARTURE,,
159,06:39:51,102,INT-502,0,DEPARTURE,,
159,07:02:51,101,INT-501,20.075,CHECKPOINT,,
159,07:19:44,103,INT-503,0,DEPARTURE,,
159,07:42:44,102,INT-502,20.075,CHECKPOINT,,2393.28
159,07:52:59,101,INT-501,38,ARRIVAL,,
159,07:59:54,104,INT-504,0,DEPARTURE,,
159,08:19:01,104,INT-504,6.046,BREAKDOWN,0,
159,08:22:37,103,INT-503,20.075,CHECKPOINT,,2393.28
159,08:32:02,104,INT-504,6.046,REPAIRED,0,
159,08:32:52,102,INT-502,38,ARRIVAL,,2393.28
159,08:39:48,105,INT-505,0,DEPARTURE,,
159,08:47:16,105,INT-505,3.176,BREAKDOWN,0,
159,08:51:42,105,INT-505,3.176,REPAIRED,0,
159,09:12:45,103,INT-503,38,ARRIVAL,,2393.28
159,09:15:48,104,INT-504,20.075,CHECKPOINT,,3191.04
159,09:19:57,106,INT-506,0,DEPARTURE,,
159,09:20:31,105,INT-505,10.511,BREAKDOWN,0,
159,09:52:39,105,INT-505,10.511,REPAIRED,0,
159,10:05:56,104,INT-504,38,ARRIVAL,,3191.04
159,10:19:14,105,INT-505,20.075,CHECKPOINT,,3805.98
159,10:22:50,106,INT-506,20.075,CHECKPOINT,,216.06
159,11:09:22,105,INT-505,38,ARRIVAL,,3805.98
159,11:12:58,106,INT-506,38,ARRIVAL,,216.06
160,05:59:58,101,INT-501,0,DEPARTURE,,
160,06:39:51,102,INT-502,0,DEPARTURE,,
160,06:54:15,101,INT-501,17.226,BREAKDOWN,0,
160,07:19:44,103,INT-503,0,DEPARTURE,,
160,07:42:44,102,INT-502,20.075,CHECKPOINT,,
160,07:45:13,101,INT-501,17.226,REPAIRED,0,
160,07:53:49,101,INT-501,20.075,CHECKPOINT,,664.8
160,07:59:54,104,INT-504,0,DEPARTURE,,
160,08:22:37,103,INT-503,20.075,CHECKPOINT,,1728.48
160,08:32:52,102,INT-502,38,ARRIVAL,,
160,08:39:48,105,INT-505,0,DEPARTURE,,
160,08:43:57,101,INT-501,38,ARRIVAL,,664.8
160,09:02:47,104,INT-504,20.075,CHECKPOINT,,2409.9
160,09:12:45,103,INT-503,38,ARRIVAL,,1728.48
160,09:19:57,106,INT-506,0,DEPARTURE,,
160,09:23:50,106,INT-506,1.6,BREAKDOWN,0,
160,09:23:50,106,INT-506,1.6,REPAIRED,0,
160,09:42:40,105,INT-505,20.075,CHECKPOINT,,2393.28
160,09:52:55,104,INT-504,38,ARRIVAL,,2409.9
160,10:22:50,106,INT-506,20.075,CHECKPOINT,,2409.9
160,10:32:49,105,INT-505,38,ARRIVAL,,2393.28
160,11:12:58,106,INT-506,38,ARRIVAL,,2409.9
161,05:59:58,101,INT-501,0,DEPARTURE,,
161,06:39:51,102,INT-502,0,DEPARTURE,,
161,07:02:51,101,INT-501,20.075,CHECKPOINT,,
161,07:19:44,103,INT-503,0,DEPARTURE,,
161,07:42:44,102,INT-502,20.075,CHECKPOINT,,2393.28
161,07:52:59,101,INT-501,38,ARRIVAL,,
161,07:59:54,104,INT-504,0,DEPARTURE,,
161,08:22:37,103,INT-503,20.075,CHECKPOINT,,2393.28
161,08:32:52,102,INT-502,38,ARRIVAL,,2393.28
161,08:39:48,105,INT-505,0,DEPARTURE,,
161,08:55:18,103,INT-503,32.901,BREAKDOWN,0,
161,09:02:47,104,INT-504,20.075,CHECKPOINT,,2409.9
161,09:19:57,106,INT-506,0,DEPARTURE,,
161,09:29:06,104,INT-504,31.346,BREAKDOWN,0,
161,09:31:36,106,INT-506,4.375,BREAKDOWN,0,
161,09:38:48,106,INT-506,4.375,REPAIRED,0,
161,09:42:40,105,INT-505,20.075,CHECKPOINT,,2393.28
161,10:02:04,105,INT-505,27.841,BREAKDOWN,0,
161,10:25:03,103,INT-503,32.901,REPAIRED,0,
161,10:26:26,103,INT-503,33.092,BREAKDOWN,0,
161,10:30:02,106,INT-506,20.075,CHECKPOINT,,2842.02
161,10:54:08,104,INT-504,31.346,REPAIRED,0,
161,11:17:58,104,INT-504,38,ARRIVAL,,9905.52
161,11:20:11,106,INT-506,38,ARRIVAL,,132.96
161,11:20:11,105,INT-505,27.841,REPAIRED,0,
161,11:50:55,105,INT-505,38,ARRIVAL,,1844.82
161,11:56:28,103,INT-503,33.092,REPAIRED,0,
161,12:12:32,103,INT-503,38,ARRIVAL,,1296.36
162,05:59:58,101,INT-501,0,DEPARTURE,,
162,06:33:29,101,INT-501,9.672,BREAKDOWN,0,
162,06:39:51,102,INT-502,0,DEPARTURE,,
162,07:02:17,101,INT-501,9.672,REPAIRED,0,
162,07:19:44,103,INT-503,0,DEPARTURE,,
162,07:31:39,101,INT-501,20.075,CHECKPOINT,,
162,07:42:44,102,INT-502,20.075,CHECKPOINT,,664.8
162,07:59:54,104,INT-504,0,DEPARTURE,,
162,08:10:26,104,INT-504,4.204,BREAKDOWN,0,
162,08:17:05,104,INT-504,4.204,REPAIRED,0,
162,08:21:47,101,INT-501,38,ARRIVAL,,
162,08:22:37,103,INT-503,20.075,CHECKPOINT,,2393.28
162,08:32:52,102,INT-502,38,ARRIVAL,,664.8
162,08:39:48,105,INT-505,0,DEPARTURE,,
162,08:44:47,104,INT-504,11.079,BREAKDOWN,0,
162,09:12:45,103,INT-503,38,ARRIVAL,,2393.28
162,09:18:18,104,INT-504,11.079,REPAIRED,0,
162,09:19:57,106,INT-506,0,DEPARTURE,,
162,09:37:41,105,INT-505,18.367,BREAKDOWN,0,
162,09:42:57,104,INT-504,20.075,CHECKPOINT,,4819.8
162,09:54:52,106,INT-506,10,BREAKDOWN,0,
162,10:24:47,106,INT-506,10,REPAIRED,0,
162,10:31:25,105,INT-505,18.367,REPAIRED,0,
162,10:33:05,104,INT-504,38,ARRIVAL,,4819.8
162,10:36:25,105,INT-505,20.075,CHECKPOINT,,3207.66
162,10:52:45,106,INT-506,20.075,CHECKPOINT,,980.58
162,11:26:33,105,INT-505,38,ARRIVAL,,3207.66
162,11:42:53,106,INT-506,38,ARRIVAL,,980.58
163,05:59:58,101,INT-501,0,DEPARTURE,,
163,06:39:51,102,INT-502,0,DEPARTURE,,
163,07:02:51,101,INT-501,20.075,CHECKPOINT,,
163,07:19:44,103,INT-503,0,DEPARTURE,,
163,07:42:44,102,INT-502,20.075,CHECKPOINT,,2393.28
163,07:52:59,101,INT-501,38,ARRIVAL,,
163,07:59:54,104,INT-504,0,DEPARTURE,,
163,08:22:37,103,INT-503,20.075,CHECKPOINT,,2393.28
163,08:32:52,102,INT-502,38,ARRIVAL,,2393.28
163,08:39:48,105,INT-505,0,DEPARTURE,,
163,09:00:51,103,INT-503,34.569,BREAKDOWN,0,
163,09:02:47,104,INT-504,20.075,CHECKPOINT,,2409.9
163,09:19:57,106,INT-506,0,DEPARTURE,,
163,09:42:40,105,INT-505,20.075,CHECKPOINT,,2393.28
163,09:52:55,104,INT-504,38,ARRIVAL,,4803.18
163,10:22:50,106,INT-506,20.075,CHECKPOINT,,2409.9
163,10:32:49,105,INT-505,38,ARRIVAL,,2393.28
163,10:37:48,103,INT-503,34.569,REPAIRED,0,
163,10:49:42,103,INT-503,38,ARRIVAL,,1013.82
163,11:12:58,106,INT-506,38,ARRIVAL,,1396.08
164,05:59:58,101,INT-501,0,DEPARTURE,,
164,06:32:56,101,INT-501,9.552,BREAKDOWN,0,
164,06:39:51,102,INT-502,0,DEPARTURE,,
164,07:00:38,101,INT-501,9.552,REPAIRED,0,
164,07:19:44,103,INT-503,0,DEPARTURE,,
164,07:30:33,101,INT-501,20.075,CHECKPOINT,,
164,07:42:44,102,INT-502,20.075,CHECKPOINT,,731.28
164,07:56:18,103,INT-503,10.632,BREAKDOWN,0,
164,07:59:54,104,INT-504,0,DEPARTURE,,
164,08:20:41,101,INT-501,38,ARRIVAL,,
164,08:28:43,103,INT-503,10.632,REPAIRED,0,
164,08:32:52,102,INT-502,38,ARRIVAL,,731.28
164,08:39:48,105,INT-505,0,DEPARTURE,,
164,08:51:26,105,INT-505,4.375,BREAKDOWN,0,
164,08:55:02,103,INT-503,20.075,CHECKPOINT,,4337.82
164,08:58:38,105,INT-505,4.375,REPAIRED,0,
164,09:02:47,104,INT-504,20.075,CHECKPOINT,,465.36
164,09:09:26,104,INT-504,22.553,BREAKDOWN,0,
164,09:19:57,106,INT-506,0,DEPARTURE,,
164,09:45:10,103,INT-503,38,ARRIVAL,,4337.82
164,09:49:52,105,INT-505,20.075,CHECKPOINT,,2825.4
164,09:52:22,105,INT-505,21.045,BREAKDOWN,0,
164,10:15:21,104,INT-504,22.553,REPAIRED,0,
164,10:22:50,106,INT-506,20.075,CHECKPOINT,,1977.78
164,10:54:25,105,INT-505,21.045,REPAIRED,0,
164,10:58:51,104,INT-504,38,ARRIVAL,,4420.92
164,11:12:58,106,INT-506,38,ARRIVAL,,847.62
164,11:42:04,105,INT-505,38,ARRIVAL,,1745.1
165,05:59:58,101,INT-501,0,DEPARTURE,,
165,06:39:51,102,INT-502,0,DEPARTURE,,
165,07:02:51,101,INT-501,20.075,CHECKPOINT,,
165,07:19:44,103,INT-503,0,DEPARTURE,,
165,07:42:44,102,INT-502,20.075,CHECKPOINT,,2393.28
165,07:52:59,101,INT-501,38,ARRIVAL,,
165,07:59:54,104,INT-504,0,DEPARTURE,,
165,08:22:37,103,INT-503,20.075,CHECKPOINT,,2393.28
165,08:32:52,102,INT-502,38,ARRIVAL,,2393.28
165,08:39:48,105,INT-505,0,DEPARTURE,,
165,08:58:54,104,INT-504,18.691,BREAKDOWN,0,
165,09:12:45,103,INT-503,38,ARRIVAL,,2393.28
165,09:19:57,106,INT-506,0,DEPARTURE,,
165,09:42:40,105,INT-505,20.075,CHECKPOINT,,4803.18
165,09:53:45,104,INT-504,18.691,REPAIRED,0,
165,09:55:08,104,INT-504,19.188,BREAKDOWN,0,
165,10:22:50,106,INT-506,20.075,CHECKPOINT,,2409.9
165,10:32:49,105,INT-505,38,ARRIVAL,,4803.18
165,10:51:22,104,INT-504,19.188,REPAIRED,0,
165,10:53:52,104,INT-504,20.075,CHECKPOINT,,1861.44
165,11:12:58,106,INT-506,38,ARRIVAL,,2409.9
165,11:44:00,104,INT-504,38,ARRIVAL,,1861.44
166,05:59:58,101,INT-501,0,DEPARTURE,,
166,06:03:34,101,INT-501,1.519,BREAKDOWN,0,
166,06:03:34,101,INT-501,1.519,REPAIRED,0,
166,06:39:51,102,INT-502,0,DEPARTURE,,
166,07:02:51,101,INT-501,20.075,CHECKPOINT,,
166,07:19:44,103,INT-503,0,DEPARTURE,,
166,07:42:44,102,INT-502,20.075,CHECKPOINT,,2393.28
166,07:52:59,101,INT-501,38,ARRIVAL,,
166,07:59:54,104,INT-504,0,DEPARTURE,,
166,08:22:37,103,INT-503,20.075,CHECKPOINT,,2393.28
166,08:25:07,104,INT-504,7.578,BREAKDOWN,0,
166,08:32:52,102,INT-502,38,ARRIVAL,,2393.28
166,08:39:48,105,INT-505,0,DEPARTURE,,
166,08:45:20,104,INT-504,7.578,REPAIRED,0,
166,09:12:45,103,INT-503,38,ARRIVAL,,2393.28
166,09:19:57,106,INT-506,0,DEPARTURE,,
166,09:23:00,104,INT-504,20.075,CHECKPOINT,,3623.16
166,09:23:50,104,INT-504,20.36,BREAKDOWN,0,
166,09:42:40,105,INT-505,20.075,CHECKPOINT,,1180.02
166,10:22:50,106,INT-506,20.075,CHECKPOINT,,2409.9
166,10:23:57,104,INT-504,20.36,REPAIRED,0,
166,10:32:49,105,INT-505,38,ARRIVAL,,4803.18
166,11:12:58,106,INT-506,38,ARRIVAL,,2409.9
166,11:13:15,104,INT-504,38,ARRIVAL,,16.62
167,05:59:58,101,INT-501,0,DEPARTURE,,
167,06:39:51,102,INT-502,0,DEPARTURE,,
167,07:02:51,101,INT-501,20.075,CHECKPOINT,,
167,07:19:44,103,INT-503,0,DEPARTURE,,
167,07:42:44,102,INT-502,20.075,CHECKPOINT,,2393.28
167,07:51:19,103,INT-503,9.051,BREAKDOWN,0,
167,07:52:59,101,INT-501,38,ARRIVAL,,
167,07:56:35,102,INT-502,25.702,BREAKDOWN,0,
167,07:59:54,104,INT-504,0,DEPARTURE,,
167,08:17:05,103,INT-503,9.051,REPAIRED,0,
167,08:24:50,104,INT-504,7.54,BREAKDOWN,0,
167,08:39:48,105,INT-505,0,DEPARTURE,,
167,08:44:47,104,INT-504,7.54,REPAIRED,0,
167,08:48:23,103,INT-503,20.075,CHECKPOINT,,3938.94
167,09:00:01,103,INT-503,24.624,BREAKDOWN,0,
167,09:10:16,102,INT-502,25.702,REPAIRED,0,
167,09:19:57,106,INT-506,0,DEPARTURE,,
167,09:22:44,104,INT-504,20.075,CHECKPOINT,,2060.88
167,09:42:40,105,INT-505,20.075,CHECKPOINT,,1196.64
167,09:46:33,102,INT-502,38,ARRIVAL,,6814.2
167,10:11:45,103,INT-503,24.624,REPAIRED,0,
167,10:12:52,104,INT-504,38,ARRIVAL,,1578.9
167,10:22:50,106,INT-506,20.075,CHECKPOINT,,2409.9
167,10:32:49,105,INT-505,38,ARRIVAL,,1196.64
167,10:33:22,103,INT-503,33.036,BREAKDOWN,0,
167,11:12:58,106,INT-506,38,ARRIVAL,,2409.9
167,12:03:23,103,INT-503,33.036,REPAIRED,0,
167,12:06:26,103,INT-503,33.912,BREAKDOWN,0,
167,13:40:20,103,INT-503,33.912,REPAIRED,0,
167,13:54:11,103,INT-503,38,ARRIVAL,,9672.84
168,05:59:58,101,INT-501,0,DEPARTURE,,
168,06:16:18,101,INT-501,5.36,BREAKDOWN,0,
168,06:25:27,101,INT-501,5.36,REPAIRED,0,
168,06:39:51,102,INT-502,0,DEPARTURE,,
168,07:11:59,101,INT-501,20.075,CHECKPOINT,,
168,07:19:44,103,INT-503,0,DEPARTURE,,
168,07:42:44,102,INT-502,20.075,CHECKPOINT,,1844.82
168,07:59:54,104,INT-504,0,DEPARTURE,,
168,08:02:07,101,INT-501,38,ARRIVAL,,
168,08:22:37,103,INT-503,20.075,CHECKPOINT,,2393.28
168,08:32:52,102,INT-502,38,ARRIVAL,,1844.82
168,08:39:48,105,INT-505,0,DEPARTURE,,
168,09:02:47,104,INT-504,20.075,CHECKPOINT,,2409.9
168,09:11:39,105,INT-505,9.148,BREAKDOWN,0,
168,09:12:45,103,INT-503,38,ARRIVAL,,2393.28
168,09:19:57,106,INT-506,0,DEPARTURE,,
168,09:37:41,105,INT-505,9.148,REPAIRED,0,
168,09:52:55,104,INT-504,38,ARRIVAL,,2409.9
168,10:08:43,105,INT-505,20.075,CHECKPOINT,,3955.56
168,10:22:50,106,INT-506,20.075,CHECKPOINT,,847.62
168,10:58:51,105,INT-505,38,ARRIVAL,,3955.56
168,11:12:58,106,INT-506,38,ARRIVAL,,847.62
169,05:59:58,101,INT-501,0,DEPARTURE,,
169,06:39:51,102,INT-502,0,DEPARTURE,,
169,07:02:51,101,INT-501,20.075,CHECKPOINT,,
169,07:19:44,103,INT-503,0,DEPARTURE,,
169,07:33:35,101,INT-501,32.372,BREAKDOWN,0,
169,07:42:44,102,INT-502,20.075,CHECKPOINT,,2393.28
169,07:49:06,103,INT-503,8.531,BREAKDOWN,0,
169,07:59:54,104,INT-504,0,DEPARTURE,,
169,08:12:55,103,INT-503,8.531,REPAIRED,0,
169,08:32:52,102,INT-502,38,ARRIVAL,,
169,08:39:48,105,INT-505,0,DEPARTURE,,
169,08:46:26,103,INT-503,20.075,CHECKPOINT,,3822.6
169,08:58:38,101,INT-501,32.372,REPAIRED,0,
169,09:02:47,104,INT-504,20.075,CHECKPOINT,,980.58
169,09:18:01,101,INT-501,38,ARRIVAL,,2709.06
169,09:19:57,106,INT-506,0,DEPARTURE,,
169,09:23:17,103,INT-503,33.945,BREAKDOWN,0,
169,09:35:45,104,INT-504,33.019,BREAKDOWN,0,
169,09:42:40,105,INT-505,20.075,CHECKPOINT,,2393.28
169,10:22:50,106,INT-506,20.075,CHECKPOINT,,2409.9
169,10:32:49,105,INT-505,38,ARRIVAL,,4487.4
169,10:57:11,103,INT-503,33.945,REPAIRED,0,
169,11:05:46,104,INT-504,33.019,REPAIRED,0,
169,11:10:29,103,INT-503,38,ARRIVAL,,2260.32
169,11:10:29,106,INT-506,37.492,BREAKDOWN,0,
169,11:22:57,104,INT-504,38,ARRIVAL,,747.9
169,12:57:41,106,INT-506,37.492,REPAIRED,0,
169,13:00:10,106,INT-506,38,ARRIVAL,,5833.62
170,05:59:58,101,INT-501,0,DEPARTURE,,
170,06:29:36,101,INT-501,8.556,BREAKDOWN,0,
170,06:39:51,102,INT-502,0,DEPARTURE,,
170,06:53:25,101,INT-501,8.556,REPAIRED,0,
170,07:19:44,103,INT-503,0,DEPARTURE,,
170,07:26:40,101,INT-501,20.075,CHECKPOINT,,
170,07:42:44,102,INT-502,20.075,CHECKPOINT,,963.96
170,07:59:54,104,INT-504,0,DEPARTURE,,
170,08:16:48,101,INT-501,38,ARRIVAL,,
170,08:22:37,103,INT-503,20.075,CHECKPOINT,,2393.28
170,08:32:52,102,INT-502,38,ARRIVAL,,963.96
170,08:39:48,105,INT-505,0,DEPARTURE,,
170,08:58:04,104,INT-504,18.497,BREAKDOWN,0,
170,09:12:45,103,INT-503,38,ARRIVAL,,2393.28
170,09:19:57,106,INT-506,0,DEPARTURE,,
170,09:32:42,105,INT-505,16.688,BREAKDOWN,0,
170,09:52:05,104,INT-504,18.497,REPAIRED,0,
170,09:56:48,104,INT-504,20.075,CHECKPOINT,,5650.8
170,10:11:12,106,INT-506,16.055,BREAKDOWN,0,
170,10:22:34,105,INT-505,16.688,REPAIRED,0,
170,10:32:32,105,INT-505,20.075,CHECKPOINT,,2143.98
170,10:35:01,104,INT-504,34.569,BREAKDOWN,0,
170,10:59:41,106,INT-506,16.055,REPAIRED,0,
170,11:04:56,105,INT-505,32.849,BREAKDOWN,0,
170,11:11:19,106,INT-506,20.075,CHECKPOINT,,2326.8
170,11:54:31,106,INT-506,35.823,BREAKDOWN,0,
170,12:11:58,104,INT-504,34.569,REPAIRED,0,
170,12:23:53,104,INT-504,38,ARRIVAL,,11467.8
170,12:34:41,105,INT-505,32.849,REPAIRED,0,
170,12:52:25,105,INT-505,38,ARRIVAL,,1711.86
170,13:35:04,106,INT-506,35.823,REPAIRED,0,
170,13:42:00,106,INT-506,38,ARRIVAL,,2974.98
171,05:59:58,101,INT-501,0,DEPARTURE,,
171,06:39:51,102,INT-502,0,DEPARTURE,,
171,07:02:51,101,INT-501,20.075,CHECKPOINT,,
171,07:19:44,103,INT-503,0,DEPARTURE,,
171,07:42:44,102,INT-502,20.075,CHECKPOINT,,2393.28
171,07:52:59,101,INT-501,38,ARRIVAL,,
171,07:59:54,104,INT-504,0,DEPARTURE,,
171,08:17:55,104,INT-504,5.718,BREAKDOWN,0,
171,08:22:37,103,INT-503,20.075,CHECKPOINT,,2393.28
171,08:28:26,104,INT-504,5.718,REPAIRED,0,
171,08:32:52,102,INT-502,38,ARRIVAL,,2393.28
171,08:39:48,105,INT-505,0,DEPARTURE,,
171,09:12:45,103,INT-503,38,ARRIVAL,,2393.28
171,09:13:19,104,INT-504,20.075,CHECKPOINT,,3041.46
171,09:19:57,106,INT-506,0,DEPARTURE,,
171,09:42:40,105,INT-505,20.075,CHECKPOINT,,1761.72
171,10:03:27,104,INT-504,38,ARRIVAL,,3041.46
171,10:22:50,106,INT-506,20.075,CHECKPOINT,,2409.9
171,10:32:49,105,INT-505,38,ARRIVAL,,1761.72
171,11:12:58,106,INT-506,38,ARRIVAL,,2409.9
172,05:59:58,101,INT-501,0,DEPARTURE,,
172,06:39:51,102,INT-502,0,DEPARTURE,,
172,07:02:51,101,INT-501,20.075,CHECKPOINT,,
172,07:19:44,103,INT-503,0,DEPARTURE,,
172,07:42:44,102,INT-502,20.075,CHECKPOINT,,2393.28
172,07:50:29,102,INT-502,22.865,BREAKDOWN,0,
172,07:52:59,101,INT-501,38,ARRIVAL,,
172,07:59:54,104,INT-504,0,DEPARTURE,,
172,08:22:37,103,INT-503,20.075,CHECKPOINT,,2393.28
172,08:39:48,105,INT-505,0,DEPARTURE,,
172,08:56:41,102,INT-502,22.865,REPAIRED,0,
172,09:02:47,104,INT-504,20.075,CHECKPOINT,,2409.9
172,09:12:45,103,INT-503,38,ARRIVAL,,4786.56
172,09:19:57,106,INT-506,0,DEPARTURE,,
172,09:24:40,102,INT-502,33.607,BREAKDOWN,0,
172,09:29:06,106,INT-506,3.668,BREAKDOWN,0,
172,09:34:22,106,INT-506,3.668,REPAIRED,0,
172,09:42:40,105,INT-505,20.075,CHECKPOINT,,2393.28
172,09:52:55,104,INT-504,38,ARRIVAL,,2409.9
172,10:28:06,106,INT-506,20.075,CHECKPOINT,,2725.68
172,10:32:49,105,INT-505,38,ARRIVAL,,2393.28
172,10:57:11,102,INT-502,33.607,REPAIRED,0,
172,11:11:35,102,INT-502,38,ARRIVAL,,2326.8
172,11:18:14,106,INT-506,38,ARRIVAL,,398.88
173,05:59:58,101,INT-501,0,DEPARTURE,,
173,06:39:51,102,INT-502,0,DEPARTURE,,
173,07:02:51,101,INT-501,20.075,CHECKPOINT,,
173,07:19:44,103,INT-503,0,DEPARTURE,,
173,07:42:44,102,INT-502,20.075,CHECKPOINT,,2393.28
173,07:52:59,101,INT-501,38,ARRIVAL,,
173,07:59:54,104,INT-504,0,DEPARTURE,,
173,08:22:37,103,INT-503,20.075,CHECKPOINT,,2393.28
173,08:31:46,102,INT-502,37.813,BREAKDOWN,0,
173,08:39:48,105,INT-505,0,DEPARTURE,,
173,08:43:57,104,INT-504,12.768,BREAKDOWN,0,
173,09:12:45,103,INT-503,38,ARRIVAL,,4786.56
173,09:19:57,106,INT-506,0,DEPARTURE,,
173,09:23:17,104,INT-504,12.768,REPAIRED,0,
173,09:30:29,105,INT-505,15.804,BREAKDOWN,0,
173,09:42:07,104,INT-504,20.075,CHECKPOINT,,4769.94
173,10:04:00,104,INT-504,29.548,BREAKDOWN,0,
173,10:18:24,105,INT-505,15.804,REPAIRED,0,
173,10:19:31,102,INT-502,37.813,REPAIRED,0,
173,10:20:37,102,INT-502,38,ARRIVAL,,4071.9
173,10:22:50,106,INT-506,20.075,CHECKPOINT,,2443.14
173,10:30:36,105,INT-505,20.075,CHECKPOINT,,465.36
173,11:12:58,106,INT-506,38,ARRIVAL,,3141.18
173,11:20:44,105,INT-505,38,ARRIVAL,,465.36
173,11:27:39,104,INT-504,29.548,REPAIRED,0,
173,11:55:55,104,INT-504,38,ARRIVAL,,2110.74
174,05:59:58,101,INT-501,0,DEPARTURE,,
174,06:39:51,102,INT-502,0,DEPARTURE,,
174,07:02:51,101,INT-501,20.075,CHECKPOINT,,
174,07:19:44,103,INT-503,0,DEPARTURE,,
174,07:31:22,103,INT-503,4.375,BREAKDOWN,0,
174,07:38:35,103,INT-503,4.375,REPAIRED,0,
174,07:42:44,102,INT-502,20.075,CHECKPOINT,,2393.28
174,07:52:59,101,INT-501,38,ARRIVAL,,
174,07:59:54,104,INT-504,0,DEPARTURE,,
174,08:29:49,103,INT-503,20.075,CHECKPOINT,,2825.4
174,08:32:52,102,INT-502,38,ARRIVAL,,2393.28
174,08:39:48,105,INT-505,0,DEPARTURE,,
174,09:02:47,104,INT-504,20.075,CHECKPOINT,,1977.78
174,09:19:57,106,INT-506,0,DEPARTURE,,
174,09:19:57,103,INT-503,38,ARRIVAL,,2825.4
174,09:42:40,105,INT-505,20.075,CHECKPOINT,,2393.28
174,09:52:55,104,INT-504,38,ARRIVAL,,1977.78
174,10:17:51,106,INT-506,18.367,BREAKDOWN,0,
174,10:32:49,105,INT-505,38,ARRIVAL,,2393.28
174,11:11:35,106,INT-506,18.367,REPAIRED,0,
174,11:16:34,106,INT-506,20.075,CHECKPOINT,,5634.18
174,12:06:43,106,INT-506,38,ARRIVAL,,5634.18
175,05:59:58,101,INT-501,0,DEPARTURE,,
175,06:39:51,102,INT-502,0,DEPARTURE,,
175,06:39:51,102,INT-502,0.14,BREAKDOWN,0,
175,06:39:51,102,INT-502,0.14,REPAIRED,0,
175,07:02:51,101,INT-501,20.075,CHECKPOINT,,
175,07:19:44,103,INT-503,0,DEPARTURE,,
175,07:42:44,102,INT-502,20.075,CHECKPOINT,,2393.28
175,07:52:59,101,INT-501,38,ARRIVAL,,
175,07:59:54,104,INT-504,0,DEPARTURE,,
175,08:22:37,103,INT-503,20.075,CHECKPOINT,,2393.28
175,08:32:52,102,INT-502,38,ARRIVAL,,2393.28
175,08:39:48,105,INT-505,0,DEPARTURE,,
175,08:47:16,103,INT-503,31.019,BREAKDOWN,0,
175,09:02:47,104,INT-504,20.075,CHECKPOINT,,2409.9
175,09:19:57,106,INT-506,0,DEPARTURE,,
175,09:42:40,105,INT-505,20.075,CHECKPOINT,,2393.28
175,09:50:59,106,INT-506,8.857,BREAKDOWN,0,
175,09:52:55,104,INT-504,38,ARRIVAL,,4803.18
175,10:12:35,103,INT-503,31.019,REPAIRED,0,
175,10:15:55,106,INT-506,8.857,REPAIRED,0,
175,10:18:08,105,INT-505,33.56,BREAKDOWN,0,
175,10:38:04,103,INT-503,38,ARRIVAL,,2709.06
175,10:47:46,106,INT-506,20.075,CHECKPOINT,,3905.7
175,11:37:54,106,INT-506,38,ARRIVAL,,3589.92
175,11:50:06,105,INT-505,33.56,REPAIRED,0,
175,12:04:46,105,INT-505,38,ARRIVAL,,1612.14
176,05:59:58,101,INT-501,0,DEPARTURE,,
176,06:39:51,102,INT-502,0,DEPARTURE,,
176,06:59:31,102,INT-502,6.126,BREAKDOWN,0,
176,07:02:51,101,INT-501,20.075,CHECKPOINT,,
176,07:13:06,102,INT-502,6.126,REPAIRED,0,
176,07:19:44,103,INT-503,0,DEPARTURE,,
176,07:21:41,102,INT-502,8.202,BREAKDOWN,0,
176,07:43:50,102,INT-502,8.202,REPAIRED,0,
176,07:52:59,101,INT-501,38,ARRIVAL,,
176,07:59:54,104,INT-504,0,DEPARTURE,,
176,08:02:57,104,INT-504,1.412,BREAKDOWN,0,
176,08:02:57,104,INT-504,1.412,REPAIRED,0,
176,08:18:28,102,INT-502,20.075,CHECKPOINT,,4537.26
176,08:20:08,104,INT-504,6.226,BREAKDOWN,0,
176,08:22:37,103,INT-503,20.075,CHECKPOINT,,249.3
176,08:34:32,104,INT-504,6.226,REPAIRED,0,
176,08:39:48,105,INT-505,0,DEPARTURE,,
176,09:08:36,102,INT-502,38,ARRIVAL,,4537.26
176,09:12:45,103,INT-503,38,ARRIVAL,,249.3
176,09:17:11,104,INT-504,20.075,CHECKPOINT,,3274.14
176,09:19:57,106,INT-506,0,DEPARTURE,,
176,09:42:40,105,INT-505,20.075,CHECKPOINT,,1529.04
176,09:54:35,105,INT-505,24.765,BREAKDOWN,0,
176,10:07:19,104,INT-504,38,ARRIVAL,,3274.14
176,10:22:50,106,INT-506,20.075,CHECKPOINT,,2409.9
176,11:06:36,105,INT-505,24.765,REPAIRED,0,
176,11:12:58,106,INT-506,38,ARRIVAL,,3938.94
176,11:44:50,105,INT-505,38,ARRIVAL,,1911.3
177,05:59:58,101,INT-501,0,DEPARTURE,,
177,06:39:51,102,INT-502,0,DEPARTURE,,
177,07:02:51,101,INT-501,20.075,CHECKPOINT,,
177,07:19:44,103,INT-503,0,DEPARTURE,,
177,07:42:44,102,INT-502,20.075,CHECKPOINT,,2393.28
177,07:52:59,101,INT-501,38,ARRIVAL,,
177,07:59:54,104,INT-504,0,DEPARTURE,,
177,08:22:37,103,INT-503,20.075,CHECKPOINT,,2393.28
177,08:32:52,102,INT-502,38,ARRIVAL,,2393.28
177,08:37:51,104,INT-504,10.942,BREAKDOWN,0,
177,08:39:48,105,INT-505,0,DEPARTURE,,
177,08:57:15,105,INT-505,5.645,BREAKDOWN,0,
177,09:07:30,105,INT-505,5.645,REPAIRED,0,
177,09:11:06,104,INT-504,10.942,REPAIRED,0,
177,09:12:45,103,INT-503,38,ARRIVAL,,2393.28
177,09:19:57,106,INT-506,0,DEPARTURE,,
177,09:36:01,104,INT-504,20.075,CHECKPOINT,,4404.3
177,09:52:55,105,INT-505,20.075,CHECKPOINT,,1013.82
177,10:11:12,105,INT-505,27.734,BREAKDOWN,0,
177,10:22:50,106,INT-506,20.075,CHECKPOINT,,1794.96
177,10:26:10,104,INT-504,38,ARRIVAL,,4404.3
177,11:04:07,106,INT-506,34.933,BREAKDOWN,0,
177,11:29:19,105,INT-505,27.734,REPAIRED,0,
177,12:01:10,105,INT-505,38,ARRIVAL,,5700.66
177,12:42:10,106,INT-506,34.933,REPAIRED,0,
177,12:51:02,106,INT-506,38,ARRIVAL,,2991.6
178,05:59:58,101,INT-501,0,DEPARTURE,,
178,06:39:51,102,INT-502,0,DEPARTURE,,
178,06:44:34,102,INT-502,2.174,BREAKDOWN,0,
178,06:45:07,102,INT-502,2.174,REPAIRED,0,
178,07:02:51,101,INT-501,20.075,CHECKPOINT,,
178,07:19:44,103,INT-503,0,DEPARTURE,,
178,07:43:17,102,INT-502,20.075,CHECKPOINT,,2426.52
178,07:52:59,101,INT-501,38,ARRIVAL,,
178,07:59:54,104,INT-504,0,DEPARTURE,,
178,08:22:37,103,INT-503,20.075,CHECKPOINT,,2360.04
178,08:33:25,102,INT-502,38,ARRIVAL,,2426.52
178,08:39:48,105,INT-505,0,DEPARTURE,,
178,08:54:45,105,INT-505,5.091,BREAKDOWN,0,
178,09:02:47,104,INT-504,20.075,CHECKPOINT,,2409.9
178,09:03:04,105,INT-505,5.091,REPAIRED,0,
178,09:05:00,104,INT-504,20.909,BREAKDOWN,0,
178,09:12:45,103,INT-503,38,ARRIVAL,,2360.04
178,09:19:57,106,INT-506,0,DEPARTURE,,
178,09:50:59,105,INT-505,20.075,CHECKPOINT,,2891.88
178,10:06:30,104,INT-504,20.909,REPAIRED,0,
178,10:22:50,106,INT-506,20.075,CHECKPOINT,,1911.3
178,10:41:07,105,INT-505,38,ARRIVAL,,5301.78
178,10:54:25,104,INT-504,38,ARRIVAL,,797.76
178,11:12:58,106,INT-506,38,ARRIVAL,,1113.54
179,05:59:58,101,INT-501,0,DEPARTURE,,
179,06:39:51,102,INT-502,0,DEPARTURE,,
179,07:02:51,101,INT-501,20.075,CHECKPOINT,,
179,07:19:44,103,INT-503,0,DEPARTURE,,
179,07:42:44,102,INT-502,20.075,CHECKPOINT,,2393.28
179,07:52:59,101,INT-501,38,ARRIVAL,,
179,07:59:54,104,INT-504,0,DEPARTURE,,
179,08:03:30,104,INT-504,1.519,BREAKDOWN,0,
179,08:03:30,104,INT-504,1.519,REPAIRED,0,
179,08:22:37,103,INT-503,20.075,CHECKPOINT,,2393.28
179,08:32:52,102,INT-502,38,ARRIVAL,,2393.28
179,08:39:48,105,INT-505,0,DEPARTURE,,
179,08:39:48,104,INT-504,11.624,BREAKDOWN,0,
179,08:42:34,103,INT-503,27.874,BREAKDOWN,0,
179,09:15:48,104,INT-504,11.624,REPAIRED,0,
179,09:19:57,106,INT-506,0,DEPARTURE,,
179,09:38:48,104,INT-504,20.075,CHECKPOINT,,4570.5
179,09:42:40,105,INT-505,20.075,CHECKPOINT,,232.68
179,10:00:41,103,INT-503,27.874,REPAIRED,0,
179,10:21:10,103,INT-503,34.813,BREAKDOWN,0,
179,10:22:50,106,INT-506,20.075,CHECKPOINT,,2409.9
179,10:28:56,104,INT-504,38,ARRIVAL,,6963.78
179,10:32:49,105,INT-505,38,ARRIVAL,,232.68
179,11:12:58,106,INT-506,38,ARRIVAL,,2409.9
179,11:59:14,103,INT-503,34.813,REPAIRED,0,
179,12:08:56,103,INT-503,38,ARRIVAL,,3357.24
180,05:59:58,101,INT-501,0,DEPARTURE,,
180,06:39:51,102,INT-502,0,DEPARTURE,,
180,07:02:51,101,INT-501,20.075,CHECKPOINT,,
180,07:13:22,102,INT-502,9.672,BREAKDOWN,0,
180,07:19:44,103,INT-503,0,DEPARTURE,,
180,07:39:08,103,INT-503,6.084,BREAKDOWN,0,
180,07:42:11,102,INT-502,9.672,REPAIRED,0,
180,07:52:26,103,INT-503,6.084,REPAIRED,0,
180,07:52:59,101,INT-501,38,ARRIVAL,,
180,07:59:54,104,INT-504,0,DEPARTURE,,
180,08:11:32,102,INT-502,20.075,CHECKPOINT,,4121.76
180,08:16:31,103,INT-503,12.632,BREAKDOWN,0,
180,08:39:48,105,INT-505,0,DEPARTURE,,
180,08:55:35,103,INT-503,12.632,REPAIRED,0,
180,09:01:41,102,INT-502,38,ARRIVAL,,4121.76
180,09:02:47,104,INT-504,20.075,CHECKPOINT,,3074.7
180,09:14:58,103,INT-503,20.075,CHECKPOINT,,731.28
180,09:19:57,106,INT-506,0,DEPARTURE,,
180,09:42:40,105,INT-505,20.075,CHECKPOINT,,1662
180,09:52:55,104,INT-504,38,ARRIVAL,,3074.7
180,10:05:07,103,INT-503,38,ARRIVAL,,731.28
180,10:22:50,106,INT-506,20.075,CHECKPOINT,,2409.9
180,10:32:49,105,INT-505,38,ARRIVAL,,1662
180,11:12:58,106,INT-506,38,ARRIVAL,,2409.9
181,05:59:58,101,INT-501,0,DEPARTURE,,
181,06:39:51,102,INT-502,0,DEPARTURE,,
181,07:02:51,101,INT-501,20.075,CHECKPOINT,,
181,07:19:44,103,INT-503,0,DEPARTURE,,
181,07:35:48,103,INT-503,5.246,BREAKDOWN,0,
181,07:42:44,102,INT-502,20.075,CHECKPOINT,,2393.28
181,07:44:40,103,INT-503,5.246,REPAIRED,0,
181,07:48:49,101,INT-501,36.885,BREAKDOWN,0,
181,07:59:54,104,INT-504,0,DEPARTURE,,
181,08:31:29,103,INT-503,20.075,CHECKPOINT,,2925.12
181,08:32:52,102,INT-502,38,ARRIVAL,,
181,08:39:48,105,INT-505,0,DEPARTURE,,
181,08:57:48,105,INT-505,5.718,BREAKDOWN,0,
181,09:02:47,104,INT-504,20.075,CHECKPOINT,,1878.06
181,09:08:19,105,INT-505,5.718,REPAIRED,0,
181,09:19:57,106,INT-506,0,DEPARTURE,,
181,09:21:37,103,INT-503,38,ARRIVAL,,2925.12
181,09:34:38,101,INT-501,36.885,REPAIRED,0,
181,09:36:35,101,INT-501,37.621,BREAKDOWN,0,
181,09:52:55,104,INT-504,38,ARRIVAL,,1878.06
181,09:53:12,105,INT-505,20.075,CHECKPOINT,,3024.84
181,10:17:34,106,INT-506,18.251,BREAKDOWN,0,
181,10:43:20,105,INT-505,38,ARRIVAL,,3024.84
181,11:11:19,106,INT-506,18.251,REPAIRED,0,
181,11:16:34,106,INT-506,20.075,CHECKPOINT,,5002.62
181,11:23:47,101,INT-501,37.621,REPAIRED,0,
181,11:26:00,101,INT-501,38,ARRIVAL,,2559.48
181,12:06:43,106,INT-506,38,ARRIVAL,,2443.14
182,05:59:58,101,INT-501,0,DEPARTURE,,
182,06:39:51,102,INT-502,0,DEPARTURE,,
182,07:02:51,101,INT-501,20.075,CHECKPOINT,,
182,07:19:44,103,INT-503,0,DEPARTURE,,
182,07:42:44,102,INT-502,20.075,CHECKPOINT,,2393.28
182,07:52:59,101,INT-501,38,ARRIVAL,,
182,07:59:54,104,INT-504,0,DEPARTURE,,
182,08:22:37,103,INT-503,20.075,CHECKPOINT,,2393.28
182,08:28:26,103,INT-503,22.482,BREAKDOWN,0,
182,08:32:52,102,INT-502,38,ARRIVAL,,2393.28
182,08:39:48,105,INT-505,0,DEPARTURE,,
182,09:02:47,104,INT-504,20.075,CHECKPOINT,,2409.9
182,09:19:57,106,INT-506,0,DEPARTURE,,
182,09:34:05,103,INT-503,22.482,REPAIRED,0,
182,09:42:40,105,INT-505,20.075,CHECKPOINT,,2393.28
182,09:52:55,104,INT-504,38,ARRIVAL,,4803.18
182,09:56:31,106,INT-506,10.632,BREAKDOWN,0,
182,10:18:24,103,INT-503,38,ARRIVAL,,1529.04
182,10:28:56,106,INT-506,10.632,REPAIRED,0,
182,10:32:49,105,INT-505,38,ARRIVAL,,864.24
182,10:55:15,106,INT-506,20.075,CHECKPOINT,,4354.44
182,11:45:23,106,INT-506,38,ARRIVAL,,4354.44
183,05:59:58,101,INT-501,0,DEPARTURE,,
183,06:39:51,102,INT-502,0,DEPARTURE,,
183,07:02:51,101,INT-501,20.075,CHECKPOINT,,
183,07:10:19,101,INT-501,22.722,BREAKDOWN,0,
183,07:19:44,103,INT-503,0,DEPARTURE,,
183,07:37:28,103,INT-503,5.653,BREAKDOWN,0,
183,07:42:44,102,INT-502,20.075,CHECKPOINT,,2393.28
183,07:47:43,103,INT-503,5.653,REPAIRED,0,
183,07:59:54,104,INT-504,0,DEPARTURE,,
183,08:16:31,101,INT-501,22.722,REPAIRED,0,
183,08:32:52,103,INT-503,20.075,CHECKPOINT,,3008.22
183,08:32:52,102,INT-502,38,ARRIVAL,,
183,08:39:48,105,INT-505,0,DEPARTURE,,
183,08:54:45,104,INT-504,17.372,BREAKDOWN,0,
183,08:59:11,101,INT-501,38,ARRIVAL,,1578.9
183,09:19:57,106,INT-506,0,DEPARTURE,,
183,09:23:00,103,INT-503,38,ARRIVAL,,1429.32
183,09:42:40,105,INT-505,20.075,CHECKPOINT,,4188.24
183,09:46:16,104,INT-504,17.372,REPAIRED,0,
183,09:54:18,104,INT-504,20.075,CHECKPOINT,,698.04
183,10:22:50,106,INT-506,20.075,CHECKPOINT,,1711.86
183,10:32:49,105,INT-505,38,ARRIVAL,,4188.24
183,10:44:27,104,INT-504,38,ARRIVAL,,698.04
183,11:12:58,106,INT-506,38,ARRIVAL,,1711.86
184,05:59:58,101,INT-501,0,DEPARTURE,,
184,06:39:51,102,INT-502,0,DEPARTURE,,
184,07:02:51,101,INT-501,20.075,CHECKPOINT,,
184,07:09:13,102,INT-502,8.531,BREAKDOWN,0,
184,07:19:44,103,INT-503,0,DEPARTURE,,
184,07:33:02,102,INT-502,8.531,REPAIRED,0,
184,07:40:31,102,INT-502,10.71,BREAKDOWN,0,
184,07:52:59,101,INT-501,38,ARRIVAL,,
184,07:59:54,104,INT-504,0,DEPARTURE,,
184,08:13:12,102,INT-502,10.71,REPAIRED,0,
184,08:22:37,103,INT-503,20.075,CHECKPOINT,,4786.56
184,08:39:14,102,INT-502,20.075,CHECKPOINT,,997.2
184,08:39:48,105,INT-505,0,DEPARTURE,,
184,09:02:47,104,INT-504,20.075,CHECKPOINT,,1412.7
184,09:12:45,103,INT-503,38,ARRIVAL,,4786.56
184,09:17:11,104,INT-504,25.879,BREAKDOWN,0,
184,09:19:57,106,INT-506,0,DEPARTURE,,
184,09:23:17,105,INT-505,12.632,BREAKDOWN,0,
184,09:29:23,102,INT-502,38,ARRIVAL,,997.2
184,10:02:20,105,INT-505,12.632,REPAIRED,0,
184,10:07:03,105,INT-505,14.67,BREAKDOWN,0,
184,10:22:50,106,INT-506,20.075,CHECKPOINT,,4803.18
184,10:31:25,104,INT-504,25.879,REPAIRED,0,
184,10:52:29,105,INT-505,14.67,REPAIRED,0,
184,11:07:09,104,INT-504,38,ARRIVAL,,5866.86
184,11:07:09,105,INT-505,20.075,CHECKPOINT,,2659.2
184,11:12:58,106,INT-506,38,ARRIVAL,,349.02
184,11:57:18,105,INT-505,38,ARRIVAL,,2659.2
185,05:59:58,101,INT-501,0,DEPARTURE,,
185,06:39:51,102,INT-502,0,DEPARTURE,,
185,07:02:51,101,INT-501,20.075,CHECKPOINT,,
185,07:19:44,103,INT-503,0,DEPARTURE,,
185,07:42:44,102,INT-502,20.075,CHECKPOINT,,2393.28
185,07:52:59,101,INT-501,38,ARRIVAL,,
185,07:59:54,104,INT-504,0,DEPARTURE,,
185,08:05:27,103,INT-503,13.519,BREAKDOWN,0,
185,08:32:52,102,INT-502,38,ARRIVAL,,2393.28
185,08:39:48,105,INT-505,0,DEPARTURE,,
185,08:47:33,103,INT-503,13.519,REPAIRED,0,
185,09:02:47,104,INT-504,20.075,CHECKPOINT,,4803.18
185,09:04:43,103,INT-503,20.075,CHECKPOINT,,116.34
185,09:19:57,106,INT-506,0,DEPARTURE,,
185,09:42:40,105,INT-505,20.075,CHECKPOINT,,2276.94
185,09:52:55,104,INT-504,38,ARRIVAL,,4803.18
185,09:54:52,103,INT-503,38,ARRIVAL,,116.34
185,10:22:50,106,INT-506,20.075,CHECKPOINT,,2409.9
185,10:32:49,105,INT-505,38,ARRIVAL,,2276.94
185,11:12:58,106,INT-506,38,ARRIVAL,,2409.9
186,05:59:58,101,INT-501,0,DEPARTURE,,
186,06:39:51,102,INT-502,0,DEPARTURE,,
186,07:02:51,101,INT-501,20.075,CHECKPOINT,,
186,07:19:44,103,INT-503,0,DEPARTURE,,
186,07:42:44,102,INT-502,20.075,CHECKPOINT,,2393.28
186,07:52:59,101,INT-501,38,ARRIVAL,,
186,07:59:54,104,INT-504,0,DEPARTURE,,
186,08:22:37,103,INT-503,20.075,CHECKPOINT,,2393.28
186,08:32:52,102,INT-502,38,ARRIVAL,,2393.28
186,08:39:48,105,INT-505,0,DEPARTURE,,
186,09:02:47,104,INT-504,20.075,CHECKPOINT,,2409.9
186,09:12:45,103,INT-503,38,ARRIVAL,,2393.28
186,09:19:57,106,INT-506,0,DEPARTURE,,
186,09:42:40,105,INT-505,20.075,CHECKPOINT,,2393.28
186,09:52:55,104,INT-504,38,ARRIVAL,,2409.9
186,10:14:48,105,INT-505,32.793,BREAKDOWN,0,
186,10:22:50,106,INT-506,20.075,CHECKPOINT,,2409.9
186,11:12:58,106,INT-506,38,ARRIVAL,,4803.18
186,11:44:16,105,INT-505,32.793,REPAIRED,0,
186,12:02:17,105,INT-505,38,ARRIVAL,,2958.36
187,05:59:58,101,INT-501,0,DEPARTURE,,
187,06:39:51,102,INT-502,0,DEPARTURE,,
187,07:02:51,101,INT-501,20.075,CHECKPOINT,,
187,07:19:44,103,INT-503,0,DEPARTURE,,
187,07:22:14,103,INT-503,1.261,BREAKDOWN,0,
187,07:22:14,103,INT-503,1.261,REPAIRED,0,
187,07:42:44,102,INT-502,20.075,CHECKPOINT,,2393.28
187,07:52:59,101,INT-501,38,ARRIVAL,,
187,07:59:54,104,INT-504,0,DEPARTURE,,
187,08:22:37,103,INT-503,20.075,CHECKPOINT,,2393.28
187,08:32:52,102,INT-502,38,ARRIVAL,,2393.28
187,08:39:48,105,INT-505,0,DEPARTURE,,
187,09:02:47,104,INT-504,20.075,CHECKPOINT,,2409.9
187,09:04:43,104,INT-504,20.754,BREAKDOWN,0,
187,09:11:39,105,INT-505,9.148,BREAKDOWN,0,
187,09:12:45,103,INT-503,38,ARRIVAL,,2393.28
187,09:19:57,106,INT-506,0,DEPARTURE,,
187,09:37:41,105,INT-505,9.148,REPAIRED,0,
187,10:05:56,104,INT-504,20.754,REPAIRED,0,
187,10:08:43,105,INT-505,20.075,CHECKPOINT,,3955.56
187,10:22:50,106,INT-506,20.075,CHECKPOINT,,847.62
187,10:54:08,104,INT-504,38,ARRIVAL,,6082.92
187,10:58:51,105,INT-505,38,ARRIVAL,,282.54
187,11:12:58,106,INT-506,38,ARRIVAL,,847.62
188,05:59:58,101,INT-501,0,DEPARTURE,,
188,06:34:02,101,INT-501,9.826,BREAKDOWN,0,
188,06:39:51,102,INT-502,0,DEPARTURE,,
188,07:03:07,101,INT-501,9.826,REPAIRED,0,
188,07:19:44,103,INT-503,0,DEPARTURE,,
188,07:31:56,101,INT-501,20.075,CHECKPOINT,,
188,07:42:44,102,INT-502,20.075,CHECKPOINT,,648.18
188,07:43:50,103,INT-503,7.388,BREAKDOWN,0,
188,07:59:54,104,INT-504,0,DEPARTURE,,
188,08:03:14,103,INT-503,7.388,REPAIRED,0,
188,08:22:04,101,INT-501,38,ARRIVAL,,
188,08:32:52,102,INT-502,38,ARRIVAL,,648.18
188,08:39:48,105,INT-505,0,DEPARTURE,,
188,08:42:01,103,INT-503,20.075,CHECKPOINT,,3556.68
188,08:44:47,105,INT-505,2.404,BREAKDOWN,0,
188,08:46:10,105,INT-505,2.404,REPAIRED,0,
188,09:02:47,104,INT-504,20.075,CHECKPOINT,,1246.5
188,09:19:57,106,INT-506,0,DEPARTURE,,
188,09:32:09,103,INT-503,38,ARRIVAL,,3556.68
188,09:44:03,105,INT-505,20.075,CHECKPOINT,,2476.38
188,09:52:55,104,INT-504,38,ARRIVAL,,1246.5
188,10:22:50,106,INT-506,20.075,CHECKPOINT,,2326.8
188,10:34:12,105,INT-505,38,ARRIVAL,,2476.38
188,11:12:58,106,INT-506,38,ARRIVAL,,2326.8
189,05:59:58,101,INT-501,0,DEPARTURE,,
189,06:39:51,102,INT-502,0,DEPARTURE,,
189,07:02:51,101,INT-501,20.075,CHECKPOINT,,
189,07:19:44,103,INT-503,0,DEPARTURE,,
189,07:23:20,102,INT-502,12.632,BREAKDOWN,0,
189,07:25:33,103,INT-503,2.605,BREAKDOWN,0,
189,07:28:03,103,INT-503,2.605,REPAIRED,0,
189,07:52:59,101,INT-501,38,ARRIVAL,,
189,07:59:54,104,INT-504,0,DEPARTURE,,
189,08:02:24,102,INT-502,12.632,REPAIRED,0,
189,08:21:47,102,INT-502,20.075,CHECKPOINT,,4736.7
189,08:23:44,104,INT-504,7.232,BREAKDOWN,0,
189,08:25:07,103,INT-503,20.075,CHECKPOINT,,199.44
189,08:39:48,105,INT-505,0,DEPARTURE,,
189,08:40:37,105,INT-505,0.526,BREAKDOWN,0,
189,08:40:37,105,INT-505,0.526,REPAIRED,0,
189,08:42:34,104,INT-504,7.232,REPAIRED,0,
189,08:54:12,104,INT-504,10.118,BREAKDOWN,0,
189,09:11:55,102,INT-502,38,ARRIVAL,,4736.7
189,09:15:15,103,INT-503,38,ARRIVAL,,199.44
189,09:19:57,106,INT-506,0,DEPARTURE,,
189,09:24:23,104,INT-504,10.118,REPAIRED,0,
189,09:42:40,105,INT-505,20.075,CHECKPOINT,,4653.6
189,09:51:49,104,INT-504,20.075,CHECKPOINT,,548.46
189,10:22:50,106,INT-506,20.075,CHECKPOINT,,1861.44
189,10:28:56,105,INT-505,37.025,BREAKDOWN,0,
189,10:41:57,104,INT-504,38,ARRIVAL,,5202.06
189,11:12:58,106,INT-506,38,ARRIVAL,,1861.44
189,12:15:01,105,INT-505,37.025,REPAIRED,0,
189,12:18:54,105,INT-505,38,ARRIVAL,,3955.56
190,05:59:58,101,INT-501,0,DEPARTURE,,
190,06:11:03,101,INT-501,4.306,BREAKDOWN,0,
190,06:17:58,101,INT-501,4.306,REPAIRED,0,
190,06:39:51,102,INT-502,0,DEPARTURE,,
190,07:09:46,101,INT-501,20.075,CHECKPOINT,,
190,07:19:44,103,INT-503,0,DEPARTURE,,
190,07:42:44,102,INT-502,20.075,CHECKPOINT,,1977.78
190,07:59:54,104,INT-504,0,DEPARTURE,,
190,07:59:54,101,INT-501,38,ARRIVAL,,
190,08:22:37,103,INT-503,20.075,CHECKPOINT,,2393.28
190,08:25:07,103,INT-503,21.045,BREAKDOWN,0,
190,08:32:52,102,INT-502,38,ARRIVAL,,1977.78
190,08:39:48,105,INT-505,0,DEPARTURE,,
190,09:02:47,104,INT-504,20.075,CHECKPOINT,,2409.9
190,09:12:12,104,INT-504,23.739,BREAKDOWN,0,
190,09:19:57,106,INT-506,0,DEPARTURE,,
190,09:27:10,103,INT-503,21.045,REPAIRED,0,
190,09:42:40,105,INT-505,20.075,CHECKPOINT,,2393.28
190,10:12:02,105,INT-505,32.044,BREAKDOWN,0,
190,10:14:48,103,INT-503,38,ARRIVAL,,6116.16
190,10:20:04,104,INT-504,23.739,REPAIRED,0,
190,10:22:50,106,INT-506,20.075,CHECKPOINT,,2409.9
190,11:00:47,104,INT-504,38,ARRIVAL,,2758.92
190,11:12:58,106,INT-506,38,ARRIVAL,,731.28
190,11:37:04,105,INT-505,32.044,REPAIRED,0,
190,11:57:51,105,INT-505,38,ARRIVAL,,2692.44
191,05:59:58,101,INT-501,0,DEPARTURE,,
191,06:17:58,101,INT-501,5.718,BREAKDOWN,0,
191,06:28:30,101,INT-501,5.718,REPAIRED,0,
191,06:39:51,102,INT-502,0,DEPARTURE,,
191,06:47:20,102,INT-502,3.176,BREAKDOWN,0,
191,06:51:46,102,INT-502,3.176,REPAIRED,0,
191,07:13:22,101,INT-501,20.075,CHECKPOINT,,
191,07:19:44,103,INT-503,0,DEPARTURE,,
191,07:31:56,101,INT-501,27.803,BREAKDOWN,0,
191,07:47:10,102,INT-502,20.075,CHECKPOINT,,2027.64
191,07:59:54,104,INT-504,0,DEPARTURE,,
191,08:22:37,103,INT-503,20.075,CHECKPOINT,,2127.36
191,08:37:18,102,INT-502,38,ARRIVAL,,
191,08:39:48,105,INT-505,0,DEPARTURE,,
191,08:50:03,101,INT-501,27.803,REPAIRED,0,
191,08:58:21,105,INT-505,5.865,BREAKDOWN,0,
191,09:02:47,104,INT-504,20.075,CHECKPOINT,,2409.9
191,09:10:32,105,INT-505,5.865,REPAIRED,0,
191,09:12:45,103,INT-503,38,ARRIVAL,,2127.36
191,09:16:21,101,INT-501,36.523,BREAKDOWN,0,
191,09:19:57,106,INT-506,0,DEPARTURE,,
191,09:52:55,104,INT-504,38,ARRIVAL,,2409.9
191,09:54:52,105,INT-505,20.075,CHECKPOINT,,3124.56
191,10:22:50,106,INT-506,20.075,CHECKPOINT,,1678.62
191,10:45:00,105,INT-505,38,ARRIVAL,,3124.56
191,11:01:20,101,INT-501,36.523,REPAIRED,0,
191,11:06:36,101,INT-501,38,ARRIVAL,,1296.36
191,11:12:58,106,INT-506,38,ARRIVAL,,382.26
192,05:59:58,101,INT-501,0,DEPARTURE,,
192,06:09:23,101,INT-501,3.739,BREAKDOWN,0,
192,06:14:39,101,INT-501,3.739,REPAIRED,0,
192,06:39:51,102,INT-502,0,DEPARTURE,,
192,07:05:20,101,INT-501,19.082,BREAKDOWN,0,
192,07:19:44,103,INT-503,0,DEPARTURE,,
192,07:42:44,102,INT-502,20.075,CHECKPOINT,,
192,07:59:54,104,INT-504,0,DEPARTURE,,
192,08:01:17,101,INT-501,19.082,REPAIRED,0,
192,08:04:04,101,INT-501,20.075,CHECKPOINT,,1279.74
192,08:22:37,103,INT-503,20.075,CHECKPOINT,,1113.54
192,08:32:52,102,INT-502,38,ARRIVAL,,
192,08:39:48,105,INT-505,0,DEPARTURE,,
192,08:54:12,101,INT-501,38,ARRIVAL,,1279.74
192,09:02:47,104,INT-504,20.075,CHECKPOINT,,2409.9
192,09:12:45,103,INT-503,38,ARRIVAL,,1113.54
192,09:19:57,106,INT-506,0,DEPARTURE,,
192,09:42:40,105,INT-505,20.075,CHECKPOINT,,2393.28
192,09:52:55,104,INT-504,38,ARRIVAL,,2409.9
192,09:52:55,105,INT-505,24.181,BREAKDOWN,0,
192,10:22:50,106,INT-506,20.075,CHECKPOINT,,2409.9
192,10:28:39,106,INT-506,22.482,BREAKDOWN,0,
192,11:03:50,105,INT-505,24.181,REPAIRED,0,
192,11:34:18,106,INT-506,22.482,REPAIRED,0,
192,11:43:43,105,INT-505,38,ARRIVAL,,6648
192,12:18:37,106,INT-506,38,ARRIVAL,,2094.12
193,05:59:58,101,INT-501,0,DEPARTURE,,
193,06:39:51,102,INT-502,0,DEPARTURE,,
193,07:02:51,101,INT-501,20.075,CHECKPOINT,,
193,07:19:44,103,INT-503,0,DEPARTURE,,
193,07:42:44,102,INT-502,20.075,CHECKPOINT,,2393.28
193,07:52:59,101,INT-501,38,ARRIVAL,,
193,07:59:54,104,INT-504,0,DEPARTURE,,
193,08:22:37,103,INT-503,20.075,CHECKPOINT,,2393.28
193,08:25:40,102,INT-502,35.746,BREAKDOWN,0,
193,08:39:48,105,INT-505,0,DEPARTURE,,
193,08:42:50,105,INT-505,1.412,BREAKDOWN,0,
193,08:42:50,105,INT-505,1.412,REPAIRED,0,
193,09:02:47,104,INT-504,20.075,CHECKPOINT,,2409.9
193,09:12:45,103,INT-503,38,ARRIVAL,,4786.56
193,09:19:57,106,INT-506,0,DEPARTURE,,
193,09:42:40,105,INT-505,20.075,CHECKPOINT,,2393.28
193,09:52:55,104,INT-504,38,ARRIVAL,,2409.9
193,10:06:13,102,INT-502,35.746,REPAIRED,0,
193,10:13:25,102,INT-502,38,ARRIVAL,,1229.88
193,10:22:50,106,INT-506,20.075,CHECKPOINT,,2409.9
193,10:32:49,105,INT-505,38,ARRIVAL,,1163.4
193,11:12:58,106,INT-506,38,ARRIVAL,,2409.9
194,05:59:58,101,INT-501,0,DEPARTURE,,
194,06:30:43,101,INT-501,8.761,BREAKDOWN,0,
194,06:39:51,102,INT-502,0,DEPARTURE,,
194,06:55:05,101,INT-501,8.761,REPAIRED,0,
194,07:14:45,102,INT-502,10,BREAKDOWN,0,
194,07:19:44,103,INT-503,0,DEPARTURE,,
194,07:27:13,101,INT-501,20.075,CHECKPOINT,,
194,07:44:40,102,INT-502,10,REPAIRED,0,
194,07:48:33,103,INT-503,8.414,BREAKDOWN,0,
194,07:49:06,102,INT-502,11.482,BREAKDOWN,0,
194,07:59:54,104,INT-504,0,DEPARTURE,,
194,08:11:49,103,INT-503,8.414,REPAIRED,0,
194,08:17:21,101,INT-501,38,ARRIVAL,,
194,08:24:33,102,INT-502,11.482,REPAIRED,0,
194,08:39:48,105,INT-505,0,DEPARTURE,,
194,08:45:53,103,INT-503,20.075,CHECKPOINT,,4720.08
194,08:48:06,102,INT-502,20.075,CHECKPOINT,,132.96
194,09:00:34,105,INT-505,6.394,BREAKDOWN,0,
194,09:02:47,104,INT-504,20.075,CHECKPOINT,,880.86
194,09:15:32,105,INT-505,6.394,REPAIRED,0,
194,09:19:57,106,INT-506,0,DEPARTURE,,
194,09:36:01,103,INT-503,38,ARRIVAL,,4720.08
194,09:38:14,102,INT-502,38,ARRIVAL,,132.96
194,09:52:55,104,INT-504,38,ARRIVAL,,880.86
194,09:57:38,105,INT-505,20.075,CHECKPOINT,,3290.76
194,10:22:50,106,INT-506,20.075,CHECKPOINT,,1512.42
194,10:47:46,105,INT-505,38,ARRIVAL,,3290.76
194,11:12:58,106,INT-506,38,ARRIVAL,,1512.42
195,05:59:58,101,INT-501,0,DEPARTURE,,
195,06:19:54,101,INT-501,6.194,BREAKDOWN,0,
195,06:34:02,101,INT-501,6.194,REPAIRED,0,
195,06:39:51,102,INT-502,0,DEPARTURE,,
195,07:16:58,101,INT-501,20.075,CHECKPOINT,,
195,07:19:44,103,INT-503,0,DEPARTURE,,
195,07:42:44,102,INT-502,20.075,CHECKPOINT,,1545.66
195,07:59:54,104,INT-504,0,DEPARTURE,,
195,08:07:06,101,INT-501,38,ARRIVAL,,
195,08:22:37,103,INT-503,20.075,CHECKPOINT,,2393.28
195,08:32:52,102,INT-502,38,ARRIVAL,,1545.66
195,08:39:48,105,INT-505,0,DEPARTURE,,
195,09:02:47,104,INT-504,20.075,CHECKPOINT,,2409.9
195,09:10:32,105,INT-505,8.761,BREAKDOWN,0,
195,09:12:45,103,INT-503,38,ARRIVAL,,2393.28
195,09:19:57,106,INT-506,0,DEPARTURE,,
195,09:34:55,105,INT-505,8.761,REPAIRED,0,
195,09:52:55,104,INT-504,38,ARRIVAL,,2409.9
195,10:07:03,105,INT-505,20.075,CHECKPOINT,,3855.84
195,10:22:50,106,INT-506,20.075,CHECKPOINT,,947.34
195,10:57:11,105,INT-505,38,ARRIVAL,,3855.84
195,10:57:11,106,INT-506,33.194,BREAKDOWN,0,
195,12:27:13,106,INT-506,33.194,REPAIRED,0,
195,12:43:00,106,INT-506,38,ARRIVAL,,6348.84
196,05:59:58,101,INT-501,0,DEPARTURE,,
196,06:39:51,102,INT-502,0,DEPARTURE,,
196,07:02:51,101,INT-501,20.075,CHECKPOINT,,
196,07:19:44,103,INT-503,0,DEPARTURE,,
196,07:42:44,102,INT-502,20.075,CHECKPOINT,,2393.28
196,07:52:59,101,INT-501,38,ARRIVAL,,
196,07:59:54,104,INT-504,0,DEPARTURE,,
196,08:22:37,103,INT-503,20.075,CHECKPOINT,,2393.28
196,08:32:52,102,INT-502,38,ARRIVAL,,2393.28
196,08:39:48,105,INT-505,0,DEPARTURE,,
196,09:02:47,104,INT-504,20.075,CHECKPOINT,,2409.9
196,09:12:45,103,INT-503,38,ARRIVAL,,2393.28
196,09:19:57,106,INT-506,0,DEPARTURE,,
196,09:42:40,105,INT-505,20.075,CHECKPOINT,,2393.28
196,09:52:55,104,INT-504,38,ARRIVAL,,2409.9
196,10:22:50,106,INT-506,20.075,CHECKPOINT,,2409.9
196,10:32:49,105,INT-505,38,ARRIVAL,,2393.28
196,11:12:58,106,INT-506,38,ARRIVAL,,2409.9
197,05:59:58,101,INT-501,0,DEPARTURE,,
197,06:39:51,102,INT-502,0,DEPARTURE,,
197,07:02:51,101,INT-501,20.075,CHECKPOINT,,
197,07:19:44,103,INT-503,0,DEPARTURE,,
197,07:42:44,102,INT-502,20.075,CHECKPOINT,,2393.28
197,07:52:59,101,INT-501,38,ARRIVAL,,
197,07:59:54,104,INT-504,0,DEPARTURE,,
197,08:22:37,103,INT-503,20.075,CHECKPOINT,,2393.28
197,08:32:52,102,INT-502,38,ARRIVAL,,2393.28
197,08:39:48,105,INT-505,0,DEPARTURE,,
197,09:02:47,104,INT-504,20.075,CHECKPOINT,,2409.9
197,09:12:45,103,INT-503,38,ARRIVAL,,2393.28
197,09:19:57,106,INT-506,0,DEPARTURE,,
197,09:42:40,105,INT-505,20.075,CHECKPOINT,,2393.28
197,09:45:10,106,INT-506,7.578,BREAKDOWN,0,
197,09:52:55,104,INT-504,38,ARRIVAL,,2409.9
197,10:05:23,106,INT-506,7.578,REPAIRED,0,
197,10:32:49,105,INT-505,38,ARRIVAL,,2393.28
197,10:43:03,106,INT-506,20.075,CHECKPOINT,,3623.16
197,10:59:07,106,INT-506,26.759,BREAKDOWN,0,
197,12:15:18,106,INT-506,26.759,REPAIRED,0,
197,12:49:22,106,INT-506,38,ARRIVAL,,8193.66
198,05:59:58,101,INT-501,0,DEPARTURE,,
198,06:39:51,102,INT-502,0,DEPARTURE,,
198,07:02:51,101,INT-501,20.075,CHECKPOINT,,
198,07:19:44,103,INT-503,0,DEPARTURE,,
198,07:42:44,102,INT-502,20.075,CHECKPOINT,,2393.28
198,07:52:59,101,INT-501,38,ARRIVAL,,
198,07:59:54,104,INT-504,0,DEPARTURE,,
198,08:15:42,103,INT-503,17.702,BREAKDOWN,0,
198,08:32:52,102,INT-502,38,ARRIVAL,,2393.28
198,08:39:48,105,INT-505,0,DEPARTURE,,
198,09:02:47,104,INT-504,20.075,CHECKPOINT,,4803.18
198,09:08:03,103,INT-503,17.702,REPAIRED,0,
198,09:14:58,103,INT-503,20.075,CHECKPOINT,,731.28
198,09:19:57,106,INT-506,0,DEPARTURE,,
198,09:22:27,104,INT-504,27.857,BREAKDOWN,0,
198,09:42:40,105,INT-505,20.075,CHECKPOINT,,1662
198,10:05:07,103,INT-503,38,ARRIVAL,,5534.46
198,10:22:50,106,INT-506,20.075,CHECKPOINT,,2409.9
198,10:32:49,105,INT-505,38,ARRIVAL,,1662
198,10:40:34,104,INT-504,27.857,REPAIRED,0,
198,11:11:02,104,INT-504,38,ARRIVAL,,2293.56
198,11:12:58,106,INT-506,38,ARRIVAL,,116.34
199,05:59:58,101,INT-501,0,DEPARTURE,,
199,06:39:51,102,INT-502,0,DEPARTURE,,
199,07:02:51,101,INT-501,20.075,CHECKPOINT,,
199,07:19:44,103,INT-503,0,DEPARTURE,,
199,07:42:44,102,INT-502,20.075,CHECKPOINT,,2393.28
199,07:52:59,101,INT-501,38,ARRIVAL,,
199,07:59:54,104,INT-504,0,DEPARTURE,,
199,08:22:37,103,INT-503,20.075,CHECKPOINT,,2393.28
199,08:32:52,102,INT-502,38,ARRIVAL,,2393.28
199,08:39:48,105,INT-505,0,DEPARTURE,,
199,08:59:44,105,INT-505,6.194,BREAKDOWN,0,
199,09:02:47,104,INT-504,20.075,CHECKPOINT,,2409.9
199,09:12:45,103,INT-503,38,ARRIVAL,,2393.28
199,09:13:35,104,INT-504,24.334,BREAKDOWN,0,
199,09:13:52,105,INT-505,6.194,REPAIRED,0,
199,09:19:57,106,INT-506,0,DEPARTURE,,
199,09:56:48,105,INT-505,20.075,CHECKPOINT,,3240.9
199,10:22:50,106,INT-506,20.075,CHECKPOINT,,1562.28
199,10:24:47,104,INT-504,24.334,REPAIRED,0,
199,10:39:44,104,INT-504,31.167,BREAKDOWN,0,
199,10:46:56,105,INT-505,38,ARRIVAL,,5650.8
199,11:12:58,106,INT-506,38,ARRIVAL,,1562.28
199,12:04:46,104,INT-504,31.167,REPAIRED,0,
199,12:29:09,104,INT-504,38,ARRIVAL,,4570.5
200,05:59:58,101,INT-501,0,DEPARTURE,,
200,06:39:51,102,INT-502,0,DEPARTURE,,
200,07:02:51,101,INT-501,20.075,CHECKPOINT,,
200,07:19:44,103,INT-503,0,DEPARTURE,,
200,07:42:44,102,INT-502,20.075,CHECKPOINT,,2393.28
200,07:51:52,102,INT-502,23.598,BREAKDOWN,0,
200,07:52:59,101,INT-501,38,ARRIVAL,,
200,07:59:54,104,INT-504,0,DEPARTURE,,
200,08:22:37,103,INT-503,20.075,CHECKPOINT,,2393.28
200,08:39:48,105,INT-505,0,DEPARTURE,,
200,08:59:28,102,INT-502,23.598,REPAIRED,0,
200,09:02:47,104,INT-504,20.075,CHECKPOINT,,2409.9
200,09:12:45,103,INT-503,38,ARRIVAL,,4786.56
200,09:19:57,106,INT-506,0,DEPARTURE,,
200,09:40:27,102,INT-502,38,ARRIVAL,,1662
200,09:42:40,105,INT-505,20.075,CHECKPOINT,,2393.28
200,09:52:55,104,INT-504,38,ARRIVAL,,747.9
200,10:13:09,106,INT-506,16.818,BREAKDOWN,0,
200,10:32:49,105,INT-505,38,ARRIVAL,,2393.28
200,11:03:17,106,INT-506,16.818,REPAIRED,0,
200,11:12:58,106,INT-506,20.075,CHECKPOINT,,5418.12
200,12:03:07,106,INT-506,38,ARRIVAL,,5418.12
